num__capital_prestado,num__plazo_meses,num__edad_cliente,num__salario_cliente,num__total_otros_prestamos,num__cuota_pactada,num__cant_creditosvigentes,num__creditos_sectorFinanciero,num__creditos_sectorCooperativo,num__creditos_sectorReal,num__promedio_ingresos_datacredito,cat__tipo_laboral_Empleado,cat__tipo_laboral_Independiente
3896520.0,10.0,36.0,5000000.0,3000000.0,359600.0,9.0,2.0,0.0,1.0,908526.0,1.0,0.0
672000.0,6.0,31.0,3000000.0,1200000.0,99901.0,1.0,0.0,0.0,1.0,1210000.0,0.0,1.0
3450000.0,6.0,44.0,4000000.0,2000000.0,516685.0,9.0,5.0,0.0,3.0,1080000.0,0.0,1.0
1183887.5999999999,10.0,66.0,3000000.0,1800000.0,100570.0,6.0,3.0,2.0,0.0,1200000.0,0.0,1.0
2414822.4,9.0,65.0,0.0,0.0,225200.0,5.0,3.0,0.0,0.0,905161.0,0.0,1.0
2320164.0,24.0,40.0,1900000.0,1000000.0,101973.0,4.0,2.0,1.0,1.0,1972108.0,1.0,0.0
2068800.0,6.0,60.0,15000000.0,3700000.0,307553.0,7.0,2.0,0.0,3.0,1211368.0,1.0,0.0
2233080.0,10.0,42.0,4800000.0,2000000.0,206421.0,2.0,1.0,0.0,0.0,4237572.0,0.0,1.0
2306094.0,9.0,54.0,9500000.0,4500000.0,215575.0,6.0,4.0,0.0,0.0,925157.0,0.0,1.0
3201120.0,6.0,27.0,3000000.0,1500000.0,474803.0,4.0,1.0,0.0,1.0,1464285.0,1.0,0.0
2368477.1999999997,4.0,56.0,5000000.0,2000000.0,475840.0,7.0,6.0,0.0,0.0,1210000.0,0.0,1.0
8640000.0,36.0,68.0,15000000.0,5000000.0,279360.0,3.0,1.0,1.0,1.0,1210000.0,0.0,1.0
3412038.0,10.0,48.0,3500000.0,1790000.0,290457.0,12.0,6.0,3.0,1.0,7427469.0,0.0,1.0
2841260.4,11.0,55.0,3100000.0,1500000.0,221310.0,3.0,1.0,1.0,0.0,1210000.0,1.0,0.0
3915000.0,12.0,24.0,4000000.0,2000000.0,306174.0,9.0,2.0,1.0,1.0,1210000.0,0.0,1.0
1872000.0,24.0,31.0,3600000.0,450000.0,83416.0,3.0,1.0,0.0,1.0,810465.0,0.0,1.0
3609600.0,6.0,43.0,2000000.0,3000000.0,536976.0,3.0,0.0,0.0,1.0,978210.0,0.0,1.0
1487880.0,12.0,29.0,2500000.0,500000.0,103325.0,2.0,2.0,0.0,0.0,890463.0,1.0,0.0
1495200.0,6.0,50.0,3400000.0,1000000.0,222280.0,3.0,1.0,0.0,0.0,1210000.0,1.0,0.0
1419600.0,6.0,39.0,2630000.0,560000.0,216225.0,2.0,1.0,0.0,0.0,1210000.0,0.0,1.0
1488254.4,10.0,62.0,3698015.0,1365944.0,126426.0,6.0,3.0,0.0,2.0,931394.0,0.0,1.0
1613880.0,6.0,43.0,7000000.0,3500000.0,240520.0,17.0,16.0,0.0,0.0,1210000.0,0.0,1.0
4425840.0,24.0,25.0,3000000.0,0.0,153675.0,9.0,4.0,0.0,3.0,1798390.0,1.0,0.0
776629.2,6.0,58.0,1600000.0,600000.0,115455.0,6.0,4.0,0.0,2.0,1210000.0,0.0,1.0
1857360.0,12.0,39.0,1800000.0,450000.0,145922.0,4.0,2.0,0.0,1.0,2007099.0,1.0,0.0
3056040.0,6.0,38.0,6008000.0,943000.0,469291.0,5.0,2.0,0.0,1.0,7004624.0,1.0,0.0
1542840.0,6.0,62.0,8000000.0,0.0,228757.0,13.0,4.0,0.0,8.0,9331407.0,1.0,0.0
903600.0,6.0,59.0,3000000.0,1500000.0,135327.0,4.0,2.0,0.0,1.0,1210000.0,0.0,1.0
735800.4,12.0,38.0,2000000.0,600000.0,57760.0,5.0,4.0,0.0,0.0,1210000.0,0.0,1.0
4585858.8,12.0,34.0,5500000.0,3000000.0,359837.0,7.0,1.0,0.0,4.0,4994330.0,1.0,0.0
2160000.0,10.0,20.0,2000000.0,200000.0,204393.0,2.0,0.0,0.0,2.0,1054420.0,1.0,0.0
462913.2,6.0,37.0,2500000.0,500000.0,69754.0,15.0,3.0,0.0,9.0,1210000.0,1.0,0.0
1154160.0,6.0,27.0,1780000.0,480000.0,174321.0,9.0,3.0,0.0,4.0,1337560.0,1.0,0.0
4667760.0,6.0,37.0,1790000.0,191000.0,705007.0,2.0,2.0,0.0,0.0,1210000.0,0.0,1.0
4445641.2,12.0,33.0,13000000.0,4000000.0,308725.0,4.0,2.0,0.0,0.0,8838725.0,1.0,0.0
4664247.6,12.0,39.0,8000000.0,2000000.0,365288.0,6.0,4.0,0.0,0.0,2690593.0,1.0,0.0
2186290.8,10.0,26.0,1700000.0,800000.0,185431.0,4.0,2.0,1.0,0.0,1641666.0,1.0,0.0
2069232.0,24.0,29.0,1800000.0,300000.0,90528.0,1.0,1.0,0.0,0.0,1032954.0,1.0,0.0
2178000.0,6.0,61.0,2000000.0,700000.0,322932.0,2.0,0.0,0.0,1.0,1210000.0,0.0,1.0
1200000.0,8.0,31.0,2500000.0,1800000.0,136105.0,2.0,1.0,0.0,0.0,1967326.0,1.0,0.0
1546800.0,12.0,60.0,1200000.0,400000.0,121372.0,3.0,1.0,0.0,1.0,1193834.0,1.0,0.0
1677480.0,12.0,31.0,2500000.0,800000.0,131954.0,3.0,2.0,1.0,0.0,373505.0,0.0,1.0
1293480.0,6.0,25.0,1200000.0,400000.0,179650.0,9.0,0.0,0.0,7.0,1552624.0,1.0,0.0
3256560.0,12.0,28.0,2000000.0,1000000.0,226150.0,5.0,0.0,0.0,4.0,2077222.0,1.0,0.0
2293200.0,12.0,57.0,2000000.0,1000000.0,179706.0,0.0,0.0,0.0,0.0,1210000.0,1.0,0.0
1078140.0,6.0,30.0,1600000.0,350000.0,160133.0,5.0,1.0,0.0,1.0,1159921.0,1.0,0.0
2893800.0,12.0,31.0,5000000.0,2000000.0,226632.0,6.0,3.0,0.0,0.0,6923480.0,1.0,0.0
3697692.0,11.0,34.0,3100000.0,1500000.0,287690.0,10.0,7.0,0.0,1.0,1378954.0,1.0,0.0
3472341.6,6.0,57.0,2300000.0,900000.0,516063.0,4.0,1.0,1.0,2.0,4890807.0,1.0,0.0
2433241.1999999997,6.0,55.0,2380000.0,691000.0,367514.0,5.0,2.0,0.0,0.0,4263.0,1.0,0.0
3362815.1999999997,9.0,41.0,4465589.0,3300000.0,314058.0,7.0,5.0,0.0,0.0,4465589.0,1.0,0.0
1363248.0,12.0,44.0,1800000.0,500000.0,106969.0,10.0,5.0,0.0,5.0,0.0,0.0,1.0
1414458.0,10.0,49.0,7000000.0,2000000.0,120094.0,27.0,27.0,0.0,0.0,1300000.0,0.0,1.0
3286200.0,24.0,28.0,1730000.0,160000.0,143108.0,4.0,1.0,0.0,3.0,1590925.0,1.0,0.0
4348440.0,12.0,36.0,3600000.0,2500000.0,301975.0,4.0,4.0,0.0,0.0,1516060.0,1.0,0.0
1680000.0,6.0,29.0,1200000.0,300000.0,249355.0,2.0,0.0,0.0,1.0,1210000.0,0.0,1.0
3804000.0,12.0,29.0,1500000.0,600000.0,297549.0,4.0,0.0,0.0,4.0,1333333.0,1.0,0.0
3600000.0,10.0,40.0,4000000.0,1900000.0,332895.0,4.0,2.0,0.0,0.0,3187500.0,1.0,0.0
960000.0,18.0,24.0,1780000.0,306000.0,57676.0,2.0,1.0,0.0,1.0,1309167.0,1.0,0.0
1525921.2,12.0,33.0,2000000.0,400000.0,121704.0,6.0,2.0,0.0,2.0,169567.0,1.0,0.0
1995630.0,9.0,122.0,334337000.0,85693000.0,187089.0,0.0,0.0,0.0,0.0,1210000.0,1.0,0.0
7595880.0,12.0,55.0,4000000.0,1000000.0,527492.0,4.0,3.0,0.0,1.0,4901192.0,1.0,0.0
2022000.0,10.0,55.0,1200000.0,600000.0,187095.0,3.0,1.0,0.0,1.0,923771.0,1.0,0.0
2280000.0,12.0,54.0,3500000.0,300000.0,178978.0,6.0,3.0,0.0,0.0,1894100.0,1.0,0.0
4952815.2,36.0,44.0,2000000.0,600000.0,161885.0,1.0,0.0,1.0,0.0,1605062.0,1.0,0.0
1200000.0,6.0,27.0,3800000.0,1500000.0,178233.0,4.0,3.0,0.0,1.0,1417142.0,0.0,1.0
803040.0,12.0,53.0,1500000.0,93000.0,62933.0,3.0,1.0,0.0,0.0,1386147.0,1.0,0.0
1117560.0,7.0,55.0,3742000.0,3742000.0,132029.0,6.0,1.0,1.0,2.0,1210000.0,0.0,1.0
1122600.0,6.0,68.0,4000000.0,1500000.0,166737.0,12.0,7.0,1.0,1.0,1210000.0,1.0,0.0
2670513.6,9.0,40.0,4500000.0,1800000.0,250000.0,3.0,0.0,0.0,1.0,1210000.0,0.0,1.0
1045800.0,10.0,64.0,4000000.0,300000.0,97529.0,6.0,1.0,1.0,2.0,1210000.0,1.0,0.0
3076678.8,12.0,28.0,4000000.0,1000000.0,213658.0,6.0,4.0,0.0,0.0,5528333.0,1.0,0.0
3038880.0,18.0,39.0,2900000.0,600000.0,168175.0,6.0,1.0,0.0,3.0,2275693.0,1.0,0.0
2128803.6,9.0,58.0,5880000.0,3100000.0,199002.0,4.0,3.0,0.0,0.0,4810058.0,1.0,0.0
2292398.4,9.0,24.0,2500000.0,1000000.0,216624.0,6.0,3.0,0.0,2.0,917673.0,0.0,1.0
3547200.0,6.0,32.0,5500000.0,700000.0,526856.0,3.0,2.0,0.0,0.0,2501802.0,0.0,1.0
1366680.0,12.0,60.0,1500000.0,500000.0,107364.0,8.0,6.0,0.0,2.0,1544230.0,1.0,0.0
1449000.0,12.0,43.0,5000000.0,2000000.0,113840.0,2.0,1.0,0.0,0.0,1210000.0,0.0,1.0
784200.0,5.0,51.0,5000000.0,2000000.0,127369.0,10.0,3.0,0.0,5.0,2297784.0,0.0,1.0
1864800.0,18.0,22.0,2000000.0,100000.0,107150.0,4.0,0.0,1.0,2.0,1321666.0,1.0,0.0
2196000.0,12.0,24.0,1700000.0,400000.0,172301.0,0.0,0.0,0.0,0.0,763975.0,0.0,1.0
1434910.8,10.0,66.0,4000000.0,2000000.0,122214.0,3.0,1.0,2.0,0.0,1409344.0,1.0,0.0
3011880.0,12.0,34.0,5000000.0,500000.0,209158.0,6.0,3.0,0.0,0.0,151421.0,1.0,0.0
1701020.4,11.0,48.0,2000000.0,1500000.0,132344.0,0.0,0.0,0.0,0.0,1210000.0,1.0,0.0
630000.0,6.0,45.0,3500000.0,150000.0,94932.0,8.0,1.0,2.0,4.0,961885.0,0.0,1.0
647880.0,12.0,26.0,1400000.0,400000.0,50900.0,10.0,1.0,0.0,7.0,1316667.0,1.0,0.0
2974680.0,12.0,36.0,3000000.0,600000.0,206575.0,7.0,3.0,0.0,0.0,2836232.0,1.0,0.0
1636800.0,6.0,45.0,2500000.0,1000000.0,242499.0,2.0,1.0,0.0,0.0,1210000.0,1.0,0.0
838800.0,12.0,29.0,1000000.0,500000.0,65982.0,4.0,3.0,0.0,0.0,1000000.0,1.0,0.0
2538290.4,10.0,67.0,1400000.0,800000.0,216644.0,2.0,0.0,0.0,0.0,1210000.0,0.0,1.0
1738800.0,6.0,26.0,1500000.0,250000.0,261381.0,3.0,3.0,0.0,0.0,1210000.0,0.0,1.0
3525600.0,12.0,51.0,6000000.0,1500000.0,277331.0,4.0,1.0,0.0,1.0,908526.0,1.0,0.0
1036332.0,8.0,60.0,5000000.0,2000000.0,108133.0,13.0,8.0,2.0,1.0,939017.0,0.0,1.0
1452000.0,12.0,39.0,2100000.0,0.0,115110.0,2.0,2.0,0.0,0.0,1210000.0,1.0,0.0
1950362.4,11.0,30.0,6000000.0,1800000.0,151743.0,4.0,1.0,0.0,3.0,4266666.0,1.0,0.0
1440000.0,12.0,49.0,1000000.0,500000.0,112776.0,6.0,4.0,0.0,1.0,1210000.0,0.0,1.0
2267880.0,12.0,37.0,7000000.0,3000000.0,157492.0,15.0,6.0,0.0,4.0,1210000.0,1.0,0.0
2485800.0,12.0,65.0,1700000.0,500000.0,195295.0,4.0,4.0,0.0,0.0,876673.0,1.0,0.0
624000.0,6.0,42.0,3840000.0,1365000.0,95044.0,8.0,3.0,3.0,1.0,1210000.0,0.0,1.0
1031880.0,6.0,25.0,2370000.0,345000.0,157170.0,5.0,2.0,0.0,1.0,1600000.0,1.0,0.0
731218.7999999999,6.0,30.0,2000000.0,0.0,109152.0,0.0,0.0,0.0,0.0,978930.0,1.0,0.0
6915150.0,10.0,34.0,2750000.0,78000.0,606695.0,4.0,1.0,0.0,0.0,1210000.0,0.0,1.0
1693080.0,18.0,36.0,2000000.0,800000.0,94524.0,5.0,2.0,0.0,0.0,908526.0,1.0,0.0
7206420.0,6.0,52.0,9000000.0,3000000.0,1070350.0,11.0,3.0,0.0,4.0,1210000.0,0.0,1.0
1093104.0,6.0,48.0,2200000.0,150000.0,162614.0,3.0,1.0,0.0,2.0,883861.0,1.0,0.0
2601000.0,8.0,49.0,3500000.0,1000000.0,294993.0,12.0,8.0,0.0,2.0,1210000.0,1.0,0.0
1473600.0,12.0,39.0,1400000.0,400000.0,116108.0,1.0,0.0,0.0,1.0,1107257.0,1.0,0.0
4923348.0,24.0,31.0,3503000.0,1741000.0,240956.0,6.0,3.0,0.0,1.0,5487801.0,1.0,0.0
3076800.0,18.0,28.0,4000000.0,1900000.0,169524.0,5.0,4.0,0.0,0.0,650834.0,1.0,0.0
3028098.0,8.0,123.0,374000000.0,280000000.0,328351.0,0.0,0.0,0.0,0.0,1210000.0,1.0,0.0
396000.0,6.0,42.0,2800000.0,800000.0,59528.0,5.0,3.0,1.0,1.0,1000000.0,0.0,1.0
819600.0,6.0,27.0,1500000.0,400000.0,121727.0,2.0,0.0,0.0,1.0,789028.0,1.0,0.0
563640.0,12.0,59.0,2000000.0,500000.0,44227.0,0.0,0.0,0.0,0.0,908526.0,1.0,0.0
1552827.5999999999,6.0,68.0,5000000.0,2000000.0,230847.0,4.0,2.0,1.0,1.0,923771.0,0.0,1.0
1269000.0,2.0,27.0,5000000.0,2000000.0,500798.0,10.0,4.0,2.0,2.0,954263.0,0.0,1.0
1188000.0,12.0,30.0,2000000.0,1000000.0,93902.0,1.0,0.0,0.0,1.0,1210000.0,0.0,1.0
1870341.5999999999,11.0,34.0,2000000.0,700000.0,145684.0,2.0,2.0,0.0,0.0,1210000.0,0.0,1.0
14404814.4,11.0,122.0,112770927.0,37518313.0,1212633.0,0.0,0.0,0.0,0.0,1210000.0,1.0,0.0
4990200.0,12.0,27.0,3940000.0,2306000.0,410368.0,5.0,2.0,0.0,2.0,8650827.0,1.0,0.0
1220916.0,6.0,50.0,2300000.0,800000.0,182849.0,4.0,1.0,0.0,1.0,1036651.0,1.0,0.0
1059896.4,9.0,53.0,3742000.0,3742000.0,99222.0,11.0,4.0,1.0,4.0,939017.0,1.0,0.0
3634320.0,36.0,31.0,4000000.0,600000.0,117254.0,8.0,1.0,2.0,3.0,2500000.0,1.0,0.0
2850216.0,6.0,56.0,4200000.0,1300000.0,422601.0,5.0,3.0,0.0,1.0,1210000.0,1.0,0.0
779880.0,6.0,46.0,1500000.0,300000.0,116227.0,2.0,2.0,0.0,0.0,1013335.0,1.0,0.0
2901240.0,12.0,39.0,2500000.0,470000.0,201475.0,3.0,1.0,0.0,1.0,1957667.0,1.0,0.0
1930680.0,12.0,55.0,4500000.0,800000.0,134075.0,4.0,2.0,0.0,1.0,1210000.0,1.0,0.0
3432477.6,10.0,31.0,3000000.0,2300000.0,290669.0,4.0,0.0,0.0,2.0,1210000.0,0.0,1.0
9335340.0,6.0,27.0,8000000.0,2400000.0,1387427.0,3.0,1.0,0.0,1.0,1210000.0,0.0,1.0
1416000.0,24.0,23.0,4500000.0,0.0,61950.0,6.0,4.0,0.0,2.0,778736.0,0.0,1.0
4078200.0,12.0,38.0,3500000.0,1500000.0,319390.0,7.0,5.0,0.0,1.0,908526.0,0.0,1.0
3814201.1999999997,6.0,52.0,4200000.0,1500000.0,567028.0,6.0,4.0,0.0,0.0,1014727.0,0.0,1.0
1200000.0,6.0,69.0,4000000.0,2000000.0,178233.0,2.0,1.0,0.0,0.0,1210000.0,1.0,0.0
480000.0,6.0,35.0,1800000.0,680000.0,71358.0,6.0,1.0,0.0,2.0,1210000.0,1.0,0.0
2126400.0,6.0,25.0,3600000.0,800000.0,315281.0,6.0,4.0,0.0,1.0,909000.0,0.0,1.0
1080000.0,6.0,40.0,4650000.0,1650000.0,160519.0,12.0,5.0,2.0,3.0,1210000.0,0.0,1.0
759480.0,6.0,27.0,1700000.0,700000.0,112906.0,10.0,4.0,0.0,5.0,1525000.0,1.0,0.0
1399999.2,8.0,39.0,4000000.0,3000000.0,159112.0,9.0,7.0,0.0,1.0,996358.0,0.0,1.0
8640000.0,36.0,31.0,18000000.0,4000000.0,291629.0,6.0,4.0,0.0,1.0,12390897.0,1.0,0.0
1385566.8,6.0,46.0,1300000.0,0.0,206818.0,7.0,4.0,0.0,1.0,1210000.0,0.0,1.0
1797120.0,6.0,67.0,2000000.0,1160000.0,267828.0,2.0,2.0,0.0,0.0,2304751.0,1.0,0.0
2645760.0,18.0,35.0,3398000.0,1100000.0,145740.0,10.0,4.0,0.0,4.0,3175795.0,1.0,0.0
1259880.0,6.0,40.0,1000000.0,350000.0,186999.0,3.0,0.0,0.0,0.0,1210000.0,1.0,0.0
3868668.0,10.0,53.0,12500000.0,5000000.0,328639.0,16.0,6.0,1.0,4.0,6500000.0,0.0,1.0
552000.0,6.0,40.0,2600000.0,1000000.0,81987.0,4.0,3.0,0.0,0.0,1210000.0,1.0,0.0
3740160.0,6.0,44.0,25000000.0,14500000.0,556241.0,6.0,4.0,0.0,0.0,615779.0,0.0,1.0
780000.0,12.0,50.0,1500000.0,300000.0,61229.0,2.0,0.0,0.0,0.0,1091756.0,0.0,1.0
2598103.1999999997,2.0,29.0,4500000.0,2000000.0,1023812.0,3.0,1.0,0.0,0.0,925157.0,1.0,0.0
1234776.0,12.0,33.0,1700000.0,700000.0,97170.0,6.0,0.0,0.0,4.0,1453520.0,1.0,0.0
2567852.4,10.0,36.0,3000000.0,1800000.0,218365.0,8.0,4.0,1.0,2.0,2865934.0,0.0,1.0
2264040.0,6.0,32.0,1940000.0,0.0,341955.0,1.0,0.0,0.0,0.0,2142437.0,1.0,0.0
1608000.0,6.0,47.0,2000000.0,1000000.0,239643.0,9.0,3.0,1.0,4.0,66667.0,0.0,1.0
4720542.0,9.0,39.0,908526.0,615000.0,443393.0,5.0,0.0,1.0,1.0,733487.0,0.0,1.0
1907880.0,6.0,50.0,5000000.0,2000000.0,264983.0,9.0,4.0,0.0,0.0,1210000.0,0.0,1.0
7080000.0,6.0,58.0,5000000.0,2500000.0,1051573.0,5.0,1.0,0.0,0.0,969508.0,1.0,0.0
2887824.0,10.0,41.0,4800000.0,2800000.0,244932.0,3.0,1.0,0.0,1.0,2635833.0,1.0,0.0
1380000.0,6.0,21.0,908526.0,300000.0,207940.0,0.0,0.0,0.0,0.0,934661.0,1.0,0.0
7429920.0,12.0,50.0,7500000.0,2500000.0,515967.0,26.0,24.0,0.0,1.0,1210000.0,1.0,0.0
2508600.0,12.0,27.0,3200000.0,800000.0,197413.0,7.0,3.0,0.0,2.0,1210000.0,1.0,0.0
1410000.0,8.0,45.0,8000000.0,1000000.0,160202.0,11.0,4.0,0.0,6.0,1210000.0,0.0,1.0
442560.0,6.0,49.0,2432861.0,1214000.0,66174.0,4.0,2.0,0.0,2.0,2432861.0,1.0,0.0
2216280.0,12.0,40.0,1600000.0,700000.0,153908.0,8.0,4.0,1.0,0.0,1321468.0,1.0,0.0
1200000.0,24.0,32.0,3572000.0,1098000.0,58903.0,4.0,1.0,1.0,2.0,1282980.0,1.0,0.0
4203180.0,18.0,35.0,2000000.0,280000.0,232636.0,5.0,0.0,0.0,5.0,1000000.0,0.0,1.0
2466684.0,3.0,47.0,3000000.0,2000000.0,654224.0,21.0,18.0,0.0,1.0,1210000.0,1.0,0.0
1295880.0,12.0,26.0,1553000.0,385000.0,105604.0,4.0,2.0,1.0,1.0,1126366.0,1.0,0.0
2936160.0,10.0,32.0,7000000.0,1000000.0,271413.0,7.0,4.0,0.0,0.0,3000000.0,1.0,0.0
1260004.8,9.0,53.0,4000000.0,2000000.0,117674.0,9.0,2.0,1.0,2.0,1210000.0,1.0,0.0
1824000.0,6.0,37.0,1200000.0,400000.0,271834.0,3.0,2.0,0.0,0.0,1684901.0,1.0,0.0
2825122.8,10.0,66.0,5000000.0,0.0,239614.0,14.0,5.0,0.0,6.0,1210000.0,1.0,0.0
3876954.0,9.0,46.0,4000000.0,2000000.0,362074.0,9.0,3.0,1.0,0.0,908526.0,1.0,0.0
4263600.0,6.0,47.0,6000000.0,2000000.0,632163.0,8.0,2.0,0.0,6.0,8044094.0,1.0,0.0
2029200.0,24.0,22.0,2500000.0,100000.0,90421.0,1.0,0.0,0.0,0.0,884101.0,1.0,0.0
1436400.0,6.0,69.0,3000000.0,300000.0,213684.0,2.0,0.0,1.0,1.0,1465351.0,1.0,0.0
1960020.0,12.0,35.0,2000000.0,300000.0,153796.0,6.0,4.0,0.0,1.0,1518055.0,1.0,0.0
11380396.799999999,6.0,122.0,38888888.0,3000000.0,1685088.0,0.0,0.0,0.0,0.0,1210000.0,1.0,0.0
4364979.6,5.0,122.0,10058689.0,6443370.0,713079.0,0.0,0.0,0.0,0.0,1210000.0,1.0,0.0
4843680.0,12.0,50.0,1700000.0,700000.0,381485.0,6.0,0.0,3.0,3.0,1284529.0,1.0,0.0
3576000.0,6.0,35.0,7150000.0,3531000.0,548279.0,12.0,7.0,0.0,3.0,838889.0,0.0,1.0
1086420.0,8.0,54.0,4500000.0,200000.0,122898.0,6.0,2.0,0.0,0.0,905965.0,1.0,0.0
1608000.0,6.0,69.0,6000000.0,1000000.0,240020.0,27.0,15.0,2.0,7.0,2473571.0,1.0,0.0
3493200.0,36.0,41.0,3000000.0,1000000.0,113316.0,6.0,3.0,0.0,1.0,3277826.0,1.0,0.0
4098932.4,5.0,29.0,4161036.0,2180000.0,669616.0,7.0,4.0,1.0,2.0,3713590.0,0.0,1.0
2526446.4,10.0,43.0,4700000.0,2800000.0,214506.0,4.0,3.0,0.0,0.0,4450028.0,1.0,0.0
3531840.0,36.0,27.0,2000000.0,150000.0,117303.0,17.0,6.0,0.0,6.0,1689955.0,1.0,0.0
3584040.0,36.0,31.0,3317000.0,1689000.0,138795.0,11.0,9.0,0.0,1.0,3472121.0,1.0,0.0
3697260.0,12.0,30.0,12000000.0,9000000.0,290111.0,13.0,6.0,0.0,7.0,923771.0,0.0,1.0
2951574.0,9.0,54.0,1500000.0,700000.0,275915.0,15.0,6.0,1.0,7.0,1210000.0,0.0,1.0
2400000.0,6.0,33.0,5660000.0,680000.0,360696.0,3.0,3.0,0.0,0.0,4377883.0,1.0,0.0
2302556.4,10.0,33.0,3500000.0,1000000.0,195292.0,5.0,1.0,0.0,3.0,1210000.0,1.0,0.0
2137531.1999999997,10.0,24.0,2600000.0,700000.0,181486.0,0.0,0.0,0.0,0.0,1888481.0,1.0,0.0
4825893.6,6.0,61.0,6000000.0,3000000.0,660519.0,12.0,11.0,0.0,0.0,24047145.0,0.0,1.0
3319800.0,12.0,38.0,5000000.0,200000.0,260818.0,5.0,1.0,0.0,1.0,7826468.0,1.0,0.0
1021020.0,6.0,57.0,1770000.0,600000.0,151796.0,7.0,4.0,0.0,2.0,1210000.0,1.0,0.0
22502400.0,8.0,41.0,0.0,0.0,2671342.0,13.0,5.0,4.0,2.0,3686666.0,1.0,0.0
1073166.0,10.0,21.0,2440000.0,503000.0,94153.0,4.0,2.0,0.0,0.0,1210000.0,1.0,0.0
1753200.0,24.0,44.0,1600000.0,0.0,77157.0,4.0,3.0,1.0,0.0,1835893.0,1.0,0.0
452518.8,6.0,46.0,1460000.0,524000.0,68696.0,5.0,1.0,0.0,4.0,980224.0,1.0,0.0
1488721.2,10.0,35.0,3000000.0,1500000.0,126266.0,3.0,1.0,0.0,0.0,1210000.0,0.0,1.0
2781240.0,12.0,48.0,9000000.0,3500000.0,219049.0,11.0,8.0,0.0,0.0,1107780.0,1.0,0.0
1026480.0,6.0,35.0,2000000.0,0.0,153218.0,3.0,0.0,0.0,0.0,1210000.0,0.0,1.0
878880.0,3.0,30.0,5000000.0,2000000.0,233419.0,6.0,2.0,0.0,1.0,908526.0,0.0,1.0
882000.0,6.0,41.0,3000000.0,1500000.0,130907.0,32.0,5.0,0.0,25.0,1210000.0,0.0,1.0
2905738.8,36.0,45.0,1800000.0,300000.0,98037.0,3.0,0.0,0.0,3.0,1216406.0,1.0,0.0
1963200.0,6.0,50.0,2362000.0,585000.0,294016.0,2.0,1.0,0.0,1.0,1210000.0,0.0,1.0
7200000.0,10.0,51.0,15000000.0,6000000.0,666964.0,5.0,1.0,0.0,2.0,925157.0,0.0,1.0
615085.2,6.0,31.0,908526.0,192000.0,91507.0,4.0,0.0,1.0,0.0,807578.0,1.0,0.0
2016015.5999999999,10.0,31.0,3000000.0,1500000.0,171169.0,7.0,3.0,0.0,1.0,2640360.0,1.0,0.0
1260000.0,6.0,28.0,1500000.0,500000.0,187452.0,4.0,1.0,0.0,2.0,1251951.0,1.0,0.0
1754880.0,6.0,47.0,2600000.0,800000.0,260460.0,3.0,2.0,0.0,1.0,1210000.0,1.0,0.0
2501880.0,6.0,37.0,2600000.0,1000000.0,371343.0,5.0,2.0,0.0,0.0,2496875.0,1.0,0.0
1084186.8,5.0,66.0,7000000.0,2000000.0,175581.0,13.0,5.0,0.0,5.0,1210000.0,0.0,1.0
8044590.0,10.0,29.0,6008000.0,1510000.0,716763.0,7.0,2.0,1.0,2.0,1210000.0,0.0,1.0
2376000.0,12.0,28.0,1740000.0,203000.0,196784.0,5.0,1.0,0.0,2.0,2730689.0,1.0,0.0
428400.0,6.0,36.0,1500000.0,500000.0,63945.0,8.0,3.0,0.0,2.0,1069377.0,1.0,0.0
6000000.0,18.0,49.0,2500000.0,300000.0,332085.0,7.0,6.0,1.0,0.0,3384681.0,0.0,1.0
1010448.0,6.0,54.0,1000000.0,400000.0,149977.0,0.0,0.0,0.0,0.0,1210000.0,0.0,1.0
3964796.4,10.0,47.0,3200000.0,1200000.0,336629.0,11.0,10.0,0.0,0.0,1550000.0,0.0,1.0
2410200.0,12.0,51.0,1500000.0,500000.0,189356.0,2.0,2.0,0.0,0.0,1623317.0,1.0,0.0
821208.0,3.0,39.0,5000000.0,2000000.0,218102.0,5.0,1.0,0.0,2.0,941789.0,0.0,1.0
3164160.0,12.0,36.0,7000000.0,4000000.0,250844.0,5.0,3.0,0.0,1.0,1210000.0,0.0,1.0
4080000.0,6.0,51.0,4500000.0,2000000.0,605964.0,7.0,3.0,0.0,0.0,908526.0,0.0,1.0
2207881.1999999997,12.0,39.0,3000000.0,0.0,173461.0,9.0,5.0,0.0,1.0,908526.0,1.0,0.0
1627200.0,6.0,53.0,2800000.0,1000000.0,241918.0,6.0,2.0,0.0,1.0,1210000.0,0.0,1.0
2986800.0,12.0,35.0,1500000.0,700000.0,234072.0,6.0,3.0,1.0,1.0,1787690.0,1.0,0.0
1690723.2,9.0,122.0,3628315879.0,1995279822.0,158504.0,0.0,0.0,0.0,0.0,1210000.0,1.0,0.0
1697760.0,10.0,57.0,3000000.0,650000.0,157326.0,2.0,1.0,0.0,1.0,1210000.0,1.0,0.0
3679561.1999999997,6.0,33.0,6110400.0,2610000.0,553842.0,6.0,3.0,0.0,1.0,5911271.0,1.0,0.0
506806.8,2.0,25.0,3000000.0,900000.0,199684.0,8.0,1.0,0.0,6.0,1210000.0,0.0,1.0
4281480.0,6.0,46.0,2610000.0,923000.0,641211.0,6.0,0.0,2.0,2.0,966736.0,0.0,1.0
3705780.0,36.0,38.0,12000000.0,5000000.0,120212.0,7.0,5.0,0.0,0.0,829787.0,1.0,0.0
2439634.8,10.0,43.0,3500000.0,1111110.0,206919.0,0.0,0.0,0.0,0.0,1210000.0,0.0,1.0
2239966.8,12.0,37.0,1600000.0,500000.0,178684.0,36.0,32.0,0.0,3.0,941789.0,1.0,0.0
1708800.0,12.0,33.0,3500000.0,1000000.0,134075.0,2.0,1.0,0.0,0.0,3389933.0,1.0,0.0
2021323.2,9.0,35.0,3474799.0,0.0,191222.0,2.0,1.0,0.0,0.0,3406374.0,1.0,0.0
3173286.0,24.0,42.0,1500000.0,100000.0,139813.0,1.0,1.0,0.0,0.0,1292358.0,1.0,0.0
1714743.5999999999,9.0,43.0,3000000.0,1200000.0,159912.0,8.0,2.0,0.0,3.0,778674.0,0.0,1.0
849480.0,12.0,24.0,1600000.0,100000.0,66656.0,4.0,1.0,0.0,1.0,1210000.0,0.0,1.0
844999.2,4.0,32.0,6170000.0,3310000.0,172330.0,8.0,7.0,0.0,0.0,5975822.0,1.0,0.0
2931120.0,12.0,32.0,1500000.0,300000.0,229995.0,4.0,1.0,0.0,1.0,926820.0,0.0,1.0
5235480.0,18.0,28.0,5000000.0,2000000.0,288738.0,4.0,4.0,0.0,0.0,5109365.0,1.0,0.0
4073504.4,9.0,28.0,5440000.0,1952000.0,388117.0,6.0,3.0,0.0,1.0,977131.0,0.0,1.0
2019009.5999999999,10.0,25.0,1500000.0,700000.0,171243.0,1.0,0.0,0.0,1.0,1210000.0,1.0,0.0
384189.6,6.0,45.0,1400000.0,300000.0,57350.0,2.0,0.0,0.0,1.0,1277251.0,1.0,0.0
834000.0,8.0,28.0,1100000.0,100000.0,94868.0,2.0,0.0,0.0,1.0,908526.0,1.0,0.0
1143631.2,10.0,52.0,3000000.0,1800000.0,97099.0,3.0,2.0,0.0,1.0,817674.0,0.0,1.0
3613777.1999999997,10.0,63.0,7500000.0,1000000.0,307631.0,4.0,3.0,0.0,1.0,1385510.0,0.0,1.0
4351200.0,12.0,45.0,1000000.0,200000.0,341424.0,3.0,1.0,0.0,2.0,1210000.0,1.0,0.0
3264000.0,6.0,32.0,12000000.0,4000000.0,485124.0,10.0,7.0,1.0,1.0,999224.0,0.0,1.0
486000.0,10.0,48.0,1100000.0,150000.0,44852.0,7.0,0.0,0.0,7.0,1210000.0,0.0,1.0
1601880.0,12.0,34.0,2000000.0,400000.0,126007.0,2.0,0.0,0.0,1.0,825710.0,1.0,0.0
1269000.0,8.0,29.0,5000000.0,2000000.0,132524.0,3.0,0.0,0.0,1.0,1210000.0,0.0,1.0
2112000.0,6.0,58.0,1954263.0,2500000.0,318247.0,5.0,4.0,1.0,0.0,958420.0,0.0,1.0
1567200.0,18.0,31.0,1599000.0,322000.0,90895.0,10.0,2.0,0.0,4.0,3141666.0,1.0,0.0
1098240.0,2.0,59.0,4000000.0,2000000.0,432901.0,4.0,0.0,0.0,2.0,1210000.0,0.0,1.0
2184720.0,12.0,50.0,3200000.0,1050000.0,171925.0,4.0,2.0,0.0,1.0,1210000.0,0.0,1.0
1301760.0,18.0,52.0,2600000.0,1600000.0,71914.0,3.0,1.0,0.0,0.0,3020130.0,1.0,0.0
960000.0,12.0,54.0,2500000.0,600000.0,75515.0,11.0,2.0,4.0,4.0,1210000.0,0.0,1.0
2672400.0,12.0,42.0,6000000.0,2000000.0,209955.0,6.0,4.0,0.0,0.0,1210000.0,0.0,1.0
904534.7999999999,12.0,30.0,2654131.0,682000.0,73260.0,6.0,2.0,3.0,0.0,2735889.0,1.0,0.0
2561640.0,18.0,43.0,1200000.0,400000.0,141528.0,6.0,2.0,0.0,2.0,1210000.0,0.0,1.0
2716046.4,2.0,45.0,6710000.0,4128000.0,1082402.0,5.0,5.0,0.0,0.0,992377.0,0.0,1.0
1680000.0,12.0,34.0,1500000.0,700000.0,131572.0,4.0,1.0,1.0,2.0,1210000.0,0.0,1.0
893760.0,10.0,39.0,1600000.0,640000.0,82822.0,8.0,2.0,1.0,5.0,1990781.0,1.0,0.0
1141200.0,6.0,50.0,2000000.0,800000.0,169499.0,5.0,3.0,0.0,1.0,1210000.0,1.0,0.0
2844000.0,8.0,49.0,15000000.0,1000000.0,324252.0,11.0,6.0,0.0,2.0,945115.0,0.0,1.0
2028006.0,10.0,38.0,6000000.0,4500000.0,172187.0,2.0,1.0,0.0,0.0,920888.0,1.0,0.0
1753440.0,6.0,63.0,1626000.0,0.0,259958.0,5.0,1.0,0.0,1.0,1210000.0,0.0,1.0
3292498.8,12.0,41.0,4000000.0,500000.0,258351.0,8.0,4.0,0.0,0.0,1210000.0,0.0,1.0
4044000.0,12.0,39.0,4000000.0,800000.0,318240.0,2.0,1.0,0.0,1.0,882923.0,1.0,0.0
1414458.0,9.0,49.0,3269000.0,1895400.0,132541.0,5.0,0.0,5.0,0.0,3094439.0,0.0,1.0
396600.0,6.0,56.0,7800000.0,3711000.0,59396.0,12.0,5.0,0.0,6.0,3363636.0,1.0,0.0
2818080.0,12.0,62.0,2390000.0,349000.0,226199.0,2.0,1.0,0.0,0.0,3883858.0,1.0,0.0
1065794.4,10.0,53.0,5000000.0,1500000.0,90633.0,10.0,9.0,0.0,0.0,939017.0,1.0,0.0
4270644.0,9.0,122.0,1754415160.0,719088792.0,400179.0,0.0,0.0,0.0,0.0,1210000.0,1.0,0.0
2100000.0,6.0,60.0,2790000.0,945000.0,316089.0,4.0,0.0,2.0,0.0,1210000.0,0.0,1.0
5285281.2,6.0,51.0,5500000.0,1800000.0,734067.0,4.0,4.0,0.0,0.0,916148.0,0.0,1.0
2158800.0,24.0,44.0,4000000.0,500000.0,95655.0,8.0,4.0,0.0,1.0,931394.0,0.0,1.0
878880.0,3.0,60.0,5000000.0,2000000.0,233237.0,2.0,0.0,0.0,1.0,2630127.0,0.0,1.0
1370040.0,6.0,24.0,1810000.0,0.0,206927.0,5.0,0.0,0.0,1.0,822701.0,1.0,0.0
586680.0,11.0,38.0,6900000.0,3000000.0,45723.0,7.0,2.0,1.0,2.0,30285.0,0.0,1.0
6683820.0,12.0,39.0,3400000.0,2200000.0,523776.0,11.0,6.0,0.0,2.0,3741651.0,1.0,0.0
2454840.0,12.0,40.0,3000000.0,1200000.0,192255.0,2.0,0.0,1.0,1.0,1210000.0,0.0,1.0
3919354.8,5.0,122.0,12347546.0,1107465.0,637502.0,0.0,0.0,0.0,0.0,1210000.0,1.0,0.0
1542840.0,6.0,39.0,2500000.0,700000.0,229143.0,6.0,1.0,0.0,1.0,1210000.0,0.0,1.0
2760000.0,8.0,42.0,3200000.0,2000000.0,313951.0,4.0,2.0,0.0,1.0,3835443.0,1.0,0.0
1620060.0,6.0,40.0,2000000.0,750000.0,240184.0,6.0,3.0,0.0,2.0,958420.0,0.0,1.0
3360000.0,6.0,28.0,2000000.0,800000.0,505084.0,2.0,1.0,0.0,0.0,1210000.0,0.0,1.0
1707840.0,10.0,32.0,2650000.0,615000.0,163469.0,3.0,1.0,0.0,1.0,1869900.0,1.0,0.0
606000.0,8.0,37.0,1300000.0,400000.0,68759.0,3.0,0.0,0.0,2.0,1210000.0,0.0,1.0
827640.0,6.0,31.0,5000000.0,2000000.0,123046.0,7.0,4.0,0.0,1.0,4134969.0,1.0,0.0
2232000.0,12.0,55.0,3500000.0,1000000.0,175863.0,4.0,1.0,3.0,0.0,4126867.0,1.0,0.0
878880.0,5.0,60.0,5000000.0,2000000.0,142747.0,4.0,1.0,0.0,3.0,1210000.0,0.0,1.0
1071052.8,10.0,54.0,2000000.0,0.0,90985.0,17.0,8.0,0.0,6.0,4214913.0,1.0,0.0
1596000.0,6.0,30.0,6000000.0,2500000.0,237265.0,7.0,3.0,1.0,2.0,947729.0,0.0,1.0
1604400.0,4.0,52.0,4000000.0,2000000.0,322489.0,12.0,9.0,0.0,1.0,939017.0,0.0,1.0
1714681.2,12.0,37.0,3500000.0,1200000.0,119075.0,9.0,3.0,0.0,2.0,916148.0,1.0,0.0
1994460.0,18.0,40.0,2500000.0,500000.0,109995.0,7.0,4.0,0.0,0.0,2900912.0,1.0,0.0
839880.0,12.0,22.0,1000000.0,400000.0,58325.0,6.0,0.0,0.0,4.0,916148.0,1.0,0.0
1119552.0,10.0,61.0,8000000.0,7000000.0,95304.0,8.0,5.0,2.0,0.0,3602750.0,1.0,0.0
1500360.0,9.0,40.0,3000000.0,1000000.0,140456.0,2.0,1.0,0.0,0.0,3368667.0,1.0,0.0
1269000.0,2.0,39.0,5000000.0,2000000.0,500431.0,9.0,3.0,0.0,3.0,688965.0,0.0,1.0
8640000.0,36.0,46.0,8640000.0,6043000.0,315276.0,17.0,4.0,0.0,11.0,8100000.0,1.0,0.0
2589600.0,24.0,49.0,2099000.0,798000.0,125537.0,6.0,0.0,3.0,3.0,1031349.0,1.0,0.0
2160000.0,12.0,33.0,1700000.0,120000.0,174196.0,4.0,2.0,0.0,1.0,1210000.0,1.0,0.0
3810308.4,6.0,51.0,4000000.0,0.0,565909.0,10.0,5.0,0.0,4.0,3340160.0,0.0,1.0
3019082.4,24.0,30.0,3000000.0,1000000.0,132717.0,8.0,5.0,0.0,0.0,1862529.0,1.0,0.0
1972560.0,10.0,45.0,2000000.0,800000.0,182329.0,5.0,1.0,0.0,2.0,1210000.0,0.0,1.0
4008247.1999999997,6.0,40.0,5000000.0,2000000.0,600344.0,3.0,0.0,0.0,1.0,1210000.0,0.0,1.0
878880.0,4.0,55.0,4000000.0,2000000.0,176529.0,11.0,8.0,0.0,3.0,1210000.0,0.0,1.0
1210380.0,12.0,46.0,1200000.0,0.0,95955.0,6.0,0.0,2.0,1.0,1183875.0,1.0,0.0
1673698.8,12.0,55.0,1500000.0,800000.0,131078.0,5.0,3.0,0.0,1.0,908526.0,0.0,1.0
3461700.0,6.0,57.0,3500000.0,1500000.0,513266.0,4.0,2.0,0.0,1.0,1210000.0,0.0,1.0
1145760.0,10.0,27.0,1600000.0,500000.0,106136.0,6.0,5.0,0.0,0.0,931394.0,1.0,0.0
1134000.0,8.0,50.0,7100000.0,0.0,129290.0,9.0,4.0,0.0,0.0,6896687.0,1.0,0.0
2531880.0,12.0,41.0,7000000.0,2000000.0,175825.0,12.0,9.0,0.0,0.0,908526.0,0.0,1.0
2618454.0,11.0,26.0,3100000.0,1450000.0,203955.0,1.0,0.0,0.0,0.0,766667.0,1.0,0.0
1014924.0,6.0,65.0,5820000.0,1390000.0,151999.0,5.0,4.0,1.0,0.0,1210000.0,0.0,1.0
4347480.0,6.0,46.0,7200000.0,2000000.0,646306.0,4.0,3.0,0.0,1.0,7572204.0,1.0,0.0
3503853.6,9.0,42.0,1362789.0,1022000.0,331472.0,8.0,3.0,1.0,0.0,966736.0,0.0,1.0
2040000.0,6.0,37.0,12000000.0,9000000.0,305518.0,10.0,6.0,0.0,2.0,1210000.0,0.0,1.0
2377152.0,6.0,66.0,3000000.0,1500000.0,352460.0,6.0,4.0,0.0,1.0,1400797.0,1.0,0.0
3853800.0,36.0,49.0,2000000.0,1000000.0,123982.0,5.0,2.0,0.0,2.0,1210000.0,1.0,0.0
4967622.0,10.0,51.0,4616000.0,2058000.0,440343.0,9.0,3.0,3.0,2.0,4930907.0,1.0,0.0
4454400.0,36.0,33.0,1970000.0,105000.0,153871.0,1.0,0.0,0.0,0.0,1210000.0,0.0,1.0
1540664.4,8.0,49.0,3000000.0,1500000.0,160617.0,9.0,3.0,4.0,0.0,931394.0,0.0,1.0
1498992.0,3.0,47.0,4000000.0,2000000.0,398747.0,5.0,2.0,0.0,1.0,916148.0,0.0,1.0
3157560.0,6.0,40.0,8000000.0,3200000.0,470577.0,4.0,1.0,0.0,1.0,1001289.0,0.0,1.0
3032280.0,12.0,30.0,2000000.0,800000.0,210575.0,6.0,2.0,0.0,1.0,954004.0,1.0,0.0
4028160.0,12.0,63.0,3600000.0,3600000.0,279733.0,6.0,4.0,0.0,0.0,5242246.0,1.0,0.0
878880.0,5.0,38.0,5000000.0,20000000.0,142539.0,11.0,4.0,0.0,4.0,1210000.0,0.0,1.0
1043520.0,6.0,64.0,1800000.0,85000.0,154779.0,2.0,0.0,0.0,1.0,1210000.0,0.0,1.0
3403200.0,6.0,55.0,10000000.0,3000000.0,507154.0,6.0,2.0,0.0,2.0,393695.0,0.0,1.0
2337240.0,12.0,26.0,1300000.0,600000.0,162308.0,2.0,1.0,0.0,0.0,38334.0,1.0,0.0
544740.0,6.0,67.0,4500000.0,1500000.0,80909.0,7.0,6.0,0.0,0.0,1210000.0,1.0,0.0
1389240.0,12.0,42.0,2000000.0,300000.0,108873.0,6.0,5.0,0.0,0.0,1374545.0,1.0,0.0
1319880.0,12.0,24.0,1800000.0,300000.0,103623.0,2.0,0.0,0.0,1.0,820967.0,1.0,0.0
3240000.0,6.0,46.0,1800000.0,600000.0,483621.0,2.0,1.0,1.0,0.0,893625.0,1.0,0.0
3600000.0,36.0,28.0,1700000.0,500000.0,116527.0,8.0,2.0,2.0,0.0,1323291.0,1.0,0.0
3063410.4,10.0,32.0,3000000.0,1500000.0,260780.0,5.0,1.0,0.0,1.0,1210000.0,0.0,1.0
2280000.0,12.0,49.0,1500000.0,900000.0,179423.0,3.0,0.0,0.0,1.0,1516999.0,1.0,0.0
1632120.0,6.0,28.0,1800000.0,150000.0,241994.0,2.0,1.0,0.0,0.0,908526.0,1.0,0.0
949080.0,6.0,26.0,1800000.0,400000.0,131817.0,2.0,2.0,0.0,0.0,151421.0,0.0,1.0
1535796.0,12.0,42.0,900000.0,300000.0,120809.0,1.0,1.0,0.0,0.0,1210000.0,0.0,1.0
2421600.0,12.0,29.0,1800000.0,500000.0,190566.0,0.0,0.0,0.0,0.0,905949.0,1.0,0.0
2985600.0,6.0,46.0,25000000.0,5000000.0,443846.0,6.0,3.0,0.0,0.0,787389.0,0.0,1.0
1128000.0,6.0,30.0,1500000.0,200000.0,169973.0,2.0,2.0,0.0,0.0,958420.0,1.0,0.0
8192578.8,10.0,65.0,6000000.0,3000000.0,695586.0,10.0,6.0,0.0,2.0,2011885.0,0.0,1.0
3837300.0,18.0,40.0,5500000.0,2000000.0,211426.0,11.0,5.0,1.0,2.0,3121600.0,0.0,1.0
874861.2,6.0,44.0,4500000.0,1000000.0,130059.0,6.0,4.0,0.0,0.0,1746833.0,0.0,1.0
1498992.0,3.0,49.0,4000000.0,2000000.0,397569.0,3.0,0.0,0.0,1.0,1848142.0,0.0,1.0
7152000.0,6.0,40.0,8500000.0,2600000.0,1062992.0,4.0,1.0,0.0,1.0,783063.0,0.0,1.0
7892784.0,6.0,38.0,908526.0,565000.0,1182159.0,2.0,2.0,0.0,0.0,950105.0,0.0,1.0
2886028.8,36.0,40.0,4000000.0,500000.0,93925.0,6.0,4.0,0.0,0.0,1210000.0,0.0,1.0
2129761.1999999997,12.0,67.0,2600000.0,1000000.0,147900.0,4.0,1.0,0.0,2.0,1210000.0,1.0,0.0
2287860.0,6.0,29.0,2000000.0,500000.0,339577.0,5.0,2.0,1.0,1.0,1223920.0,1.0,0.0
1466400.0,6.0,54.0,4800000.0,1500000.0,217403.0,11.0,6.0,2.0,1.0,1210000.0,0.0,1.0
10117380.0,36.0,26.0,2000000.0,500000.0,341495.0,6.0,1.0,1.0,1.0,2062149.0,1.0,0.0
2352000.0,12.0,43.0,3800000.0,1700000.0,184768.0,4.0,4.0,0.0,0.0,1600000.0,0.0,1.0
2284882.8,10.0,39.0,1100000.0,300000.0,212549.0,0.0,0.0,0.0,0.0,888239.0,1.0,0.0
1200000.0,6.0,56.0,2400000.0,1100000.0,166667.0,6.0,5.0,0.0,1.0,1210000.0,0.0,1.0
2933640.0,12.0,35.0,3200000.0,1500000.0,203725.0,8.0,6.0,0.0,1.0,1612107.0,1.0,0.0
1060080.0,6.0,57.0,3000000.0,2000000.0,159738.0,6.0,4.0,2.0,0.0,961885.0,0.0,1.0
2256000.0,6.0,40.0,1900000.0,204000.0,341901.0,2.0,1.0,0.0,0.0,983368.0,0.0,1.0
668400.0,6.0,57.0,1500000.0,500000.0,99276.0,4.0,1.0,0.0,3.0,1210000.0,0.0,1.0
2809200.0,36.0,23.0,1756718.0,187000.0,98608.0,2.0,2.0,0.0,0.0,1704991.0,1.0,0.0
4473793.2,9.0,122.0,39279939.0,7415540.0,417814.0,0.0,0.0,0.0,0.0,1210000.0,1.0,0.0
2465631.6,10.0,27.0,7000000.0,2000000.0,209343.0,17.0,10.0,1.0,3.0,908526.0,0.0,1.0
798720.0,6.0,51.0,2180000.0,283000.0,121857.0,10.0,3.0,0.0,7.0,500000.0,1.0,0.0
3099360.0,6.0,56.0,1950000.0,700000.0,460025.0,14.0,2.0,0.0,10.0,964498.0,1.0,0.0
2174280.0,12.0,60.0,6000000.0,2500000.0,150992.0,8.0,6.0,0.0,1.0,1210000.0,0.0,1.0
5167542.0,10.0,41.0,3000000.0,1000000.0,438287.0,5.0,4.0,0.0,0.0,908526.0,0.0,1.0
971880.0,6.0,31.0,1200000.0,150000.0,134983.0,2.0,1.0,0.0,0.0,886713.0,0.0,1.0
960000.0,12.0,42.0,2500000.0,1000000.0,75091.0,2.0,0.0,1.0,1.0,1210000.0,1.0,0.0
834000.0,6.0,35.0,2500000.0,500000.0,124069.0,3.0,2.0,0.0,1.0,1935254.0,1.0,0.0
1776000.0,6.0,46.0,4000000.0,2000000.0,265980.0,4.0,0.0,1.0,1.0,1429681.0,0.0,1.0
1958674.7999999998,9.0,53.0,5000000.0,2500000.0,183098.0,3.0,1.0,0.0,0.0,1200000.0,1.0,0.0
1731523.2,11.0,64.0,3000000.0,2000000.0,136726.0,9.0,8.0,0.0,0.0,2185573.0,1.0,0.0
2544262.8,10.0,50.0,3000000.0,1500000.0,216359.0,7.0,4.0,0.0,2.0,30285.0,0.0,1.0
685440.0,12.0,67.0,1100000.0,300000.0,53851.0,3.0,2.0,0.0,1.0,939017.0,1.0,0.0
1367880.0,12.0,54.0,4000000.0,2500000.0,107333.0,7.0,6.0,0.0,0.0,1866666.0,1.0,0.0
2268301.1999999997,11.0,38.0,3100000.0,1450000.0,176782.0,6.0,0.0,0.0,6.0,865778.0,1.0,0.0
2948400.0,6.0,33.0,1453000.0,179000.0,453578.0,8.0,1.0,0.0,2.0,1523980.0,1.0,0.0
9527880.0,12.0,51.0,13000000.0,2000000.0,661658.0,10.0,6.0,0.0,0.0,14540026.0,1.0,0.0
1200000.0,12.0,55.0,4000000.0,1000000.0,83333.0,4.0,3.0,0.0,0.0,1210000.0,0.0,1.0
1443360.0,12.0,34.0,1400000.0,500000.0,100233.0,6.0,6.0,0.0,0.0,2106400.0,1.0,0.0
3960000.0,36.0,30.0,4720000.0,1842000.0,139008.0,8.0,5.0,0.0,0.0,2934630.0,1.0,0.0
2090400.0,6.0,32.0,4000000.0,2500000.0,310467.0,1.0,0.0,0.0,0.0,883289.0,0.0,1.0
3348961.1999999997,12.0,39.0,4000000.0,1500000.0,232567.0,3.0,1.0,0.0,0.0,4666579.0,1.0,0.0
1269000.0,5.0,41.0,5000000.0,2000000.0,205990.0,11.0,7.0,0.0,1.0,1043410.0,0.0,1.0
1440000.0,12.0,47.0,7500000.0,1500000.0,113833.0,9.0,7.0,1.0,1.0,7757109.0,1.0,0.0
4789905.6,10.0,41.0,3000000.0,700000.0,408820.0,1.0,1.0,0.0,0.0,920861.0,1.0,0.0
4046400.0,12.0,42.0,4620000.0,74000.0,328488.0,5.0,3.0,0.0,1.0,3643042.0,1.0,0.0
4453320.0,12.0,42.0,10000000.0,2500000.0,309258.0,5.0,4.0,0.0,0.0,2083000.0,1.0,0.0
1199880.0,12.0,60.0,2000000.0,600000.0,83325.0,21.0,16.0,3.0,0.0,11888368.0,1.0,0.0
2442343.1999999997,9.0,43.0,2000000.0,700000.0,228968.0,1.0,0.0,0.0,0.0,5570896.0,0.0,1.0
2732160.0,12.0,40.0,4500000.0,2500000.0,219413.0,3.0,1.0,1.0,1.0,620826.0,0.0,1.0
3126564.0,6.0,26.0,2170000.0,349000.0,472865.0,3.0,1.0,1.0,0.0,2982322.0,1.0,0.0
1183695.5999999999,9.0,48.0,3000000.0,2000000.0,110918.0,0.0,0.0,0.0,0.0,1210000.0,0.0,1.0
360000.0,6.0,69.0,1500000.0,250000.0,53736.0,2.0,1.0,0.0,1.0,1210000.0,0.0,1.0
1468320.0,10.0,44.0,3039000.0,1550000.0,131833.0,6.0,3.0,1.0,1.0,1210000.0,0.0,1.0
4255200.0,6.0,69.0,35000000.0,10000000.0,637275.0,6.0,2.0,1.0,0.0,1210000.0,0.0,1.0
2032680.0,18.0,28.0,3210000.0,538000.0,116006.0,6.0,1.0,0.0,0.0,411111.0,0.0,1.0
1132428.0,6.0,50.0,2401000.0,0.0,174087.0,0.0,0.0,0.0,0.0,958333.0,1.0,0.0
1475107.2,6.0,49.0,6000000.0,1500000.0,219094.0,5.0,2.0,0.0,0.0,922222.0,1.0,0.0
1100700.0,6.0,69.0,1800000.0,800000.0,163260.0,6.0,4.0,0.0,2.0,1210000.0,1.0,0.0
3239824.8,10.0,40.0,3000000.0,1500000.0,275508.0,6.0,3.0,0.0,0.0,1210000.0,0.0,1.0
3270600.0,18.0,40.0,4825000.0,2662000.0,196167.0,9.0,2.0,2.0,1.0,1978183.0,1.0,0.0
1654681.2,6.0,45.0,1200000.0,400000.0,245933.0,5.0,2.0,0.0,1.0,1210000.0,1.0,0.0
1200000.0,12.0,50.0,2000000.0,600000.0,95132.0,2.0,1.0,0.0,0.0,1202521.0,1.0,0.0
1089840.0,12.0,47.0,2500000.0,400000.0,85764.0,7.0,7.0,0.0,0.0,1210000.0,1.0,0.0
4214400.0,12.0,58.0,1500000.0,400000.0,330277.0,11.0,1.0,0.0,2.0,1561556.0,1.0,0.0
1034400.0,12.0,26.0,1500000.0,800000.0,81402.0,2.0,1.0,0.0,0.0,1604541.0,1.0,0.0
3526680.0,12.0,40.0,3500000.0,1500000.0,276727.0,6.0,1.0,1.0,1.0,3198576.0,1.0,0.0
1890416.4,11.0,56.0,3400000.0,1200000.0,147499.0,8.0,2.0,0.0,3.0,1210000.0,0.0,1.0
2095539.5999999999,10.0,62.0,1000000.0,900000.0,178201.0,2.0,0.0,0.0,0.0,1210000.0,0.0,1.0
2420460.0,6.0,49.0,908526.0,3105000.0,364324.0,10.0,5.0,0.0,3.0,966736.0,0.0,1.0
636000.0,10.0,54.0,2100000.0,1000000.0,58977.0,10.0,1.0,0.0,9.0,2161189.0,1.0,0.0
2540640.0,12.0,24.0,10000000.0,3000000.0,199355.0,11.0,10.0,0.0,1.0,1755606.0,0.0,1.0
843600.0,24.0,28.0,2000000.0,900000.0,37387.0,9.0,2.0,1.0,4.0,1405555.0,1.0,0.0
896838.0,10.0,38.0,1200000.0,400000.0,76066.0,4.0,2.0,0.0,1.0,1210000.0,0.0,1.0
3072000.0,6.0,23.0,3000000.0,1500000.0,456691.0,4.0,3.0,0.0,0.0,1210000.0,0.0,1.0
1018800.0,6.0,40.0,1117000.0,84000.0,151560.0,1.0,0.0,0.0,1.0,560258.0,1.0,0.0
1498992.0,2.0,51.0,4000000.0,2000000.0,591475.0,19.0,8.0,0.0,7.0,1476000.0,0.0,1.0
10344990.0,11.0,122.0,18797110.0,18611000.0,875855.0,0.0,0.0,0.0,0.0,1210000.0,1.0,0.0
3780660.0,6.0,31.0,9200000.0,3000000.0,560558.0,3.0,2.0,0.0,1.0,908526.0,1.0,0.0
2824561.1999999997,12.0,51.0,1600000.0,300000.0,196150.0,4.0,2.0,0.0,2.0,1658890.0,1.0,0.0
2307360.0,10.0,26.0,2600000.0,700000.0,213815.0,6.0,4.0,0.0,0.0,942631.0,0.0,1.0
1388347.2,9.0,56.0,5500000.0,2750000.0,129846.0,5.0,2.0,2.0,0.0,931394.0,0.0,1.0
671040.0,12.0,55.0,2000000.0,1000000.0,46600.0,2.0,0.0,0.0,0.0,1210000.0,1.0,0.0
833760.0,6.0,41.0,1580000.0,1200000.0,126090.0,2.0,0.0,0.0,2.0,516667.0,1.0,0.0
7280400.0,36.0,61.0,2500000.0,250000.0,235738.0,8.0,6.0,0.0,0.0,1665463.0,1.0,0.0
5167176.0,10.0,50.0,32387000.0,7013000.0,458032.0,13.0,9.0,0.0,0.0,11022887.0,1.0,0.0
3115046.4,9.0,20.0,1000000.0,500000.0,291894.0,2.0,1.0,0.0,0.0,1585714.0,1.0,0.0
3712893.6,6.0,54.0,8000000.0,3000000.0,551069.0,4.0,2.0,0.0,1.0,1210000.0,0.0,1.0
4284000.0,8.0,66.0,8000000.0,2400000.0,486710.0,5.0,3.0,0.0,1.0,916148.0,0.0,1.0
2696280.0,8.0,25.0,2000000.0,850000.0,306348.0,1.0,1.0,0.0,0.0,4303585.0,1.0,0.0
2249760.0,12.0,26.0,1500000.0,200000.0,156233.0,2.0,1.0,0.0,0.0,1272633.0,1.0,0.0
821208.0,6.0,64.0,5000000.0,2000000.0,112133.0,12.0,5.0,0.0,3.0,1210000.0,0.0,1.0
563424.0,6.0,34.0,2160000.0,470000.0,85098.0,7.0,1.0,2.0,4.0,2295033.0,1.0,0.0
1344000.0,12.0,39.0,2400000.0,900000.0,107194.0,5.0,4.0,0.0,0.0,1210000.0,1.0,0.0
2469120.0,6.0,29.0,2800000.0,893000.0,372930.0,5.0,1.0,0.0,2.0,2248986.0,1.0,0.0
2217900.0,8.0,44.0,2560000.0,297000.0,255596.0,9.0,1.0,0.0,3.0,1560464.0,0.0,1.0
3738720.0,10.0,46.0,1120000.0,350000.0,345600.0,5.0,2.0,0.0,2.0,886606.0,1.0,0.0
2802081.6,11.0,32.0,4500000.0,2500000.0,218258.0,6.0,4.0,0.0,1.0,2200000.0,1.0,0.0
5827560.0,36.0,37.0,13374000.0,6024000.0,218481.0,8.0,5.0,0.0,2.0,1210000.0,1.0,0.0
1199880.0,6.0,39.0,1200000.0,500000.0,178377.0,3.0,1.0,0.0,0.0,1023333.0,1.0,0.0
3408000.0,6.0,51.0,6000000.0,3000000.0,505816.0,11.0,6.0,1.0,3.0,908526.0,0.0,1.0
2520106.8,10.0,41.0,2500000.0,1200000.0,213968.0,3.0,1.0,0.0,2.0,2388381.0,1.0,0.0
1244425.2,10.0,64.0,2200000.0,300000.0,115073.0,8.0,3.0,0.0,3.0,1210000.0,1.0,0.0
1419600.0,6.0,59.0,4460000.0,1864000.0,216225.0,5.0,3.0,0.0,0.0,983368.0,0.0,1.0
1693800.0,12.0,57.0,2000000.0,300000.0,132741.0,5.0,3.0,0.0,2.0,970000.0,1.0,0.0
1677237.5999999999,12.0,41.0,2000000.0,300000.0,132587.0,3.0,1.0,0.0,0.0,33334.0,1.0,0.0
2645760.0,12.0,42.0,4000000.0,1400000.0,207334.0,8.0,4.0,0.0,1.0,1210000.0,1.0,0.0
3112772.4,10.0,39.0,9500000.0,3500000.0,264982.0,8.0,3.0,1.0,0.0,7364461.0,1.0,0.0
1311415.2,6.0,45.0,1000000.0,400000.0,195431.0,0.0,0.0,0.0,0.0,1210000.0,0.0,1.0
1304040.0,8.0,63.0,3500000.0,800000.0,148206.0,3.0,1.0,0.0,0.0,939017.0,1.0,0.0
1200000.0,6.0,26.0,1850000.0,700000.0,178104.0,12.0,2.0,0.0,10.0,1753545.0,1.0,0.0
3600000.0,36.0,57.0,1300000.0,500000.0,116567.0,3.0,2.0,0.0,1.0,877803.0,1.0,0.0
1941933.5999999999,10.0,51.0,2300000.0,0.0,164706.0,11.0,3.0,0.0,6.0,1210000.0,1.0,0.0
1747200.0,12.0,23.0,1300000.0,0.0,137268.0,4.0,2.0,0.0,0.0,1210000.0,1.0,0.0
878880.0,4.0,20.0,5000000.0,2000000.0,176786.0,3.0,1.0,0.0,1.0,1210000.0,0.0,1.0
816000.0,6.0,65.0,1500000.0,430000.0,121610.0,5.0,0.0,3.0,0.0,1210000.0,0.0,1.0
2479052.4,10.0,56.0,3000000.0,2000000.0,210262.0,2.0,1.0,0.0,1.0,1210000.0,0.0,1.0
1976654.4,10.0,58.0,10000000.0,4000000.0,167827.0,11.0,11.0,0.0,0.0,1500000.0,1.0,0.0
4259772.0,5.0,44.0,4560000.0,1974000.0,698916.0,4.0,2.0,0.0,0.0,977131.0,1.0,0.0
6360000.0,36.0,53.0,3000000.0,0.0,205604.0,3.0,3.0,0.0,0.0,1210000.0,0.0,1.0
2640000.0,6.0,50.0,4373000.0,5024000.0,404750.0,5.0,3.0,0.0,1.0,1000000.0,1.0,0.0
940143.6,10.0,27.0,1950000.0,0.0,80873.0,2.0,0.0,0.0,1.0,1266666.0,1.0,0.0
1865130.0,9.0,29.0,1800000.0,700000.0,174354.0,2.0,2.0,0.0,0.0,499689.0,0.0,1.0
6583978.8,10.0,60.0,3500000.0,1500000.0,560769.0,2.0,1.0,0.0,1.0,946640.0,1.0,0.0
2280000.0,12.0,23.0,1570000.0,400000.0,179443.0,7.0,1.0,0.0,1.0,1229062.0,1.0,0.0
2696640.0,8.0,25.0,1310000.0,300000.0,305444.0,2.0,1.0,0.0,0.0,950000.0,1.0,0.0
1783112.4,10.0,52.0,4000000.0,2000000.0,151871.0,7.0,3.0,0.0,2.0,1210000.0,0.0,1.0
2400000.0,6.0,55.0,6000000.0,1000000.0,357677.0,6.0,3.0,0.0,1.0,5952965.0,1.0,0.0
978000.0,6.0,30.0,2000000.0,1000000.0,145008.0,7.0,5.0,0.0,0.0,1803291.0,1.0,0.0
1379881.2,12.0,68.0,2200000.0,500000.0,108589.0,5.0,0.0,0.0,1.0,1515415.0,1.0,0.0
1020428.3999999999,6.0,45.0,3500000.0,2500000.0,151802.0,7.0,2.0,0.0,5.0,3363547.0,1.0,0.0
897240.0,7.0,57.0,5000000.0,3000000.0,105674.0,4.0,0.0,3.0,0.0,1409827.0,0.0,1.0
3029583.6,2.0,39.0,10973000.0,2785000.0,1212979.0,7.0,4.0,0.0,0.0,1210000.0,0.0,1.0
2823360.0,12.0,30.0,1500000.0,600000.0,196067.0,3.0,1.0,0.0,0.0,916148.0,1.0,0.0
1908000.0,12.0,43.0,1174000.0,600000.0,150149.0,8.0,0.0,2.0,6.0,1245248.0,1.0,0.0
3942000.0,36.0,45.0,6000000.0,1000000.0,128260.0,7.0,4.0,0.0,0.0,1210000.0,1.0,0.0
6390292.8,9.0,22.0,3000000.0,2000000.0,598799.0,4.0,2.0,0.0,0.0,827137.0,1.0,0.0
3970260.0,6.0,30.0,1600000.0,500000.0,590496.0,8.0,6.0,0.0,0.0,1248376.0,1.0,0.0
2079000.0,12.0,59.0,2640000.0,326000.0,170948.0,3.0,0.0,0.0,2.0,1210000.0,1.0,0.0
1057761.5999999999,6.0,46.0,2460000.0,560000.0,160566.0,1.0,1.0,0.0,0.0,1210000.0,0.0,1.0
2373600.0,12.0,46.0,5000000.0,1500000.0,185861.0,2.0,0.0,0.0,0.0,1526800.0,1.0,0.0
2432280.0,18.0,31.0,2200000.0,450000.0,134381.0,5.0,2.0,0.0,1.0,1670087.0,1.0,0.0
960000.0,10.0,55.0,1300000.0,500000.0,89294.0,2.0,1.0,0.0,0.0,1210000.0,0.0,1.0
878880.0,2.0,61.0,5000000.0,2000000.0,346841.0,2.0,1.0,0.0,1.0,1210000.0,0.0,1.0
2071200.0,6.0,33.0,4010000.0,2142000.0,312829.0,6.0,2.0,0.0,2.0,975052.0,0.0,1.0
1188000.0,24.0,26.0,1670000.0,463000.0,57591.0,2.0,1.0,0.0,1.0,1210000.0,1.0,0.0
7500000.0,6.0,29.0,4200000.0,1600000.0,1132782.0,4.0,3.0,0.0,0.0,2972727.0,0.0,1.0
2993638.8,12.0,58.0,2500000.0,500000.0,235193.0,3.0,3.0,0.0,0.0,1158310.0,1.0,0.0
717600.0,6.0,41.0,2958000.0,1135000.0,109594.0,8.0,3.0,0.0,2.0,1612800.0,0.0,1.0
1271400.0,12.0,30.0,15000000.0,0.0,88292.0,5.0,4.0,0.0,0.0,1000000.0,1.0,0.0
3000000.0,6.0,56.0,2500000.0,800000.0,416667.0,0.0,0.0,0.0,0.0,1210000.0,1.0,0.0
2074680.0,6.0,43.0,3800000.0,1000000.0,308357.0,5.0,1.0,0.0,1.0,773875.0,1.0,0.0
3842160.0,6.0,32.0,9000000.0,3500000.0,572569.0,2.0,2.0,0.0,0.0,12799989.0,1.0,0.0
1440000.0,6.0,57.0,2000000.0,500000.0,213587.0,6.0,2.0,0.0,2.0,1210000.0,0.0,1.0
3600000.0,36.0,23.0,1830000.0,346000.0,133728.0,3.0,1.0,0.0,2.0,1578615.0,1.0,0.0
1224000.0,6.0,66.0,4558000.0,0.0,188148.0,3.0,2.0,0.0,0.0,1210000.0,1.0,0.0
1269000.0,5.0,27.0,5000000.0,2000000.0,205990.0,7.0,4.0,0.0,1.0,30285.0,0.0,1.0
1620060.0,12.0,25.0,1900000.0,450000.0,127279.0,5.0,2.0,0.0,1.0,750307.0,1.0,0.0
1331469.5999999999,10.0,26.0,2400000.0,800000.0,112751.0,6.0,4.0,0.0,1.0,3058157.0,1.0,0.0
1398000.0,6.0,36.0,2000000.0,600000.0,208347.0,7.0,2.0,0.0,1.0,1210000.0,0.0,1.0
983880.0,10.0,24.0,1300000.0,600000.0,90948.0,6.0,4.0,0.0,0.0,1210000.0,1.0,0.0
886680.0,6.0,33.0,2200000.0,1000000.0,131606.0,4.0,2.0,0.0,0.0,1076401.0,1.0,0.0
1182000.0,12.0,33.0,2000000.0,50000.0,93141.0,3.0,1.0,0.0,2.0,2000000.0,1.0,0.0
671760.0,6.0,37.0,1500000.0,800000.0,99865.0,6.0,3.0,1.0,2.0,1401449.0,1.0,0.0
1612250.4,18.0,38.0,3000000.0,2000000.0,89617.0,6.0,2.0,0.0,3.0,1210000.0,0.0,1.0
851880.0,10.0,58.0,4500000.0,2500000.0,78913.0,1.0,0.0,0.0,0.0,2555217.0,1.0,0.0
3749235.6,4.0,36.0,5270000.0,3144000.0,766465.0,7.0,6.0,0.0,1.0,13922498.0,1.0,0.0
1183695.5999999999,11.0,36.0,3400000.0,1300000.0,92095.0,13.0,3.0,0.0,9.0,1210000.0,0.0,1.0
2163360.0,6.0,63.0,3000000.0,1500000.0,300467.0,10.0,6.0,0.0,1.0,908526.0,0.0,1.0
3600000.0,6.0,37.0,954263.0,290000.0,541921.0,5.0,0.0,2.0,1.0,919179.0,0.0,1.0
3299520.0,12.0,46.0,3000000.0,1200000.0,229133.0,2.0,1.0,0.0,0.0,908526.0,1.0,0.0
1199880.0,6.0,43.0,1810000.0,833000.0,181844.0,7.0,4.0,0.0,3.0,1022609.0,1.0,0.0
1345730.4,9.0,48.0,2500000.0,1500000.0,126402.0,4.0,2.0,0.0,1.0,1909090.0,0.0,1.0
1185660.0,4.0,44.0,5000000.0,2000000.0,238495.0,12.0,8.0,0.0,1.0,939017.0,0.0,1.0
415800.0,6.0,44.0,2000000.0,0.0,62068.0,13.0,6.0,0.0,3.0,2276057.0,1.0,0.0
915889.2,9.0,122.0,660000000.0,100000000.0,85536.0,0.0,0.0,0.0,0.0,1210000.0,1.0,0.0
3072000.0,6.0,32.0,5000000.0,2000000.0,460074.0,4.0,4.0,0.0,0.0,961885.0,0.0,1.0
696000.0,12.0,27.0,1650000.0,56000.0,55019.0,3.0,2.0,0.0,1.0,1493599.0,1.0,0.0
1603075.2,9.0,45.0,3500000.0,3000000.0,150287.0,9.0,3.0,0.0,3.0,2583400.0,1.0,0.0
7490102.399999999,10.0,122.0,4067140000.0,3918433000.0,636944.0,0.0,0.0,0.0,0.0,1210000.0,1.0,0.0
1570800.0,18.0,28.0,1774000.0,86000.0,97199.0,3.0,0.0,0.0,1.0,1029090.0,1.0,0.0
840000.0,6.0,60.0,4000000.0,1500000.0,124757.0,2.0,2.0,0.0,0.0,469405.0,0.0,1.0
2145240.0,12.0,43.0,4000000.0,1500000.0,148975.0,2.0,1.0,0.0,0.0,30793.0,0.0,1.0
1185660.0,2.0,39.0,5000000.0,2000000.0,467703.0,5.0,2.0,0.0,2.0,923771.0,0.0,1.0
7099999.2,6.0,48.0,10000000.0,8000000.0,1051895.0,6.0,3.0,0.0,2.0,1210000.0,0.0,1.0
876000.0,8.0,21.0,2100000.0,1000000.0,99566.0,3.0,0.0,0.0,2.0,30285.0,1.0,0.0
2185800.0,24.0,43.0,3000000.0,0.0,98471.0,6.0,4.0,1.0,0.0,1859484.0,1.0,0.0
3588000.0,6.0,38.0,4000000.0,1000000.0,532552.0,15.0,3.0,0.0,7.0,908526.0,0.0,1.0
1627712.4,12.0,30.0,2800000.0,180000.0,128092.0,3.0,0.0,2.0,1.0,916741.0,0.0,1.0
3432697.1999999997,10.0,38.0,3000000.0,2000000.0,291451.0,10.0,5.0,0.0,2.0,1000000.0,1.0,0.0
3383881.1999999997,24.0,37.0,3000000.0,1500000.0,148754.0,6.0,2.0,1.0,0.0,3085753.0,1.0,0.0
1655022.0,11.0,43.0,1606400.0,500000.0,128912.0,3.0,1.0,0.0,2.0,732877.0,0.0,1.0
1661520.0,12.0,52.0,3000000.0,300000.0,130124.0,8.0,0.0,2.0,4.0,1210000.0,0.0,1.0
1716000.0,24.0,59.0,1920000.0,220000.0,84256.0,2.0,0.0,0.0,2.0,990852.0,0.0,1.0
3072720.0,36.0,26.0,2600000.0,300000.0,105529.0,0.0,0.0,0.0,0.0,2049753.0,1.0,0.0
1620776.4,10.0,40.0,7000000.0,2000000.0,137683.0,5.0,3.0,0.0,1.0,1210000.0,0.0,1.0
2360761.1999999997,6.0,31.0,4500000.0,2000000.0,350956.0,3.0,2.0,0.0,0.0,1210000.0,1.0,0.0
3187681.1999999997,6.0,19.0,2700000.0,600000.0,477399.0,7.0,5.0,0.0,2.0,1662963.0,1.0,0.0
1656000.0,24.0,68.0,1500000.0,300000.0,72227.0,0.0,0.0,0.0,0.0,1210000.0,1.0,0.0
6318120.0,24.0,41.0,4107418.0,1237000.0,289435.0,13.0,3.0,0.0,7.0,4244642.0,1.0,0.0
1868230.8,10.0,46.0,2000000.0,1500000.0,158704.0,5.0,3.0,0.0,0.0,1756872.0,1.0,0.0
1740086.4,11.0,122.0,356991000.0,126111000.0,135383.0,0.0,0.0,0.0,0.0,1210000.0,1.0,0.0
2375559.6,9.0,38.0,6000000.0,2000000.0,223133.0,5.0,3.0,0.0,0.0,4914250.0,0.0,1.0
1868566.8,11.0,35.0,3400000.0,1200000.0,145545.0,2.0,1.0,0.0,1.0,1469806.0,0.0,1.0
1225080.0,6.0,40.0,3500000.0,400000.0,182576.0,6.0,3.0,0.0,0.0,1210000.0,0.0,1.0
2311030.8,11.0,42.0,0.0,2000000.0,195440.0,7.0,4.0,0.0,2.0,885813.0,0.0,1.0
3120000.0,12.0,33.0,2700000.0,100000.0,245527.0,0.0,0.0,0.0,0.0,5609928.0,1.0,0.0
3283080.0,12.0,54.0,7000000.0,2500000.0,257912.0,9.0,7.0,0.0,1.0,1888645.0,1.0,0.0
2678923.1999999997,3.0,40.0,7713000.0,2367000.0,778635.0,4.0,3.0,0.0,0.0,6500000.0,1.0,0.0
3084000.0,24.0,28.0,3540000.0,907000.0,142903.0,2.0,1.0,0.0,1.0,1718587.0,1.0,0.0
3648289.1999999997,30.0,26.0,2280000.0,201000.0,148176.0,4.0,2.0,0.0,1.0,1144154.0,1.0,0.0
773564.4,6.0,36.0,2779398.0,560000.0,106414.0,1.0,1.0,0.0,0.0,2861629.0,1.0,0.0
1620000.0,12.0,69.0,1500000.0,300000.0,127116.0,1.0,0.0,0.0,1.0,1210000.0,1.0,0.0
3855483.5999999996,6.0,32.0,5000000.0,700000.0,535484.0,4.0,4.0,0.0,0.0,1210000.0,1.0,0.0
586680.0,8.0,23.0,5000000.0,2000000.0,61136.0,10.0,4.0,0.0,3.0,983250.0,0.0,1.0
3497023.1999999997,11.0,66.0,1680000.0,627000.0,282269.0,5.0,2.0,0.0,2.0,991320.0,1.0,0.0
2336400.0,24.0,48.0,3200000.0,400000.0,102707.0,2.0,0.0,0.0,1.0,955408.0,1.0,0.0
2400000.0,6.0,43.0,9000000.0,3500000.0,358238.0,8.0,3.0,2.0,0.0,933473.0,0.0,1.0
1052400.0,24.0,59.0,8398000.0,1742000.0,51355.0,12.0,9.0,0.0,2.0,9517285.0,1.0,0.0
2520000.0,8.0,60.0,5000000.0,2000000.0,286424.0,8.0,3.0,2.0,0.0,916148.0,0.0,1.0
1269000.0,2.0,46.0,5000000.0,2000000.0,500357.0,5.0,2.0,0.0,2.0,1341245.0,0.0,1.0
5438400.0,12.0,58.0,5000000.0,2500000.0,428018.0,8.0,6.0,0.0,1.0,1000000.0,0.0,1.0
1793216.4,9.0,22.0,1200000.0,600000.0,167631.0,0.0,0.0,0.0,0.0,1210000.0,0.0,1.0
1958281.2,12.0,34.0,1700000.0,500000.0,135992.0,7.0,2.0,0.0,2.0,1814369.0,1.0,0.0
1763881.2,6.0,56.0,6800000.0,3593000.0,265497.0,2.0,2.0,0.0,0.0,1210000.0,0.0,1.0
2340594.0,24.0,32.0,1500000.0,800000.0,102871.0,3.0,1.0,0.0,2.0,1662582.0,1.0,0.0
1296000.0,6.0,45.0,2000000.0,400000.0,192491.0,5.0,3.0,0.0,0.0,2272402.0,1.0,0.0
1698840.0,12.0,62.0,1000000.0,0.0,133689.0,6.0,1.0,0.0,5.0,939017.0,1.0,0.0
1096800.0,6.0,48.0,15500000.0,6000000.0,163715.0,17.0,12.0,0.0,3.0,2781260.0,0.0,1.0
1559880.0,12.0,63.0,2500000.0,450000.0,122449.0,2.0,0.0,0.0,2.0,908526.0,1.0,0.0
4535280.0,24.0,48.0,4350000.0,1060000.0,204316.0,7.0,2.0,0.0,4.0,1210000.0,0.0,1.0
561600.0,6.0,54.0,3800000.0,2000000.0,84115.0,4.0,1.0,1.0,0.0,946640.0,0.0,1.0
2431046.4,10.0,57.0,7048000.0,4078000.0,209122.0,9.0,8.0,0.0,0.0,4479699.0,1.0,0.0
3406812.0,9.0,39.0,4000000.0,2500000.0,319386.0,8.0,0.0,0.0,3.0,1210000.0,0.0,1.0
2340000.0,12.0,49.0,2000000.0,500000.0,162500.0,7.0,3.0,2.0,0.0,1495117.0,1.0,0.0
636456.0,6.0,39.0,3800000.0,1500000.0,95902.0,5.0,1.0,0.0,0.0,1210000.0,0.0,1.0
1311600.0,8.0,58.0,3800000.0,1800000.0,150494.0,3.0,1.0,1.0,0.0,900000.0,0.0,1.0
2802892.8,9.0,37.0,8000000.0,5000000.0,262017.0,7.0,4.0,1.0,0.0,931394.0,0.0,1.0
3402840.0,6.0,56.0,3500000.0,1000000.0,504029.0,0.0,0.0,0.0,0.0,2974089.0,1.0,0.0
3205560.0,6.0,31.0,1800000.0,200000.0,475770.0,2.0,1.0,0.0,1.0,816055.0,1.0,0.0
4438320.0,24.0,29.0,2200000.0,600000.0,194473.0,3.0,2.0,0.0,1.0,1809685.0,1.0,0.0
1056000.0,10.0,22.0,1200000.0,300000.0,98472.0,2.0,0.0,0.0,1.0,516667.0,1.0,0.0
921540.0,10.0,40.0,1300000.0,450000.0,85717.0,0.0,0.0,0.0,0.0,1183085.0,1.0,0.0
1584000.0,10.0,25.0,1200000.0,291000.0,147721.0,2.0,0.0,1.0,1.0,1198948.0,1.0,0.0
2100000.0,8.0,26.0,3000000.0,700000.0,242095.0,2.0,1.0,0.0,0.0,1210000.0,0.0,1.0
4743596.399999999,9.0,29.0,4000000.0,1000000.0,444709.0,5.0,2.0,0.0,2.0,4517563.0,0.0,1.0
2646732.0,18.0,45.0,1400000.0,200000.0,147790.0,11.0,4.0,1.0,5.0,1357033.0,1.0,0.0
1424280.0,12.0,40.0,4000000.0,1000000.0,112037.0,6.0,0.0,0.0,0.0,1210000.0,0.0,1.0
3018555.6,12.0,48.0,1800000.0,600000.0,236067.0,4.0,3.0,0.0,0.0,1210000.0,0.0,1.0
633600.0,6.0,21.0,1100000.0,300000.0,95474.0,2.0,1.0,0.0,1.0,1200294.0,1.0,0.0
2147521.1999999997,6.0,56.0,6800000.0,290000.0,298267.0,9.0,5.0,0.0,0.0,6419700.0,1.0,0.0
3429240.0,12.0,40.0,2000000.0,300000.0,238142.0,3.0,2.0,0.0,0.0,916148.0,1.0,0.0
3432000.0,6.0,32.0,5000000.0,1000000.0,508002.0,7.0,3.0,0.0,3.0,641419.0,0.0,1.0
2400000.0,6.0,54.0,3000000.0,1500000.0,356222.0,4.0,3.0,0.0,0.0,1875347.0,0.0,1.0
1260000.0,8.0,29.0,2500000.0,700000.0,143325.0,5.0,2.0,1.0,2.0,837001.0,1.0,0.0
3354842.4,12.0,54.0,2500000.0,500000.0,262696.0,5.0,3.0,0.0,1.0,908526.0,1.0,0.0
1131900.0,6.0,34.0,1500000.0,480000.0,168281.0,2.0,1.0,0.0,0.0,959344.0,1.0,0.0
1679640.0,10.0,43.0,1800000.0,600000.0,155263.0,8.0,2.0,0.0,1.0,908526.0,1.0,0.0
2366280.0,12.0,50.0,2800000.0,500000.0,164325.0,14.0,4.0,0.0,6.0,908526.0,0.0,1.0
3096000.0,6.0,61.0,12000000.0,4500000.0,458685.0,17.0,9.0,0.0,5.0,1210000.0,0.0,1.0
2107080.0,12.0,25.0,2000000.0,700000.0,146325.0,5.0,3.0,0.0,0.0,166667.0,1.0,0.0
564000.0,6.0,66.0,1800000.0,400000.0,84186.0,13.0,1.0,0.0,9.0,1210000.0,0.0,1.0
2763254.4,9.0,41.0,7340000.0,3457000.0,257694.0,4.0,2.0,0.0,1.0,1210000.0,0.0,1.0
2000076.0,10.0,67.0,1500000.0,600000.0,170261.0,3.0,3.0,0.0,0.0,1100000.0,0.0,1.0
1109160.0,4.0,38.0,5000000.0,2000000.0,223107.0,9.0,8.0,0.0,1.0,981909.0,0.0,1.0
4044600.0,24.0,56.0,2720000.0,1384000.0,191631.0,5.0,3.0,0.0,1.0,908526.0,1.0,0.0
1728000.0,6.0,25.0,2800000.0,1.0,260377.0,6.0,2.0,1.0,2.0,808122.0,1.0,0.0
3144000.0,8.0,33.0,1500000.0,3000000.0,363526.0,4.0,2.0,2.0,0.0,958420.0,0.0,1.0
3514020.0,6.0,37.0,5000000.0,200000.0,521023.0,6.0,3.0,0.0,3.0,1210000.0,1.0,0.0
2644680.0,12.0,61.0,2800000.0,550000.0,207519.0,1.0,1.0,0.0,0.0,908526.0,1.0,0.0
599880.0,6.0,61.0,1500000.0,800000.0,89180.0,4.0,2.0,0.0,1.0,1210000.0,0.0,1.0
964018.7999999999,6.0,46.0,2000000.0,700000.0,131634.0,0.0,0.0,0.0,0.0,1210000.0,0.0,1.0
1329600.0,6.0,45.0,3200000.0,0.0,197617.0,6.0,2.0,0.0,0.0,1210000.0,0.0,1.0
821208.0,11.0,45.0,5000000.0,2000000.0,64184.0,6.0,4.0,0.0,2.0,954263.0,1.0,0.0
971880.0,6.0,24.0,3360000.0,1008000.0,146286.0,5.0,2.0,0.0,1.0,1210000.0,1.0,0.0
1604400.0,2.0,53.0,5000000.0,2000000.0,632882.0,3.0,1.0,0.0,1.0,1200000.0,0.0,1.0
1422489.5999999999,10.0,47.0,3000000.0,1400000.0,120966.0,2.0,0.0,0.0,1.0,5250335.0,1.0,0.0
936480.0,3.0,37.0,6000000.0,2000000.0,248522.0,35.0,14.0,0.0,20.0,1200000.0,0.0,1.0
400800.0,6.0,37.0,1800000.0,600000.0,59530.0,4.0,3.0,0.0,0.0,916841.0,1.0,0.0
707640.0,12.0,41.0,2200000.0,600000.0,55595.0,3.0,2.0,0.0,1.0,1210000.0,1.0,0.0
1737499.2,12.0,37.0,1300000.0,100000.0,136675.0,5.0,4.0,1.0,0.0,1041166.0,1.0,0.0
8338550.399999999,10.0,51.0,3500000.0,1500000.0,770754.0,5.0,3.0,0.0,0.0,939017.0,0.0,1.0
4229152.8,9.0,26.0,5000000.0,3000000.0,395534.0,1.0,0.0,0.0,0.0,1210000.0,0.0,1.0
684600.0,6.0,43.0,3800000.0,260000.0,101609.0,9.0,6.0,0.0,2.0,1210000.0,0.0,1.0
936000.0,8.0,44.0,3000000.0,200000.0,107397.0,9.0,1.0,0.0,8.0,1453347.0,1.0,0.0
2775238.8,10.0,68.0,1900000.0,1200000.0,236248.0,12.0,7.0,0.0,3.0,1210000.0,0.0,1.0
2237139.6,10.0,69.0,3000000.0,1600000.0,189744.0,10.0,8.0,0.0,0.0,3169775.0,1.0,0.0
2591307.6,11.0,60.0,3100000.0,1750000.0,202417.0,8.0,5.0,0.0,1.0,1100000.0,1.0,0.0
1127880.0,8.0,54.0,1000000.0,300000.0,128850.0,3.0,2.0,0.0,0.0,1027415.0,1.0,0.0
3600000.0,12.0,60.0,5000000.0,1300000.0,281539.0,4.0,1.0,2.0,1.0,1873712.0,0.0,1.0
1908000.0,8.0,66.0,35000000.0,10000000.0,216847.0,13.0,10.0,0.0,1.0,440000.0,0.0,1.0
1496880.0,12.0,59.0,4800000.0,2000000.0,117455.0,9.0,3.0,1.0,3.0,1210000.0,1.0,0.0
3215640.0,12.0,52.0,4000000.0,900000.0,223308.0,5.0,3.0,0.0,2.0,1210000.0,0.0,1.0
3364800.0,6.0,45.0,6000000.0,2000000.0,499765.0,8.0,3.0,1.0,0.0,5044761.0,1.0,0.0
1866638.4,6.0,24.0,1500000.0,700000.0,281274.0,5.0,0.0,0.0,3.0,1000000.0,1.0,0.0
2079566.4,12.0,64.0,2500000.0,600000.0,164861.0,4.0,4.0,0.0,0.0,939017.0,1.0,0.0
636000.0,6.0,43.0,3000000.0,1500000.0,94226.0,2.0,0.0,0.0,0.0,1000000.0,1.0,0.0
2856360.0,6.0,36.0,2140000.0,192000.0,427779.0,7.0,3.0,0.0,1.0,1590555.0,1.0,0.0
7133497.2,8.0,27.0,8000000.0,4000000.0,743360.0,7.0,4.0,0.0,1.0,981818.0,0.0,1.0
2302339.1999999997,11.0,43.0,4000000.0,2000000.0,179128.0,9.0,5.0,0.0,2.0,999378.0,0.0,1.0
4317361.2,12.0,51.0,3000000.0,2000000.0,299817.0,7.0,4.0,0.0,1.0,1210000.0,0.0,1.0
900000.0,6.0,68.0,2500000.0,250000.0,133339.0,4.0,0.0,0.0,2.0,1210000.0,0.0,1.0
5987698.8,9.0,62.0,4190000.0,2260000.0,584920.0,5.0,1.0,0.0,1.0,1210000.0,0.0,1.0
2738280.0,6.0,47.0,20000000.0,7000000.0,406153.0,26.0,23.0,0.0,1.0,3090909.0,1.0,0.0
2130000.0,12.0,35.0,1698000.0,1006000.0,177242.0,7.0,3.0,0.0,3.0,991684.0,1.0,0.0
1118400.0,6.0,48.0,2000000.0,300000.0,165696.0,3.0,1.0,0.0,0.0,966800.0,1.0,0.0
2144097.6,10.0,36.0,3000000.0,1000000.0,181852.0,5.0,3.0,0.0,1.0,2226645.0,1.0,0.0
8640000.0,6.0,37.0,4000000.0,1500000.0,1282399.0,7.0,3.0,0.0,0.0,923771.0,0.0,1.0
720000.0,6.0,23.0,1460000.0,0.0,109666.0,0.0,0.0,0.0,0.0,1210000.0,1.0,0.0
7200000.0,12.0,58.0,1500000.0,250000.0,564921.0,3.0,0.0,0.0,3.0,908526.0,0.0,1.0
1369200.0,6.0,25.0,3800000.0,1250000.0,203217.0,1.0,0.0,0.0,1.0,1210000.0,0.0,1.0
2910600.0,6.0,38.0,4790000.0,2221000.0,446258.0,7.0,5.0,0.0,1.0,1210000.0,1.0,0.0
1800000.0,6.0,27.0,3500000.0,500000.0,267166.0,0.0,0.0,0.0,0.0,1210000.0,0.0,1.0
3216000.0,10.0,41.0,6700000.0,2680000.0,298016.0,4.0,3.0,0.0,1.0,454263.0,0.0,1.0
1497974.4,10.0,53.0,2600000.0,1400000.0,127051.0,6.0,4.0,1.0,1.0,2625833.0,1.0,0.0
750708.0,5.0,52.0,4000000.0,2000000.0,121575.0,5.0,1.0,0.0,3.0,1210000.0,0.0,1.0
1636800.0,6.0,47.0,2200000.0,700000.0,243109.0,3.0,2.0,1.0,0.0,4082770.0,0.0,1.0
504000.0,8.0,29.0,2300000.0,512000.0,58277.0,4.0,1.0,0.0,2.0,1210000.0,1.0,0.0
2640000.0,36.0,35.0,2000000.0,600000.0,84932.0,5.0,1.0,3.0,1.0,1784487.0,1.0,0.0
639360.0,12.0,50.0,1500000.0,600000.0,50103.0,6.0,3.0,0.0,0.0,1420524.0,1.0,0.0
4576740.0,10.0,46.0,3000000.0,1350000.0,389197.0,10.0,8.0,0.0,1.0,3267941.0,1.0,0.0
3753360.0,12.0,23.0,3200000.0,850000.0,260650.0,2.0,1.0,0.0,1.0,2080457.0,1.0,0.0
1656000.0,6.0,22.0,3500000.0,1500000.0,247184.0,7.0,1.0,1.0,1.0,955980.0,0.0,1.0
1604400.0,3.0,55.0,5000000.0,2000000.0,425775.0,5.0,3.0,0.0,1.0,1210000.0,0.0,1.0
935880.0,6.0,30.0,1409000.0,160000.0,140867.0,2.0,0.0,0.0,2.0,1409000.0,1.0,0.0
889310.4,6.0,36.0,3600000.0,800000.0,132536.0,8.0,3.0,0.0,3.0,1210000.0,0.0,1.0
1485120.0,5.0,36.0,3000000.0,1000000.0,240861.0,6.0,3.0,0.0,2.0,1210000.0,1.0,0.0
3780480.0,36.0,21.0,3000000.0,300000.0,125561.0,3.0,2.0,0.0,1.0,1057146.0,1.0,0.0
2391894.0,10.0,58.0,3000000.0,1500000.0,203189.0,0.0,0.0,0.0,0.0,908526.0,0.0,1.0
3450000.0,12.0,41.0,4000000.0,2000000.0,269808.0,5.0,4.0,0.0,0.0,1008333.0,0.0,1.0
1880280.0,6.0,61.0,1500000.0,300000.0,281598.0,6.0,3.0,0.0,2.0,961885.0,1.0,0.0
3955081.1999999997,12.0,38.0,6000000.0,800000.0,274658.0,11.0,6.0,2.0,1.0,6515417.0,1.0,0.0
1656360.0,6.0,64.0,2980000.0,461000.0,248063.0,3.0,1.0,0.0,0.0,966736.0,1.0,0.0
2450221.1999999997,18.0,27.0,1500000.0,100000.0,135614.0,7.0,4.0,0.0,2.0,1282902.0,1.0,0.0
960000.0,6.0,58.0,5000000.0,1600000.0,142228.0,1.0,0.0,0.0,0.0,832815.0,0.0,1.0
3806880.0,6.0,44.0,4090000.0,964000.0,575718.0,7.0,5.0,0.0,2.0,1266666.0,0.0,1.0
3586916.4,9.0,41.0,3800000.0,1600000.0,335308.0,18.0,15.0,0.0,2.0,2021403.0,0.0,1.0
1604400.0,5.0,53.0,5000000.0,20000000.0,260206.0,6.0,1.0,0.0,4.0,30285.0,0.0,1.0
2087148.0,10.0,68.0,2700000.0,1300000.0,177022.0,3.0,2.0,0.0,0.0,1210000.0,1.0,0.0
624000.0,6.0,49.0,4350000.0,2602000.0,95668.0,8.0,6.0,0.0,2.0,1210000.0,1.0,0.0
4130400.0,6.0,55.0,6500000.0,0.0,613896.0,3.0,0.0,0.0,1.0,1210000.0,0.0,1.0
1240920.0,6.0,41.0,6000000.0,3000000.0,184058.0,2.0,2.0,0.0,0.0,6896000.0,1.0,0.0
1269000.0,7.0,41.0,5000000.0,2000000.0,150036.0,23.0,13.0,0.0,6.0,3917774.0,0.0,1.0
1269000.0,5.0,40.0,5000000.0,2000000.0,205990.0,6.0,3.0,0.0,3.0,1210000.0,0.0,1.0
3150000.0,12.0,46.0,1500000.0,0.0,248982.0,6.0,4.0,0.0,1.0,925157.0,1.0,0.0
2987667.6,9.0,48.0,1400000.0,1000000.0,280092.0,2.0,0.0,0.0,0.0,954263.0,1.0,0.0
4279800.0,36.0,55.0,5220000.0,1662000.0,160012.0,9.0,6.0,0.0,0.0,1210000.0,1.0,0.0
1533600.0,12.0,64.0,2000000.0,500000.0,120386.0,8.0,3.0,0.0,4.0,908526.0,1.0,0.0
1248000.0,6.0,67.0,3960000.0,1307000.0,186922.0,9.0,5.0,0.0,1.0,1210000.0,0.0,1.0
936000.0,10.0,29.0,2000000.0,20000.0,87062.0,1.0,0.0,0.0,1.0,1122899.0,1.0,0.0
1267844.4,10.0,58.0,4000000.0,2000000.0,107533.0,11.0,4.0,0.0,4.0,1210000.0,0.0,1.0
3705780.0,12.0,39.0,5000000.0,600000.0,291142.0,10.0,8.0,0.0,0.0,1210000.0,1.0,0.0
2321846.4,9.0,44.0,5000000.0,3000000.0,216840.0,2.0,0.0,0.0,0.0,30285.0,0.0,1.0
3021361.1999999997,6.0,35.0,9000000.0,1000000.0,419634.0,12.0,8.0,0.0,2.0,7121429.0,1.0,0.0
1691640.0,12.0,26.0,1600000.0,700000.0,132892.0,5.0,4.0,0.0,0.0,1377501.0,1.0,0.0
1026000.0,10.0,27.0,1600000.0,200000.0,96183.0,2.0,2.0,0.0,0.0,1451459.0,1.0,0.0
2797383.6,9.0,25.0,3800000.0,1500000.0,261877.0,11.0,5.0,0.0,3.0,1215503.0,0.0,1.0
3360000.0,8.0,39.0,2100000.0,450000.0,381426.0,8.0,5.0,0.0,0.0,2154438.0,1.0,0.0
2014753.2,11.0,38.0,2010000.0,654000.0,159178.0,1.0,1.0,0.0,0.0,5292856.0,1.0,0.0
1404000.0,6.0,31.0,2500000.0,1000000.0,208675.0,7.0,2.0,0.0,4.0,925157.0,1.0,0.0
1096680.0,10.0,41.0,2200000.0,500000.0,101375.0,4.0,1.0,0.0,0.0,883289.0,1.0,0.0
1916544.0,8.0,44.0,7148148.0,798000.0,219906.0,6.0,2.0,0.0,1.0,6735779.0,1.0,0.0
3382440.0,24.0,53.0,3500000.0,500000.0,148690.0,9.0,6.0,0.0,0.0,1210000.0,0.0,1.0
8448000.0,6.0,50.0,35000000.0,15000000.0,1255614.0,13.0,11.0,0.0,1.0,891487.0,0.0,1.0
1342186.8,9.0,30.0,3000000.0,1000000.0,125349.0,6.0,2.0,0.0,1.0,2998648.0,1.0,0.0
1872000.0,12.0,44.0,6000000.0,4000000.0,146400.0,4.0,2.0,0.0,2.0,916148.0,0.0,1.0
2848092.0,9.0,39.0,1860000.0,0.0,269436.0,2.0,1.0,0.0,0.0,969508.0,0.0,1.0
2848800.0,12.0,48.0,2000000.0,700000.0,223108.0,4.0,2.0,0.0,1.0,1049852.0,1.0,0.0
8730900.0,18.0,36.0,4400000.0,4014000.0,513564.0,12.0,7.0,0.0,3.0,4389804.0,1.0,0.0
654000.0,12.0,41.0,2981000.0,1725000.0,54500.0,4.0,2.0,0.0,1.0,2891523.0,1.0,0.0
2174388.0,5.0,122.0,125368664.0,4081054.0,359133.0,0.0,0.0,0.0,0.0,1210000.0,1.0,0.0
878880.0,5.0,35.0,5000000.0,2000000.0,142457.0,5.0,1.0,0.0,3.0,1210000.0,0.0,1.0
696000.0,10.0,31.0,4000000.0,500000.0,64360.0,6.0,2.0,0.0,1.0,1370928.0,1.0,0.0
7660800.0,6.0,46.0,14000000.0,7000000.0,1138555.0,5.0,3.0,0.0,2.0,670667.0,0.0,1.0
3962460.0,24.0,49.0,3000000.0,1800000.0,173622.0,6.0,6.0,0.0,0.0,923771.0,1.0,0.0
1070400.0,6.0,22.0,3500000.0,100000.0,160322.0,3.0,1.0,0.0,2.0,875000.0,0.0,1.0
14400000.0,12.0,36.0,15000000.0,0.0,1132626.0,18.0,15.0,0.0,1.0,1210000.0,0.0,1.0
1991880.0,6.0,44.0,5000000.0,1500000.0,297336.0,6.0,3.0,0.0,0.0,950363.0,0.0,1.0
1824000.0,24.0,37.0,1000000.0,147000.0,83865.0,3.0,2.0,0.0,1.0,961885.0,0.0,1.0
799680.0,11.0,52.0,3100000.0,1450000.0,62217.0,5.0,0.0,0.0,0.0,1210000.0,1.0,0.0
900000.0,6.0,60.0,1000000.0,0.0,134120.0,2.0,1.0,1.0,0.0,931394.0,1.0,0.0
1269000.0,2.0,57.0,5000000.0,2000000.0,500578.0,8.0,3.0,1.0,3.0,1210000.0,0.0,1.0
1744371.5999999999,9.0,60.0,2800000.0,1800000.0,163456.0,3.0,1.0,2.0,0.0,3036763.0,1.0,0.0
967864.7999999999,10.0,37.0,1500000.0,800000.0,82608.0,2.0,0.0,1.0,0.0,1210000.0,1.0,0.0
1163880.0,6.0,23.0,4000000.0,2400000.0,174307.0,4.0,2.0,0.0,0.0,777906.0,1.0,0.0
784200.0,5.0,26.0,5000000.0,2000000.0,127295.0,3.0,1.0,0.0,1.0,2016748.0,0.0,1.0
935760.0,6.0,33.0,3500000.0,1000000.0,138745.0,3.0,2.0,0.0,0.0,1503333.0,1.0,0.0
1561018.8,10.0,23.0,2000000.0,0.0,132607.0,0.0,0.0,0.0,0.0,931394.0,1.0,0.0
1055187.5999999999,10.0,66.0,6000000.0,4000000.0,89590.0,12.0,9.0,1.0,0.0,923771.0,0.0,1.0
496080.0,6.0,31.0,2000000.0,300000.0,73681.0,3.0,1.0,1.0,1.0,2038303.0,1.0,0.0
960000.0,6.0,34.0,2000000.0,1200000.0,142821.0,7.0,3.0,0.0,3.0,3736512.0,1.0,0.0
1140000.0,8.0,25.0,1300000.0,70000.0,130805.0,4.0,1.0,1.0,2.0,1014516.0,1.0,0.0
1403881.2,12.0,58.0,2000000.0,200000.0,110295.0,4.0,3.0,0.0,0.0,1833683.0,1.0,0.0
720000.0,10.0,54.0,3000000.0,700000.0,67884.0,4.0,1.0,0.0,1.0,950105.0,0.0,1.0
6327600.0,30.0,37.0,1300000.0,400000.0,233823.0,2.0,1.0,0.0,1.0,1150000.0,1.0,0.0
2797383.6,9.0,40.0,3600000.0,1500000.0,262253.0,6.0,3.0,0.0,1.0,3652151.0,1.0,0.0
2240042.4,6.0,41.0,5000000.0,2500000.0,332707.0,1.0,0.0,0.0,0.0,5355454.0,1.0,0.0
1406216.4,9.0,38.0,3300000.0,1000000.0,131832.0,4.0,1.0,1.0,0.0,1070541.0,1.0,0.0
1518000.0,6.0,44.0,4890000.0,2150000.0,229275.0,14.0,7.0,1.0,6.0,3491481.0,1.0,0.0
2310750.0,11.0,55.0,3100000.0,1400000.0,180296.0,11.0,6.0,0.0,5.0,1210000.0,0.0,1.0
3571176.0,11.0,39.0,2203000.0,0.0,289874.0,1.0,0.0,0.0,0.0,992377.0,0.0,1.0
1439760.0,6.0,25.0,1100000.0,500000.0,213698.0,0.0,0.0,0.0,0.0,907700.0,1.0,0.0
4852800.0,6.0,30.0,8000000.0,2500000.0,723222.0,3.0,1.0,1.0,0.0,1210000.0,0.0,1.0
3556204.8,11.0,32.0,2000000.0,1500000.0,277947.0,3.0,2.0,0.0,0.0,1467837.0,1.0,0.0
2884560.0,12.0,29.0,3000000.0,1000000.0,200317.0,5.0,2.0,0.0,0.0,908526.0,1.0,0.0
1497980.4,10.0,53.0,3000000.0,1200000.0,127052.0,10.0,5.0,0.0,3.0,2850400.0,1.0,0.0
1351008.0,10.0,42.0,2500000.0,900000.0,114586.0,18.0,10.0,2.0,5.0,2927168.0,1.0,0.0
2836196.4,18.0,26.0,3000000.0,1100000.0,156682.0,8.0,2.0,0.0,2.0,1774531.0,1.0,0.0
2712000.0,8.0,40.0,3000000.0,1200000.0,308134.0,5.0,1.0,1.0,2.0,838277.0,0.0,1.0
1673476.8,9.0,36.0,3000000.0,1500000.0,156663.0,6.0,3.0,1.0,2.0,1588750.0,1.0,0.0
6522000.0,6.0,34.0,5000000.0,1500000.0,969356.0,4.0,3.0,0.0,0.0,960000.0,0.0,1.0
4454400.0,36.0,30.0,2000000.0,1000000.0,147943.0,7.0,1.0,0.0,6.0,950105.0,1.0,0.0
4862880.0,12.0,36.0,4000000.0,2000000.0,337700.0,2.0,1.0,0.0,0.0,4192073.0,0.0,1.0
1511881.2,12.0,39.0,2200000.0,800000.0,104992.0,4.0,2.0,0.0,0.0,1710624.0,1.0,0.0
2376000.0,12.0,41.0,4790000.0,1800000.0,165000.0,6.0,0.0,0.0,1.0,1732252.0,0.0,1.0
3191354.4,9.0,47.0,2500000.0,1000000.0,298473.0,11.0,5.0,0.0,2.0,1000000.0,0.0,1.0
3000000.0,12.0,46.0,5000000.0,2500000.0,235384.0,14.0,8.0,0.0,4.0,1500000.0,0.0,1.0
741600.0,6.0,65.0,2000000.0,0.0,110329.0,10.0,2.0,0.0,6.0,847958.0,0.0,1.0
1848000.0,12.0,51.0,1500000.0,500000.0,144523.0,7.0,1.0,0.0,6.0,1210000.0,0.0,1.0
1249776.0,10.0,41.0,2000000.0,800000.0,106279.0,9.0,6.0,0.0,0.0,933473.0,1.0,0.0
3977641.1999999997,12.0,23.0,2500000.0,700000.0,276225.0,5.0,3.0,0.0,1.0,908526.0,1.0,0.0
3600000.0,36.0,41.0,4036000.0,772000.0,137441.0,4.0,2.0,1.0,0.0,1830333.0,1.0,0.0
1320000.0,10.0,58.0,5000000.0,2000000.0,121819.0,4.0,2.0,1.0,0.0,1210000.0,1.0,0.0
14352000.0,6.0,55.0,28000000.0,21000000.0,2131664.0,4.0,4.0,0.0,0.0,1925933.0,0.0,1.0
1269000.0,5.0,58.0,5000000.0,2000000.0,206169.0,4.0,2.0,0.0,2.0,848449.0,0.0,1.0
1865880.0,6.0,61.0,2800000.0,600000.0,277386.0,3.0,2.0,0.0,0.0,1210000.0,0.0,1.0
2130000.0,12.0,30.0,2900000.0,350000.0,167827.0,4.0,2.0,2.0,0.0,3580311.0,1.0,0.0
2173500.0,10.0,26.0,2000000.0,500000.0,200587.0,2.0,1.0,0.0,0.0,1210000.0,0.0,1.0
2168076.0,9.0,48.0,4000000.0,3000000.0,202480.0,6.0,3.0,0.0,1.0,1691083.0,0.0,1.0
1115648.4,11.0,28.0,1600000.0,1000000.0,87197.0,3.0,2.0,0.0,0.0,2809747.0,1.0,0.0
2338560.0,12.0,27.0,2000000.0,900000.0,188597.0,8.0,2.0,0.0,4.0,1881834.0,1.0,0.0
769680.0,6.0,34.0,817776.0,174000.0,115851.0,3.0,0.0,2.0,1.0,817776.0,0.0,1.0
1522963.2,2.0,53.0,2000000.0,1500000.0,600493.0,8.0,5.0,0.0,0.0,1210000.0,1.0,0.0
540475.2,9.0,41.0,5000000.0,3000000.0,50597.0,4.0,2.0,0.0,0.0,4788504.0,1.0,0.0
3331815.6,4.0,52.0,5000000.0,3000000.0,668892.0,4.0,4.0,0.0,0.0,1303200.0,0.0,1.0
2001477.5999999999,9.0,37.0,2500000.0,1300000.0,189586.0,3.0,2.0,0.0,0.0,366667.0,0.0,1.0
1258341.5999999999,10.0,64.0,12980000.0,3000000.0,106727.0,14.0,8.0,0.0,0.0,2030138.0,1.0,0.0
2665996.8,10.0,55.0,2400000.0,1200000.0,227068.0,6.0,2.0,1.0,1.0,2172323.0,1.0,0.0
8568000.0,8.0,55.0,25000000.0,8000000.0,969517.0,6.0,4.0,1.0,0.0,908526.0,0.0,1.0
1567800.0,12.0,35.0,1300000.0,300000.0,122785.0,2.0,0.0,0.0,1.0,952360.0,1.0,0.0
1127760.0,6.0,35.0,1800000.0,1000000.0,167389.0,4.0,0.0,0.0,1.0,908526.0,1.0,0.0
2146414.8,10.0,50.0,1800000.0,1200000.0,182527.0,8.0,2.0,0.0,6.0,1672953.0,1.0,0.0
1200000.0,12.0,41.0,9000000.0,1500000.0,94861.0,6.0,3.0,1.0,1.0,798745.0,0.0,1.0
2182560.0,6.0,48.0,8000000.0,5000000.0,303133.0,5.0,3.0,0.0,0.0,9046500.0,1.0,0.0
1661521.2,12.0,25.0,3200000.0,1500000.0,130536.0,1.0,1.0,0.0,0.0,1210000.0,1.0,0.0
1522572.0,6.0,33.0,1200000.0,200000.0,226349.0,3.0,0.0,0.0,3.0,1210000.0,0.0,1.0
2966760.0,9.0,66.0,5390000.0,0.0,287106.0,4.0,1.0,1.0,1.0,2334028.0,1.0,0.0
1311600.0,8.0,39.0,3800000.0,1800000.0,150494.0,8.0,4.0,1.0,0.0,30285.0,0.0,1.0
2293012.8,9.0,44.0,3000000.0,2000000.0,214148.0,4.0,3.0,1.0,0.0,1035000.0,1.0,0.0
1051081.2,12.0,37.0,2000000.0,700000.0,72992.0,11.0,4.0,2.0,1.0,2124347.0,1.0,0.0
1380000.0,12.0,41.0,2500000.0,1500000.0,108733.0,4.0,1.0,1.0,1.0,1996762.0,1.0,0.0
1967880.0,12.0,33.0,2000000.0,500000.0,155563.0,4.0,2.0,0.0,1.0,1210000.0,0.0,1.0
1067880.0,6.0,31.0,1500000.0,400000.0,148317.0,3.0,1.0,1.0,1.0,1349941.0,1.0,0.0
3169874.4,9.0,55.0,1000000.0,1056000.0,299877.0,6.0,4.0,0.0,0.0,969508.0,0.0,1.0
1825320.0,9.0,24.0,2800000.0,1700000.0,169410.0,2.0,2.0,0.0,0.0,1116493.0,0.0,1.0
3228000.0,12.0,38.0,4500000.0,1500000.0,253921.0,5.0,3.0,1.0,0.0,908526.0,1.0,0.0
2577034.8,6.0,30.0,8400000.0,4000000.0,385946.0,5.0,3.0,1.0,0.0,6918738.0,1.0,0.0
8400000.0,6.0,42.0,40000000.0,10000000.0,1262710.0,13.0,9.0,1.0,3.0,950105.0,0.0,1.0
1257812.4,10.0,57.0,3000000.0,2000000.0,107074.0,5.0,0.0,0.0,2.0,1210000.0,0.0,1.0
1859480.4,2.0,55.0,3000000.0,1800000.0,732964.0,5.0,1.0,0.0,1.0,1210000.0,0.0,1.0
3598260.0,12.0,32.0,2500000.0,1000000.0,282695.0,6.0,3.0,0.0,2.0,1210000.0,0.0,1.0
600000.0,6.0,32.0,1400000.0,250000.0,89560.0,1.0,0.0,0.0,1.0,1523944.0,0.0,1.0
1634103.5999999999,24.0,48.0,2511000.0,993000.0,75720.0,8.0,4.0,0.0,3.0,2463330.0,1.0,0.0
655803.6,12.0,26.0,1900000.0,900000.0,45542.0,7.0,2.0,0.0,2.0,908526.0,1.0,0.0
1450560.0,12.0,63.0,2624000.0,800000.0,113821.0,6.0,1.0,1.0,3.0,1210000.0,1.0,0.0
1929896.4,6.0,62.0,3000000.0,0.0,286920.0,4.0,2.0,0.0,0.0,598781.0,0.0,1.0
1656000.0,12.0,25.0,3500000.0,2000000.0,129941.0,7.0,3.0,0.0,1.0,399752.0,0.0,1.0
2439482.4,10.0,51.0,4000000.0,2000000.0,207449.0,5.0,3.0,0.0,0.0,2010633.0,1.0,0.0
1144800.0,6.0,24.0,2800000.0,1800000.0,170189.0,5.0,1.0,0.0,2.0,30285.0,1.0,0.0
731808.0,6.0,46.0,4590000.0,3161000.0,110672.0,5.0,1.0,0.0,3.0,1210000.0,1.0,0.0
4520738.399999999,9.0,37.0,8030000.0,3749000.0,430728.0,6.0,4.0,0.0,0.0,2400000.0,1.0,0.0
3687768.0,6.0,44.0,1000000.0,200000.0,547360.0,9.0,0.0,0.0,4.0,1210000.0,0.0,1.0
2064480.0,18.0,46.0,3200000.0,700000.0,113748.0,5.0,3.0,0.0,2.0,1210000.0,1.0,0.0
2747880.0,10.0,40.0,5000000.0,1000000.0,255619.0,7.0,6.0,0.0,0.0,1472727.0,1.0,0.0
2606280.0,6.0,30.0,2200000.0,800000.0,386839.0,3.0,0.0,0.0,1.0,1558851.0,1.0,0.0
3216000.0,6.0,39.0,4060000.0,2500000.0,476464.0,8.0,5.0,0.0,0.0,1488066.0,1.0,0.0
8640000.0,36.0,44.0,2470000.0,187000.0,328804.0,1.0,1.0,0.0,0.0,951851.0,1.0,0.0
1672681.2,12.0,43.0,2000000.0,500000.0,131413.0,1.0,1.0,0.0,0.0,1210000.0,0.0,1.0
2465520.0,6.0,47.0,1700000.0,400000.0,342433.0,5.0,3.0,0.0,0.0,922987.0,1.0,0.0
1244880.0,24.0,34.0,3500000.0,200000.0,54212.0,2.0,2.0,0.0,0.0,1842701.0,1.0,0.0
936480.0,9.0,43.0,5000000.0,3000000.0,88653.0,11.0,7.0,1.0,0.0,4287998.0,1.0,0.0
1655880.0,6.0,56.0,1500000.0,500000.0,245517.0,8.0,3.0,0.0,0.0,731502.0,1.0,0.0
15226120.799999999,11.0,122.0,91832815.0,6736484.0,1289114.0,0.0,0.0,0.0,0.0,1210000.0,1.0,0.0
600000.0,6.0,62.0,2100000.0,730000.0,90311.0,7.0,3.0,0.0,2.0,1210000.0,0.0,1.0
1347326.4,10.0,48.0,4500000.0,2000000.0,114094.0,7.0,1.0,0.0,2.0,1210000.0,1.0,0.0
1524180.0,6.0,23.0,1600000.0,500000.0,226602.0,8.0,1.0,0.0,5.0,783498.0,1.0,0.0
3099969.6,10.0,41.0,3329000.0,2004000.0,274366.0,6.0,3.0,0.0,0.0,1210000.0,0.0,1.0
1269000.0,8.0,43.0,5000000.0,2000000.0,132239.0,10.0,7.0,0.0,1.0,1210000.0,0.0,1.0
811806.0,10.0,42.0,2000000.0,1000000.0,69107.0,14.0,10.0,0.0,1.0,922393.0,1.0,0.0
2400000.0,6.0,44.0,4170000.0,1000000.0,355848.0,7.0,6.0,0.0,0.0,1210000.0,1.0,0.0
3720072.0,12.0,45.0,4000000.0,2500000.0,291537.0,6.0,4.0,0.0,0.0,4000000.0,1.0,0.0
5964454.8,10.0,38.0,9000000.0,6830000.0,505877.0,4.0,2.0,0.0,1.0,1210000.0,0.0,1.0
6791400.0,24.0,41.0,4410000.0,1524000.0,305954.0,2.0,2.0,0.0,0.0,1443189.0,0.0,1.0
4296000.0,6.0,54.0,12000000.0,4000000.0,636470.0,11.0,7.0,0.0,2.0,820701.0,1.0,0.0
3375534.0,9.0,25.0,3000000.0,800000.0,316303.0,3.0,2.0,0.0,0.0,33334.0,1.0,0.0
2210280.0,6.0,63.0,2500000.0,600000.0,328287.0,1.0,1.0,0.0,0.0,1210000.0,0.0,1.0
7200000.0,12.0,43.0,10000000.0,6000000.0,500000.0,19.0,14.0,1.0,1.0,2056072.0,0.0,1.0
759547.2,10.0,58.0,2000000.0,1800000.0,64421.0,6.0,4.0,0.0,0.0,908526.0,1.0,0.0
1968000.0,6.0,37.0,2560000.0,2470000.0,298254.0,4.0,1.0,0.0,3.0,1210000.0,0.0,1.0
1650099.5999999999,9.0,35.0,3500000.0,1000000.0,154622.0,3.0,3.0,0.0,0.0,1756412.0,1.0,0.0
1200000.0,6.0,44.0,3000000.0,1200000.0,166667.0,10.0,6.0,2.0,1.0,1210000.0,1.0,0.0
794400.0,6.0,41.0,3000000.0,100000.0,119423.0,11.0,2.0,0.0,6.0,908333.0,0.0,1.0
672000.0,8.0,53.0,5000000.0,2000000.0,77097.0,4.0,3.0,0.0,0.0,1210000.0,1.0,0.0
5369958.0,10.0,35.0,11170000.0,5196000.0,465551.0,6.0,6.0,0.0,0.0,2873952.0,1.0,0.0
2719080.0,12.0,34.0,2800000.0,1200000.0,188825.0,5.0,3.0,0.0,0.0,1210000.0,1.0,0.0
2003580.0,8.0,39.0,3000000.0,1500000.0,226942.0,5.0,2.0,0.0,2.0,961885.0,1.0,0.0
483000.0,6.0,36.0,6000000.0,1500000.0,72606.0,11.0,5.0,1.0,4.0,1165500.0,0.0,1.0
720000.0,12.0,46.0,1900000.0,700000.0,56496.0,2.0,1.0,0.0,1.0,1210000.0,0.0,1.0
1132440.0,12.0,29.0,2500000.0,1500000.0,88859.0,6.0,4.0,0.0,2.0,1700000.0,1.0,0.0
4537210.8,10.0,26.0,3090000.0,772000.0,432683.0,1.0,1.0,0.0,0.0,2605750.0,1.0,0.0
2382961.1999999997,6.0,22.0,2500000.0,500000.0,354277.0,1.0,1.0,0.0,0.0,2164714.0,1.0,0.0
5839320.0,10.0,64.0,2500000.0,100000.0,539202.0,1.0,1.0,0.0,0.0,4401236.0,1.0,0.0
494400.0,8.0,65.0,3220000.0,1567000.0,57710.0,6.0,2.0,2.0,2.0,975052.0,1.0,0.0
821208.0,5.0,33.0,5000000.0,2000000.0,133380.0,6.0,2.0,0.0,1.0,941789.0,1.0,0.0
2654041.1999999997,8.0,65.0,3750000.0,123000.0,306451.0,5.0,1.0,0.0,2.0,1210000.0,0.0,1.0
813480.0,12.0,61.0,3000000.0,700000.0,63831.0,8.0,6.0,0.0,0.0,3545023.0,1.0,0.0
560120.4,6.0,68.0,2330000.0,124000.0,77052.0,3.0,0.0,0.0,3.0,969508.0,0.0,1.0
647880.0,6.0,59.0,1780000.0,0.0,97518.0,0.0,0.0,0.0,0.0,1210000.0,1.0,0.0
1747720.8,10.0,43.0,3500000.0,1685290.0,148779.0,1.0,0.0,0.0,0.0,946640.0,0.0,1.0
1161600.0,6.0,45.0,2280000.0,513000.0,174577.0,5.0,2.0,0.0,2.0,1210000.0,0.0,1.0
1260000.0,12.0,34.0,2000000.0,800000.0,99155.0,3.0,2.0,0.0,0.0,1161801.0,1.0,0.0
2400000.0,10.0,49.0,6000000.0,350000.0,222087.0,3.0,1.0,0.0,0.0,4415147.0,1.0,0.0
1412280.0,12.0,38.0,1400000.0,300000.0,110955.0,3.0,1.0,0.0,1.0,1793907.0,1.0,0.0
1269000.0,2.0,52.0,5000000.0,2000000.0,500357.0,5.0,0.0,2.0,2.0,1210000.0,0.0,1.0
12410199.6,10.0,27.0,12000000.0,5000000.0,1054233.0,7.0,5.0,0.0,0.0,1500000.0,0.0,1.0
559800.0,6.0,60.0,6000000.0,4500000.0,83001.0,11.0,7.0,0.0,2.0,6780071.0,1.0,0.0
3473100.0,18.0,43.0,4000000.0,900000.0,192883.0,5.0,1.0,0.0,2.0,1210000.0,1.0,0.0
1234020.0,6.0,39.0,2500000.0,700000.0,183286.0,7.0,1.0,0.0,3.0,1689175.0,1.0,0.0
1451880.0,6.0,31.0,1800000.0,450000.0,215791.0,1.0,0.0,0.0,1.0,947729.0,1.0,0.0
3665420.4,10.0,27.0,3000000.0,1500000.0,312845.0,1.0,1.0,0.0,0.0,2884465.0,1.0,0.0
2234678.4,10.0,48.0,2500000.0,1000000.0,189734.0,4.0,0.0,1.0,2.0,1210000.0,0.0,1.0
799680.0,11.0,32.0,3100000.0,1500000.0,62324.0,5.0,0.0,0.0,3.0,1216750.0,1.0,0.0
929055.6,9.0,29.0,3330000.0,2007000.0,89486.0,7.0,3.0,0.0,2.0,2434858.0,1.0,0.0
1200000.0,8.0,31.0,6000000.0,2000000.0,137673.0,7.0,3.0,2.0,1.0,1210000.0,0.0,1.0
4509120.0,6.0,28.0,2500000.0,800000.0,669727.0,4.0,2.0,0.0,1.0,1588769.0,1.0,0.0
1560000.0,6.0,38.0,2200000.0,400000.0,231280.0,6.0,4.0,0.0,0.0,1684376.0,1.0,0.0
1466160.0,18.0,28.0,1000000.0,300000.0,81004.0,14.0,5.0,0.0,6.0,1210000.0,0.0,1.0
4546080.0,11.0,33.0,3800000.0,1900000.0,351775.0,6.0,1.0,0.0,3.0,1210000.0,1.0,0.0
1200000.0,12.0,58.0,2500000.0,120000.0,94154.0,2.0,0.0,0.0,2.0,1210000.0,0.0,1.0
960000.0,6.0,56.0,2500000.0,1500000.0,143071.0,6.0,2.0,0.0,0.0,1000000.0,1.0,0.0
1740420.0,12.0,43.0,2500000.0,400000.0,139769.0,8.0,5.0,0.0,0.0,1210000.0,0.0,1.0
4617633.6,24.0,51.0,2000000.0,200000.0,160335.0,3.0,0.0,0.0,3.0,1103240.0,1.0,0.0
2175600.0,6.0,53.0,1700000.0,690000.0,325855.0,1.0,0.0,0.0,0.0,982365.0,1.0,0.0
5219283.6,10.0,22.0,0.0,0.0,462651.0,6.0,2.0,0.0,1.0,1210000.0,1.0,0.0
1456722.0,10.0,30.0,3500000.0,1500000.0,123682.0,6.0,3.0,1.0,2.0,2293546.0,1.0,0.0
553080.0,6.0,41.0,2215000.0,315000.0,84744.0,2.0,1.0,1.0,0.0,1112940.0,1.0,0.0
1941420.0,12.0,44.0,1900000.0,500000.0,152147.0,15.0,3.0,0.0,9.0,1396137.0,1.0,0.0
5154718.8,12.0,34.0,4500000.0,650000.0,357967.0,4.0,2.0,0.0,0.0,874946.0,1.0,0.0
1515480.0,12.0,41.0,1800000.0,800000.0,119211.0,5.0,2.0,0.0,2.0,1707758.0,1.0,0.0
1251231.5999999999,12.0,38.0,6170000.0,65000.0,102895.0,8.0,5.0,0.0,0.0,1929965.0,1.0,0.0
5358884.399999999,9.0,32.0,8000000.0,2500000.0,500473.0,4.0,1.0,0.0,2.0,1210000.0,1.0,0.0
878880.0,2.0,59.0,5000000.0,2000000.0,346790.0,9.0,4.0,0.0,2.0,941789.0,0.0,1.0
8640000.0,36.0,69.0,6200000.0,1000000.0,279360.0,5.0,5.0,0.0,0.0,7200850.0,1.0,0.0
2254020.0,6.0,42.0,6000000.0,2200000.0,335012.0,5.0,2.0,0.0,0.0,908526.0,0.0,1.0
2075640.0,6.0,41.0,3970000.0,0.0,314567.0,2.0,2.0,0.0,0.0,300000.0,1.0,0.0
1311871.2,11.0,45.0,3600000.0,1450000.0,102067.0,11.0,5.0,0.0,3.0,1210000.0,1.0,0.0
5339259.6,10.0,39.0,10000000.0,3000000.0,454040.0,13.0,6.0,0.0,0.0,1859562.0,1.0,0.0
816000.0,12.0,39.0,3800000.0,1700000.0,64103.0,9.0,6.0,0.0,0.0,1210000.0,1.0,0.0
548400.0,6.0,26.0,2300000.0,1000000.0,82634.0,4.0,2.0,0.0,0.0,921779.0,1.0,0.0
1185660.0,3.0,40.0,5000000.0,2000000.0,314957.0,6.0,0.0,0.0,4.0,708333.0,0.0,1.0
936480.0,9.0,66.0,4000000.0,1500000.0,87543.0,13.0,10.0,0.0,0.0,2003805.0,1.0,0.0
1050144.0,8.0,68.0,2500000.0,1800000.0,119730.0,3.0,3.0,0.0,0.0,931394.0,1.0,0.0
3053853.6,10.0,53.0,6000000.0,2300000.0,259014.0,9.0,6.0,0.0,1.0,916148.0,0.0,1.0
1799296.8,10.0,50.0,2560000.0,1250011.0,153169.0,4.0,1.0,2.0,1.0,1210000.0,0.0,1.0
4530960.0,6.0,43.0,8000000.0,4000000.0,629300.0,7.0,5.0,0.0,0.0,916148.0,0.0,1.0
3673848.0,12.0,33.0,2000000.0,300000.0,287723.0,1.0,0.0,0.0,0.0,1250000.0,1.0,0.0
1836900.0,12.0,30.0,1700000.0,700000.0,144315.0,5.0,2.0,0.0,1.0,1210000.0,1.0,0.0
2555880.0,12.0,53.0,8000000.0,3500000.0,200801.0,9.0,6.0,0.0,0.0,9225280.0,1.0,0.0
758400.0,6.0,56.0,5019420.0,2586000.0,114394.0,5.0,3.0,0.0,2.0,5019420.0,1.0,0.0
3968629.1999999997,12.0,56.0,6105000.0,5406000.0,315615.0,6.0,5.0,1.0,0.0,969508.0,0.0,1.0
936000.0,10.0,56.0,2000000.0,240000.0,86835.0,7.0,4.0,1.0,2.0,835844.0,0.0,1.0
8400000.0,36.0,38.0,2500000.0,80000.0,288406.0,5.0,3.0,0.0,0.0,1210000.0,0.0,1.0
2472000.0,12.0,26.0,1491774.0,462000.0,200216.0,5.0,3.0,0.0,1.0,447533.0,0.0,1.0
5712000.0,6.0,25.0,10000000.0,2500000.0,849159.0,5.0,4.0,0.0,1.0,981705.0,0.0,1.0
3498316.8,11.0,121.0,9164760.0,6784510.0,271713.0,0.0,0.0,0.0,0.0,1210000.0,1.0,0.0
1297747.2,6.0,58.0,2500000.0,1500000.0,176904.0,8.0,2.0,0.0,3.0,1210000.0,1.0,0.0
900000.0,12.0,44.0,1200000.0,500000.0,70649.0,2.0,0.0,0.0,1.0,1210000.0,0.0,1.0
1587358.8,6.0,59.0,2800000.0,700000.0,220467.0,3.0,3.0,0.0,0.0,1984500.0,1.0,0.0
2862393.6,10.0,56.0,1490000.0,48000.0,256607.0,0.0,0.0,0.0,0.0,1210000.0,0.0,1.0
1200000.0,6.0,29.0,2500000.0,500000.0,178345.0,2.0,2.0,0.0,0.0,714525.0,1.0,0.0
1477080.0,6.0,50.0,3500000.0,1400000.0,219237.0,7.0,4.0,0.0,1.0,864782.0,0.0,1.0
2536722.0,12.0,40.0,2911000.0,1044000.0,209591.0,3.0,3.0,0.0,0.0,1280597.0,1.0,0.0
1247460.0,12.0,36.0,2000000.0,500000.0,97697.0,4.0,2.0,0.0,1.0,1335287.0,1.0,0.0
1199880.0,6.0,68.0,2000000.0,700000.0,178387.0,4.0,3.0,0.0,0.0,941789.0,0.0,1.0
8977228.799999999,6.0,55.0,10000000.0,6700000.0,1246837.0,13.0,7.0,0.0,0.0,1128911.0,1.0,0.0
1439880.0,6.0,41.0,1000000.0,300000.0,214056.0,1.0,1.0,0.0,0.0,1210000.0,0.0,1.0
907200.0,12.0,32.0,1035000000.0,400000.0,70948.0,7.0,1.0,2.0,1.0,846374.0,1.0,0.0
738384.0,9.0,36.0,6000000.0,3200000.0,69355.0,5.0,1.0,2.0,1.0,1210000.0,0.0,1.0
779924.4,8.0,49.0,1800000.0,350000.0,88914.0,7.0,1.0,0.0,1.0,1210000.0,0.0,1.0
2674800.0,6.0,36.0,4000000.0,400000.0,396994.0,3.0,3.0,0.0,0.0,2127806.0,0.0,1.0
2443680.0,12.0,55.0,7000000.0,4000000.0,169700.0,9.0,5.0,0.0,0.0,1431201.0,0.0,1.0
2969071.1999999997,6.0,35.0,6000000.0,0.0,444659.0,11.0,4.0,0.0,5.0,4452085.0,0.0,1.0
913426.7999999999,6.0,42.0,7000000.0,2000000.0,124641.0,6.0,1.0,0.0,2.0,1450000.0,1.0,0.0
1249080.0,12.0,47.0,1000000.0,400000.0,98255.0,5.0,1.0,2.0,2.0,1214361.0,1.0,0.0
995880.0,6.0,41.0,4392438.0,1116000.0,149898.0,8.0,4.0,1.0,1.0,3626974.0,1.0,0.0
4174800.0,12.0,41.0,3600000.0,700000.0,289917.0,7.0,3.0,0.0,1.0,2218464.0,1.0,0.0
538380.0,6.0,35.0,4000000.0,2000000.0,79906.0,2.0,2.0,0.0,0.0,1686848.0,1.0,0.0
630000.0,6.0,56.0,1740000.0,497000.0,95633.0,9.0,1.0,1.0,4.0,1009632.0,1.0,0.0
1902842.4,9.0,54.0,3000000.0,1500000.0,178390.0,2.0,1.0,0.0,0.0,2884408.0,1.0,0.0
2747640.0,12.0,46.0,3000000.0,400000.0,190808.0,7.0,4.0,0.0,0.0,1210000.0,0.0,1.0
2400000.0,24.0,61.0,1500000.0,0.0,106924.0,1.0,1.0,0.0,0.0,1210000.0,0.0,1.0
1679719.2,10.0,48.0,3000000.0,1200000.0,142990.0,3.0,3.0,0.0,0.0,1210000.0,1.0,0.0
5227216.8,9.0,53.0,6000000.0,4000000.0,488177.0,11.0,8.0,0.0,0.0,8000000.0,1.0,0.0
780780.0,12.0,36.0,1200000.0,300000.0,61443.0,5.0,2.0,0.0,3.0,1210000.0,1.0,0.0
1006593.6,24.0,27.0,2000000.0,500000.0,44611.0,2.0,1.0,0.0,1.0,898247.0,0.0,1.0
3480000.0,8.0,47.0,8000000.0,2000000.0,395393.0,5.0,2.0,1.0,1.0,723190.0,1.0,0.0
3463916.4,6.0,47.0,5000000.0,1600000.0,516202.0,4.0,4.0,0.0,0.0,200000.0,0.0,1.0
1548000.0,10.0,23.0,1500000.0,400000.0,144001.0,5.0,1.0,0.0,2.0,905736.0,1.0,0.0
2628000.0,12.0,34.0,2800000.0,500000.0,206323.0,7.0,3.0,1.0,2.0,4546585.0,1.0,0.0
565200.0,6.0,43.0,2500000.0,1150000.0,84029.0,3.0,2.0,0.0,0.0,940000.0,0.0,1.0
679200.0,6.0,22.0,1300000.0,400000.0,101729.0,1.0,0.0,0.0,1.0,1047016.0,1.0,0.0
4284000.0,6.0,41.0,14210000.0,7492000.0,644886.0,15.0,12.0,0.0,0.0,1000000.0,0.0,1.0
878880.0,8.0,33.0,5000000.0,2000000.0,91704.0,5.0,1.0,0.0,2.0,859139.0,0.0,1.0
2509402.8,9.0,37.0,3000000.0,1100000.0,235479.0,2.0,2.0,0.0,0.0,963410.0,0.0,1.0
1380000.0,10.0,67.0,3200000.0,1500000.0,127610.0,2.0,1.0,0.0,0.0,908526.0,0.0,1.0
2809681.1999999997,18.0,28.0,2852000.0,2279000.0,170261.0,6.0,5.0,0.0,1.0,1011111.0,1.0,0.0
1211760.0,8.0,42.0,3400000.0,1200000.0,137439.0,4.0,2.0,0.0,1.0,2850036.0,1.0,0.0
3342360.0,12.0,46.0,3000000.0,1000000.0,263025.0,9.0,8.0,0.0,0.0,1210000.0,1.0,0.0
886176.0,10.0,41.0,1500000.0,500000.0,75043.0,5.0,3.0,0.0,1.0,1210000.0,1.0,0.0
3748441.1999999997,6.0,26.0,4000000.0,500000.0,520617.0,5.0,2.0,0.0,1.0,1617071.0,0.0,1.0
744000.0,6.0,57.0,2000000.0,1200000.0,110574.0,2.0,1.0,0.0,1.0,1210000.0,0.0,1.0
2138400.0,12.0,64.0,3000000.0,1200000.0,167444.0,5.0,1.0,0.0,3.0,1210000.0,1.0,0.0
4250582.399999999,12.0,29.0,2200000.0,500000.0,295179.0,4.0,3.0,0.0,1.0,829030.0,1.0,0.0
1864660.8,10.0,39.0,2000000.0,1000000.0,157903.0,12.0,0.0,0.0,10.0,1210000.0,0.0,1.0
5514936.0,10.0,48.0,12133000.0,2622000.0,491374.0,7.0,4.0,1.0,1.0,1210000.0,0.0,1.0
2350920.0,8.0,68.0,2500000.0,450000.0,266285.0,9.0,5.0,0.0,2.0,2454774.0,1.0,0.0
1604400.0,2.0,51.0,5000000.0,2000000.0,632882.0,21.0,14.0,0.0,1.0,939017.0,0.0,1.0
1498992.0,4.0,37.0,5000000.0,2000000.0,301155.0,9.0,5.0,0.0,1.0,1004666.0,0.0,1.0
2400000.0,6.0,56.0,11000000.0,3500000.0,356811.0,4.0,0.0,0.0,1.0,933732.0,0.0,1.0
1352720.4,10.0,28.0,1800000.0,900000.0,114731.0,3.0,2.0,0.0,0.0,1583875.0,0.0,1.0
1887823.2,12.0,57.0,2500000.0,500000.0,149660.0,5.0,4.0,0.0,0.0,1356059.0,1.0,0.0
3325488.0,10.0,35.0,1800000.0,850000.0,282793.0,2.0,0.0,0.0,2.0,1210000.0,1.0,0.0
1269000.0,3.0,43.0,6000000.0,2000000.0,336569.0,7.0,3.0,0.0,2.0,856066.0,1.0,0.0
878880.0,2.0,61.0,5000000.0,2000000.0,346790.0,4.0,2.0,0.0,1.0,121137.0,0.0,1.0
1245480.0,6.0,32.0,2000000.0,600000.0,185156.0,5.0,1.0,0.0,0.0,847958.0,1.0,0.0
1269000.0,8.0,62.0,5000000.0,2000000.0,132410.0,19.0,6.0,1.0,10.0,1210000.0,0.0,1.0
3939840.0,12.0,38.0,7000000.0,2000000.0,308555.0,5.0,4.0,0.0,0.0,1212441.0,1.0,0.0
504000.0,12.0,51.0,1500000.0,100000.0,39842.0,3.0,2.0,0.0,1.0,931394.0,1.0,0.0
2640148.8,10.0,34.0,7900000.0,4000000.0,224513.0,14.0,9.0,0.0,0.0,7351450.0,0.0,1.0
4276800.0,6.0,42.0,7000000.0,2000000.0,634120.0,11.0,7.0,0.0,0.0,908546.0,0.0,1.0
1680181.2,12.0,46.0,3000000.0,1000000.0,131838.0,16.0,4.0,0.0,12.0,1049866.0,1.0,0.0
774303.6,9.0,38.0,4500000.0,2000000.0,72417.0,12.0,5.0,0.0,4.0,1210000.0,0.0,1.0
9600000.0,36.0,62.0,3000000.0,150000.0,329607.0,2.0,2.0,0.0,0.0,988565.0,1.0,0.0
6031082.399999999,9.0,122.0,75285500.0,47587263.0,564330.0,0.0,0.0,0.0,0.0,1210000.0,1.0,0.0
2529480.0,12.0,46.0,5000000.0,2000000.0,199935.0,8.0,5.0,0.0,0.0,1000000.0,0.0,1.0
2954880.0,12.0,39.0,1800000.0,400000.0,231859.0,5.0,2.0,0.0,3.0,1210000.0,0.0,1.0
480000.0,6.0,39.0,6150000.0,3904000.0,72745.0,9.0,5.0,0.0,2.0,4254545.0,1.0,0.0
1573707.5999999999,18.0,39.0,2500000.0,600000.0,87860.0,6.0,2.0,0.0,2.0,1210000.0,0.0,1.0
1800000.0,8.0,36.0,1730000.0,0.0,207839.0,1.0,0.0,0.0,0.0,693087.0,1.0,0.0
2600160.0,6.0,26.0,4000000.0,2000000.0,386546.0,1.0,1.0,0.0,0.0,2500000.0,1.0,0.0
1394281.2,12.0,49.0,3750000.0,1200000.0,109722.0,8.0,6.0,0.0,2.0,3359657.0,1.0,0.0
3276000.0,12.0,48.0,2740000.0,751000.0,263681.0,7.0,4.0,0.0,1.0,1245707.0,1.0,0.0
1397881.2,12.0,44.0,4500000.0,2800000.0,97075.0,6.0,4.0,0.0,0.0,6585170.0,1.0,0.0
1794000.0,6.0,37.0,5000000.0,1500000.0,266458.0,6.0,2.0,0.0,3.0,908526.0,1.0,0.0
1800000.0,6.0,54.0,2300000.0,700000.0,267592.0,4.0,4.0,0.0,0.0,1210000.0,1.0,0.0
1087800.0,12.0,55.0,2000000.0,700000.0,85356.0,1.0,0.0,1.0,0.0,1106453.0,1.0,0.0
4256935.2,9.0,53.0,7000000.0,4000000.0,399085.0,6.0,4.0,0.0,1.0,33334.0,0.0,1.0
2771878.8,6.0,31.0,1990000.0,992000.0,417261.0,7.0,2.0,1.0,3.0,1638802.0,1.0,0.0
3023760.0,6.0,60.0,4000000.0,1500000.0,450637.0,8.0,5.0,0.0,0.0,3012148.0,1.0,0.0
2077440.0,6.0,67.0,1500000.0,600000.0,308022.0,5.0,3.0,0.0,0.0,908526.0,0.0,1.0
1270920.0,11.0,48.0,2220000.0,373000.0,100411.0,6.0,3.0,0.0,1.0,1000000.0,1.0,0.0
940018.7999999999,2.0,42.0,6101000.0,988000.0,375708.0,8.0,3.0,0.0,5.0,1210000.0,1.0,0.0
2497068.0,8.0,52.0,2200000.0,700000.0,283219.0,3.0,2.0,0.0,1.0,1115171.0,1.0,0.0
1782960.0,12.0,68.0,2500000.0,1600000.0,123817.0,4.0,0.0,0.0,0.0,3056049.0,1.0,0.0
4165980.0,24.0,32.0,1600000.0,500000.0,181477.0,7.0,3.0,0.0,3.0,1300264.0,1.0,0.0
1411796.4,11.0,41.0,6500000.0,2500000.0,111226.0,7.0,6.0,0.0,1.0,9119911.0,1.0,0.0
3445440.0,6.0,42.0,3640000.0,106000.0,510808.0,2.0,1.0,0.0,0.0,1210000.0,1.0,0.0
504000.0,6.0,29.0,2170000.0,800000.0,75107.0,4.0,2.0,0.0,1.0,1429333.0,1.0,0.0
1238160.0,6.0,27.0,1310000.0,600000.0,187645.0,1.0,1.0,0.0,0.0,988906.0,1.0,0.0
2420073.6,5.0,32.0,3000000.0,2000000.0,392495.0,2.0,1.0,0.0,0.0,2430800.0,1.0,0.0
3848116.8,11.0,39.0,4000000.0,2000000.0,299394.0,15.0,7.0,3.0,3.0,908526.0,0.0,1.0
4798680.0,12.0,41.0,3800000.0,180000.0,377005.0,7.0,1.0,0.0,2.0,2053335.0,1.0,0.0
3689902.8,10.0,28.0,3000000.0,1100000.0,312960.0,2.0,1.0,0.0,0.0,1210000.0,0.0,1.0
951900.0,6.0,66.0,3100000.0,1000000.0,141287.0,8.0,5.0,0.0,1.0,2959651.0,1.0,0.0
2820672.0,10.0,44.0,8000000.0,4000000.0,240242.0,5.0,5.0,0.0,0.0,4000000.0,0.0,1.0
9100093.2,10.0,30.0,3000000.0,1600000.0,771828.0,1.0,0.0,0.0,1.0,1210000.0,0.0,1.0
3344965.1999999997,9.0,45.0,3700000.0,2400000.0,312690.0,8.0,7.0,0.0,1.0,916841.0,1.0,0.0
1562148.0,9.0,64.0,2000000.0,700000.0,146101.0,10.0,4.0,3.0,1.0,2261603.0,1.0,0.0
1620000.0,12.0,25.0,1500000.0,700000.0,128428.0,5.0,1.0,0.0,4.0,955555.0,1.0,0.0
2146284.0,10.0,52.0,2000000.0,500000.0,182324.0,4.0,2.0,0.0,1.0,1210000.0,1.0,0.0
3116054.4,10.0,50.0,2500000.0,1500000.0,264567.0,5.0,3.0,0.0,2.0,1210000.0,0.0,1.0
1307581.2,6.0,67.0,4900000.0,1200000.0,194211.0,14.0,12.0,0.0,1.0,1210000.0,1.0,0.0
1725900.0,6.0,41.0,1500000.0,300000.0,260061.0,2.0,1.0,0.0,1.0,1210000.0,0.0,1.0
1658026.8,8.0,37.0,3000000.0,2000000.0,174656.0,2.0,2.0,0.0,0.0,5501066.0,1.0,0.0
630000.0,6.0,60.0,2200000.0,150000.0,94360.0,7.0,4.0,0.0,1.0,2076373.0,1.0,0.0
2239966.8,6.0,29.0,7600000.0,1500000.0,333806.0,4.0,1.0,0.0,1.0,1976621.0,0.0,1.0
600000.0,6.0,36.0,2550000.0,4046000.0,90931.0,8.0,3.0,0.0,5.0,1210000.0,0.0,1.0
1691760.0,12.0,43.0,4000000.0,800000.0,132411.0,6.0,4.0,0.0,1.0,3312341.0,1.0,0.0
6755760.0,12.0,62.0,10000000.0,4000000.0,469150.0,13.0,11.0,0.0,0.0,8181818.0,1.0,0.0
3011880.0,12.0,43.0,2500000.0,900000.0,209158.0,7.0,3.0,0.0,2.0,1792161.0,1.0,0.0
1269000.0,8.0,53.0,5000000.0,2000000.0,132524.0,12.0,5.0,6.0,1.0,366667.0,0.0,1.0
2655030.0,10.0,32.0,4500000.0,700000.0,226134.0,4.0,1.0,0.0,0.0,1210000.0,0.0,1.0
1966801.2,10.0,38.0,3000000.0,1000000.0,167428.0,6.0,4.0,0.0,2.0,5906974.0,1.0,0.0
1404000.0,6.0,30.0,6000000.0,1500000.0,208722.0,12.0,4.0,2.0,3.0,10203931.0,1.0,0.0
1485760.8,10.0,37.0,1950000.0,1500000.0,126015.0,3.0,3.0,0.0,0.0,1210000.0,1.0,0.0
1017600.0,6.0,34.0,1500000.0,600000.0,151244.0,5.0,1.0,0.0,1.0,726821.0,1.0,0.0
1308720.0,12.0,62.0,1500000.0,200000.0,102494.0,1.0,1.0,0.0,0.0,1673224.0,1.0,0.0
2400000.0,6.0,45.0,15010000.0,6600000.0,366534.0,9.0,5.0,0.0,1.0,1656232.0,0.0,1.0
958800.0,6.0,32.0,7500000.0,3500000.0,142634.0,2.0,2.0,0.0,0.0,10739539.0,1.0,0.0
1783740.0,6.0,56.0,7000000.0,3000000.0,264934.0,5.0,2.0,0.0,1.0,1210000.0,0.0,1.0
1052280.0,12.0,24.0,1200000.0,300000.0,82665.0,4.0,2.0,0.0,1.0,872309.0,1.0,0.0
1643640.0,12.0,60.0,2000000.0,480000.0,128971.0,5.0,4.0,0.0,0.0,908526.0,1.0,0.0
878880.0,3.0,29.0,5000000.0,2000000.0,233419.0,13.0,4.0,4.0,3.0,1459333.0,0.0,1.0
1194960.0,6.0,43.0,4000000.0,1500000.0,165967.0,10.0,8.0,0.0,0.0,788966.0,1.0,0.0
1991880.0,6.0,46.0,4500000.0,860000.0,296117.0,3.0,3.0,0.0,0.0,66667.0,1.0,0.0
2150400.0,6.0,59.0,1000000.0,1554000.0,323675.0,4.0,2.0,0.0,1.0,969508.0,0.0,1.0
2331600.0,12.0,59.0,1700000.0,1000000.0,182603.0,5.0,4.0,0.0,0.0,1733900.0,1.0,0.0
3949999.1999999997,6.0,24.0,6000000.0,2000000.0,586683.0,4.0,1.0,0.0,0.0,1210000.0,0.0,1.0
947992.7999999999,10.0,37.0,2500000.0,600000.0,87671.0,5.0,1.0,0.0,1.0,1210000.0,0.0,1.0
1993609.2,8.0,49.0,5300000.0,1200000.0,227296.0,4.0,2.0,1.0,1.0,1305479.0,0.0,1.0
1075476.0,24.0,29.0,3000000.0,1200000.0,46907.0,9.0,7.0,0.0,0.0,1600000.0,0.0,1.0
1057496.4,12.0,48.0,1600000.0,600000.0,82875.0,2.0,0.0,0.0,0.0,1754159.0,1.0,0.0
3600000.0,6.0,64.0,2237000.0,600000.0,534455.0,2.0,0.0,0.0,1.0,908526.0,1.0,0.0
624000.0,6.0,54.0,2200000.0,1000000.0,92744.0,8.0,4.0,0.0,1.0,1210000.0,1.0,0.0
837900.0,10.0,54.0,3500000.0,1800000.0,77531.0,5.0,2.0,0.0,1.0,3247204.0,1.0,0.0
1560000.0,12.0,44.0,3248000.0,632000.0,132557.0,4.0,0.0,0.0,2.0,1210000.0,0.0,1.0
3818880.0,12.0,45.0,3500000.0,2000000.0,298529.0,4.0,1.0,0.0,1.0,1210000.0,0.0,1.0
8640000.0,24.0,35.0,2500000.0,200000.0,300000.0,7.0,5.0,0.0,0.0,1487154.0,1.0,0.0
3362040.0,18.0,31.0,4440000.0,2532000.0,198606.0,6.0,3.0,0.0,0.0,2738592.0,1.0,0.0
720000.0,6.0,49.0,4500000.0,2500000.0,100000.0,4.0,3.0,0.0,0.0,1090909.0,0.0,1.0
3288000.0,6.0,34.0,9000000.0,4000000.0,488691.0,9.0,5.0,0.0,2.0,940386.0,0.0,1.0
2234492.4,5.0,29.0,3244800.0,17000.0,365035.0,5.0,3.0,1.0,0.0,3806814.0,1.0,0.0
2544000.0,6.0,48.0,3748216.0,2115726.0,379732.0,4.0,3.0,0.0,0.0,1210000.0,1.0,0.0
935880.0,6.0,25.0,2000000.0,300000.0,129983.0,4.0,3.0,0.0,1.0,1297039.0,1.0,0.0
3192000.0,6.0,53.0,6700000.0,3800000.0,479830.0,6.0,3.0,0.0,0.0,12075830.0,1.0,0.0
702114.0,9.0,40.0,2600000.0,1000000.0,65791.0,6.0,3.0,0.0,1.0,2955290.0,1.0,0.0
1420860.0,10.0,35.0,2500000.0,1500000.0,120637.0,7.0,5.0,0.0,1.0,3033553.0,1.0,0.0
1856911.2,9.0,63.0,3000000.0,2000000.0,173669.0,8.0,3.0,1.0,3.0,917673.0,1.0,0.0
942030.0,12.0,43.0,3800000.0,1500000.0,75146.0,11.0,7.0,0.0,1.0,908526.0,1.0,0.0
799680.0,11.0,46.0,3100000.0,2000000.0,62324.0,4.0,0.0,0.0,3.0,1695130.0,1.0,0.0
1484535.5999999999,6.0,35.0,2400000.0,0.0,220695.0,6.0,5.0,0.0,0.0,2252606.0,1.0,0.0
1523880.0,10.0,57.0,3500000.0,600000.0,141014.0,4.0,1.0,0.0,1.0,1210000.0,0.0,1.0
1260240.0,2.0,50.0,5000000.0,2000000.0,497122.0,3.0,0.0,1.0,1.0,933473.0,0.0,1.0
5640000.0,10.0,54.0,3100000.0,1500000.0,523235.0,6.0,2.0,0.0,3.0,2109456.0,1.0,0.0
900000.0,10.0,32.0,2000000.0,800000.0,83400.0,11.0,2.0,2.0,5.0,1861341.0,1.0,0.0
3405600.0,10.0,39.0,2600000.0,700000.0,314807.0,1.0,1.0,0.0,0.0,908526.0,0.0,1.0
2476411.1999999997,6.0,49.0,5000000.0,120000.0,369064.0,13.0,6.0,0.0,1.0,941789.0,0.0,1.0
1801020.0,11.0,51.0,1600000.0,1300000.0,140284.0,2.0,0.0,0.0,2.0,2175000.0,1.0,0.0
9547562.4,12.0,58.0,12000000.0,4000000.0,751421.0,7.0,7.0,0.0,0.0,933473.0,0.0,1.0
1037400.0,12.0,61.0,5000000.0,2000000.0,81300.0,2.0,1.0,0.0,0.0,1210000.0,1.0,0.0
518400.0,6.0,58.0,1200000.0,300000.0,76944.0,5.0,2.0,0.0,1.0,1409584.0,1.0,0.0
1456680.0,6.0,51.0,5000000.0,2000000.0,202317.0,3.0,2.0,0.0,0.0,2028543.0,0.0,1.0
1594680.0,12.0,45.0,6000000.0,1000000.0,125129.0,3.0,1.0,0.0,0.0,1102050.0,0.0,1.0
900000.0,10.0,41.0,2600000.0,1200000.0,83224.0,6.0,1.0,1.0,2.0,3604220.0,1.0,0.0
544800.0,24.0,45.0,1600000.0,300000.0,23944.0,9.0,4.0,0.0,2.0,1352724.0,1.0,0.0
1082040.0,8.0,57.0,1000000.0,500000.0,123366.0,11.0,7.0,1.0,2.0,877341.0,1.0,0.0
1813250.4,5.0,122.0,2016575000.0,37000000.0,299486.0,0.0,0.0,0.0,0.0,1210000.0,1.0,0.0
477360.0,6.0,27.0,2000000.0,600000.0,70901.0,3.0,1.0,0.0,2.0,939017.0,0.0,1.0
2393240.4,10.0,47.0,3705000.0,1500000.0,203730.0,8.0,5.0,1.0,0.0,4506862.0,1.0,0.0
729152.4,5.0,50.0,3520000.0,58000.0,119117.0,3.0,2.0,0.0,0.0,2961457.0,1.0,0.0
1684440.0,12.0,37.0,4000000.0,2300000.0,132172.0,6.0,2.0,0.0,4.0,1600000.0,0.0,1.0
3936000.0,6.0,59.0,2500000.0,6860000.0,592441.0,16.0,12.0,0.0,2.0,2500000.0,0.0,1.0
2903761.1999999997,12.0,46.0,8000000.0,4000000.0,201650.0,7.0,5.0,0.0,1.0,8000000.0,1.0,0.0
1502040.0,6.0,40.0,4000000.0,1500000.0,223838.0,4.0,3.0,0.0,1.0,2771092.0,1.0,0.0
1200000.0,6.0,38.0,1000000.0,200000.0,178345.0,5.0,2.0,0.0,3.0,980363.0,1.0,0.0
1838880.0,6.0,51.0,8000000.0,2500000.0,273124.0,12.0,8.0,0.0,0.0,1210000.0,1.0,0.0
3211682.4,36.0,40.0,4130000.0,1380000.0,110943.0,6.0,5.0,0.0,1.0,961885.0,0.0,1.0
875455.2,12.0,23.0,3000000.0,400000.0,68979.0,4.0,1.0,0.0,3.0,2166666.0,1.0,0.0
1739880.0,12.0,44.0,2500000.0,250000.0,136345.0,3.0,0.0,0.0,2.0,1210000.0,1.0,0.0
2233080.0,12.0,34.0,5000000.0,700000.0,175210.0,7.0,3.0,0.0,1.0,904137.0,1.0,0.0
2293200.0,12.0,67.0,1000000.0,250000.0,180482.0,5.0,1.0,0.0,4.0,916148.0,1.0,0.0
3529500.0,12.0,64.0,5000000.0,2500000.0,276929.0,4.0,2.0,0.0,1.0,916841.0,1.0,0.0
2778360.0,12.0,22.0,10000000.0,2000000.0,218641.0,7.0,4.0,0.0,2.0,1210000.0,1.0,0.0
3576000.0,6.0,53.0,5000000.0,1500000.0,529799.0,5.0,3.0,0.0,0.0,1113600.0,0.0,1.0
1159815.5999999999,10.0,32.0,1500000.0,600000.0,98628.0,5.0,2.0,1.0,0.0,30285.0,1.0,0.0
1909851.5999999999,9.0,30.0,4000000.0,2000000.0,178364.0,5.0,4.0,0.0,0.0,1498698.0,1.0,0.0
1595880.0,12.0,33.0,3500000.0,800000.0,110825.0,7.0,5.0,0.0,2.0,1210000.0,0.0,1.0
600000.0,6.0,29.0,1000000.0,200000.0,89173.0,0.0,0.0,0.0,0.0,1374808.0,1.0,0.0
1875000.0,6.0,25.0,4300000.0,1200000.0,278868.0,1.0,0.0,0.0,0.0,4048749.0,1.0,0.0
3540000.0,12.0,43.0,7000000.0,950000.0,276847.0,6.0,2.0,0.0,2.0,1210000.0,0.0,1.0
2474492.4,9.0,54.0,2000000.0,1000000.0,231871.0,3.0,3.0,0.0,0.0,941789.0,1.0,0.0
5445720.0,12.0,51.0,4000000.0,1500000.0,427839.0,4.0,3.0,0.0,0.0,1056394.0,1.0,0.0
1604400.0,5.0,55.0,5000000.0,2000000.0,260206.0,13.0,6.0,0.0,6.0,2060877.0,0.0,1.0
3623280.0,6.0,43.0,605733.0,3797000.0,542685.0,3.0,0.0,0.0,3.0,605733.0,1.0,0.0
3835200.0,6.0,60.0,5000000.0,2500000.0,569991.0,3.0,2.0,0.0,0.0,1756484.0,0.0,1.0
2715241.1999999997,8.0,36.0,4500000.0,1500000.0,308233.0,4.0,2.0,0.0,0.0,450000.0,1.0,0.0
1632000.0,6.0,62.0,4000000.0,2500000.0,242617.0,4.0,2.0,0.0,1.0,1210000.0,1.0,0.0
1370820.0,6.0,45.0,2420000.0,503000.0,203233.0,4.0,2.0,0.0,0.0,1210000.0,0.0,1.0
2480427.6,10.0,56.0,2000000.0,800000.0,211152.0,7.0,3.0,0.0,3.0,941789.0,0.0,1.0
1079986.8,5.0,53.0,5000000.0,2000000.0,175054.0,4.0,2.0,0.0,2.0,1210000.0,0.0,1.0
1307520.0,12.0,25.0,6000000.0,2400000.0,102400.0,9.0,6.0,0.0,0.0,908526.0,0.0,1.0
4820638.8,9.0,122.0,5680147.0,18704.0,449775.0,0.0,0.0,0.0,0.0,1210000.0,1.0,0.0
3347760.0,12.0,55.0,4400000.0,2500000.0,263341.0,3.0,1.0,1.0,1.0,1484000.0,1.0,0.0
1962000.0,18.0,25.0,2532000.0,1000000.0,108075.0,3.0,2.0,0.0,0.0,2392500.0,1.0,0.0
868153.2,10.0,31.0,1500000.0,800000.0,73710.0,7.0,0.0,2.0,4.0,1409876.0,1.0,0.0
2400000.0,6.0,51.0,9000000.0,4000000.0,355848.0,13.0,7.0,2.0,0.0,1210000.0,1.0,0.0
1185660.0,5.0,55.0,5000000.0,2000000.0,192294.0,5.0,1.0,0.0,3.0,1210000.0,0.0,1.0
1219920.0,6.0,36.0,1800000.0,150000.0,181367.0,4.0,2.0,0.0,0.0,3082184.0,1.0,0.0
3073200.0,6.0,38.0,15000000.0,5000000.0,455621.0,9.0,6.0,0.0,0.0,13287927.0,1.0,0.0
4166388.0,36.0,52.0,10000000.0,3000000.0,135741.0,26.0,19.0,2.0,2.0,933473.0,1.0,0.0
3402427.1999999997,9.0,42.0,3000000.0,2000000.0,318518.0,0.0,0.0,0.0,0.0,1210000.0,1.0,0.0
1215066.0,12.0,47.0,1300000.0,250000.0,96336.0,4.0,0.0,2.0,2.0,933473.0,0.0,1.0
3600000.0,12.0,23.0,1380000.0,302000.0,304272.0,1.0,0.0,1.0,0.0,1167484.0,1.0,0.0
1861978.8,10.0,32.0,2500000.0,1500000.0,158090.0,7.0,4.0,0.0,3.0,916841.0,1.0,0.0
2163480.0,12.0,32.0,3500000.0,1500000.0,150242.0,3.0,1.0,0.0,0.0,30285.0,0.0,1.0
9193819.2,36.0,28.0,1800000.0,0.0,305432.0,6.0,4.0,0.0,2.0,1811575.0,1.0,0.0
1635480.0,10.0,23.0,1100000.0,300000.0,150934.0,2.0,0.0,0.0,1.0,1210000.0,0.0,1.0
900000.0,12.0,65.0,1350000.0,250000.0,70913.0,2.0,2.0,0.0,0.0,2449068.0,1.0,0.0
537361.2,12.0,47.0,1000000.0,600000.0,37317.0,2.0,0.0,2.0,0.0,1210000.0,1.0,0.0
1311600.0,6.0,42.0,3800000.0,1800000.0,196448.0,7.0,4.0,1.0,1.0,1328029.0,0.0,1.0
878880.0,5.0,67.0,5000000.0,2000000.0,142788.0,9.0,4.0,0.0,3.0,688969.0,0.0,1.0
1953480.0,12.0,42.0,5000000.0,150000.0,135658.0,5.0,4.0,0.0,0.0,30589.0,0.0,1.0
2666160.0,6.0,42.0,6000000.0,3000000.0,370300.0,6.0,4.0,1.0,0.0,5283274.0,1.0,0.0
1425816.0,24.0,61.0,4700000.0,700000.0,62092.0,14.0,8.0,0.0,5.0,1210000.0,1.0,0.0
2516006.4,9.0,34.0,1800000.0,1000000.0,235536.0,2.0,0.0,1.0,0.0,847957.0,1.0,0.0
671040.0,12.0,37.0,3200000.0,14000000.0,46600.0,6.0,3.0,0.0,0.0,1611166.0,1.0,0.0
4590841.2,12.0,66.0,10000000.0,4000000.0,361274.0,12.0,4.0,0.0,3.0,1210000.0,0.0,1.0
1978680.0,12.0,26.0,1800000.0,450000.0,156416.0,4.0,3.0,0.0,0.0,1076958.0,1.0,0.0
1301880.0,12.0,56.0,1700000.0,400000.0,90408.0,2.0,1.0,0.0,0.0,923771.0,1.0,0.0
1638972.0,10.0,33.0,3500000.0,2500000.0,139229.0,8.0,5.0,0.0,1.0,4141255.0,1.0,0.0
3600000.0,12.0,46.0,10000000.0,3500000.0,250000.0,5.0,2.0,0.0,0.0,1238921.0,1.0,0.0
4172226.0,10.0,52.0,3000000.0,1400000.0,355170.0,8.0,7.0,0.0,0.0,941789.0,0.0,1.0
1231111.2,12.0,42.0,4000000.0,100000.0,96882.0,4.0,0.0,0.0,1.0,908526.0,1.0,0.0
2168475.6,9.0,54.0,4000000.0,1000000.0,202517.0,1.0,1.0,0.0,0.0,1210000.0,1.0,0.0
7704787.199999999,36.0,48.0,8000000.0,0.0,251901.0,2.0,2.0,0.0,0.0,1210000.0,1.0,0.0
564000.0,6.0,34.0,2200000.0,1300000.0,83851.0,7.0,3.0,0.0,0.0,1157986.0,1.0,0.0
1320000.0,24.0,44.0,3000000.0,700000.0,58015.0,11.0,6.0,0.0,3.0,1000000.0,0.0,1.0
615154.7999999999,10.0,67.0,7650000.0,6967000.0,52917.0,10.0,7.0,0.0,2.0,977131.0,0.0,1.0
1908000.0,12.0,26.0,1800000.0,800000.0,149901.0,3.0,1.0,1.0,1.0,1210000.0,0.0,1.0
3760920.0,8.0,36.0,8000000.0,4000000.0,428758.0,12.0,8.0,0.0,1.0,3825602.0,0.0,1.0
2793991.1999999997,9.0,42.0,4000000.0,2000000.0,261184.0,7.0,4.0,0.0,1.0,2587500.0,1.0,0.0
2894400.0,12.0,41.0,6000000.0,400000.0,227114.0,7.0,4.0,0.0,0.0,1210000.0,1.0,0.0
3840000.0,8.0,26.0,2000000.0,1000000.0,440554.0,3.0,1.0,0.0,1.0,1210000.0,0.0,1.0
2888400.0,8.0,65.0,2500000.0,1000000.0,327126.0,1.0,0.0,0.0,1.0,1210000.0,0.0,1.0
3509100.0,6.0,39.0,2625000.0,800000.0,520294.0,3.0,3.0,0.0,0.0,2302500.0,1.0,0.0
1223640.0,6.0,64.0,2200000.0,350000.0,169950.0,3.0,3.0,0.0,0.0,916148.0,1.0,0.0
2160000.0,10.0,59.0,2000000.0,500000.0,199864.0,5.0,1.0,0.0,2.0,1210000.0,1.0,0.0
912000.0,12.0,32.0,1500000.0,500000.0,71557.0,0.0,0.0,0.0,0.0,910801.0,1.0,0.0
1070580.0,6.0,51.0,8000000.0,1000000.0,159155.0,18.0,9.0,0.0,8.0,1320833.0,0.0,1.0
2537208.0,11.0,52.0,2000000.0,1200000.0,200459.0,5.0,1.0,0.0,3.0,954263.0,1.0,0.0
3633909.6,10.0,59.0,5000000.0,2500000.0,309345.0,13.0,10.0,0.0,0.0,1210000.0,1.0,0.0
1080000.0,12.0,61.0,1500000.0,100000.0,84990.0,4.0,1.0,1.0,1.0,1210000.0,1.0,0.0
3335808.0,6.0,46.0,10000000.0,2000000.0,495458.0,7.0,3.0,0.0,3.0,923771.0,0.0,1.0
3279548.4,9.0,37.0,5000000.0,2000000.0,306721.0,6.0,5.0,0.0,1.0,783724.0,1.0,0.0
2390158.8,6.0,58.0,2200000.0,500000.0,356769.0,1.0,1.0,0.0,0.0,1210000.0,0.0,1.0
1770195.5999999999,12.0,64.0,2010000.0,54000.0,143372.0,3.0,3.0,0.0,0.0,969508.0,1.0,0.0
3494880.0,12.0,44.0,4500000.0,1200000.0,274231.0,2.0,0.0,0.0,1.0,1210000.0,0.0,1.0
3087381.6,10.0,49.0,5000000.0,4000000.0,262545.0,12.0,5.0,0.0,3.0,933473.0,0.0,1.0
1604400.0,2.0,64.0,4000000.0,2000000.0,632882.0,8.0,4.0,0.0,2.0,1755605.0,0.0,1.0
2785440.0,12.0,36.0,1800000.0,500000.0,220166.0,3.0,0.0,0.0,3.0,1210000.0,0.0,1.0
2645760.0,12.0,56.0,7000000.0,1500000.0,207862.0,8.0,6.0,1.0,0.0,2672533.0,0.0,1.0
960000.0,6.0,43.0,1940000.0,410000.0,146221.0,8.0,5.0,0.0,1.0,1210000.0,0.0,1.0
2706000.0,6.0,32.0,4720000.0,152000.0,410790.0,3.0,1.0,0.0,0.0,1000000.0,0.0,1.0
2934540.0,36.0,47.0,2000000.0,800000.0,95173.0,22.0,7.0,0.0,13.0,6344876.0,1.0,0.0
1266420.0,12.0,46.0,1117000.0,400000.0,99248.0,4.0,1.0,1.0,2.0,33334.0,1.0,0.0
942720.0,6.0,49.0,5000000.0,2000000.0,128812.0,7.0,3.0,0.0,3.0,2995424.0,0.0,1.0
1269000.0,5.0,43.0,5000000.0,2000000.0,206109.0,4.0,0.0,0.0,2.0,941789.0,0.0,1.0
1388258.4,10.0,25.0,1800000.0,1000000.0,117869.0,3.0,2.0,0.0,0.0,1594729.0,1.0,0.0
1946280.0,12.0,25.0,1500000.0,500000.0,135158.0,4.0,2.0,0.0,1.0,827000.0,1.0,0.0
1787244.0,12.0,47.0,7000000.0,100000.0,141267.0,6.0,3.0,0.0,2.0,1210000.0,0.0,1.0
1569480.0,12.0,39.0,2000000.0,600000.0,108992.0,10.0,5.0,0.0,1.0,1061657.0,1.0,0.0
2769000.0,6.0,28.0,3500000.0,750000.0,411553.0,3.0,1.0,2.0,0.0,2800000.0,0.0,1.0
2528100.0,12.0,37.0,2700000.0,800000.0,198371.0,9.0,5.0,0.0,3.0,2890261.0,1.0,0.0
1908000.0,6.0,45.0,9000000.0,4500000.0,284335.0,10.0,6.0,2.0,0.0,8221953.0,0.0,1.0
821208.0,5.0,33.0,5000000.0,2000000.0,133225.0,11.0,7.0,0.0,2.0,1210000.0,0.0,1.0
2230380.0,6.0,46.0,9900000.0,5000000.0,330698.0,9.0,6.0,0.0,0.0,3973000.0,0.0,1.0
3913023.5999999996,11.0,59.0,3491000.0,657000.0,321185.0,3.0,1.0,1.0,1.0,4440000.0,1.0,0.0
3468000.0,6.0,65.0,15000000.0,6000000.0,515444.0,5.0,3.0,0.0,1.0,1799719.0,0.0,1.0
1661520.0,6.0,42.0,1800000.0,800000.0,246353.0,5.0,1.0,0.0,3.0,1547637.0,1.0,0.0
2568000.0,24.0,22.0,2000000.0,600000.0,112377.0,2.0,2.0,0.0,0.0,972065.0,1.0,0.0
1269000.0,5.0,38.0,5000000.0,2000000.0,206109.0,9.0,3.0,1.0,2.0,744444.0,0.0,1.0
3931081.1999999997,12.0,65.0,12000000.0,2500000.0,272992.0,4.0,2.0,0.0,0.0,916148.0,1.0,0.0
1820314.8,8.0,54.0,3600000.0,2000000.0,189771.0,6.0,1.0,1.0,2.0,1210000.0,0.0,1.0
1440000.0,6.0,58.0,1200000.0,300000.0,213725.0,5.0,2.0,0.0,1.0,916841.0,1.0,0.0
3859008.0,6.0,42.0,4000000.0,1500000.0,572174.0,1.0,1.0,0.0,0.0,4462250.0,1.0,0.0
1680000.0,18.0,44.0,3600000.0,1440000.0,93219.0,13.0,6.0,1.0,5.0,666253.0,1.0,0.0
1616280.0,6.0,48.0,4000000.0,1000000.0,240213.0,3.0,0.0,0.0,2.0,5920344.0,1.0,0.0
1594320.0,12.0,41.0,1500000.0,800000.0,124862.0,4.0,1.0,1.0,2.0,1839584.0,1.0,0.0
2474280.0,12.0,37.0,3000000.0,1000000.0,194712.0,3.0,1.0,0.0,0.0,933473.0,1.0,0.0
3600000.0,6.0,44.0,7000000.0,4000000.0,533355.0,11.0,9.0,0.0,0.0,908526.0,0.0,1.0
1499880.0,12.0,62.0,2000000.0,600000.0,104158.0,2.0,2.0,0.0,0.0,916148.0,1.0,0.0
2090400.0,6.0,29.0,5440000.0,4501000.0,318924.0,5.0,3.0,0.0,0.0,8508107.0,1.0,0.0
2528100.0,36.0,38.0,1650000.0,600000.0,81727.0,7.0,3.0,0.0,2.0,1173694.0,1.0,0.0
2140882.8,11.0,69.0,3100000.0,1900000.0,166757.0,6.0,3.0,0.0,1.0,2369248.0,1.0,0.0
1773547.2,10.0,34.0,2500000.0,1000000.0,150582.0,3.0,3.0,0.0,0.0,2423604.0,1.0,0.0
3696000.0,12.0,40.0,15000000.0,2800000.0,290735.0,7.0,3.0,0.0,1.0,908526.0,0.0,1.0
695880.0,8.0,35.0,1600000.0,800000.0,79088.0,1.0,0.0,0.0,1.0,1210000.0,1.0,0.0
2712337.1999999997,11.0,49.0,5000000.0,3000000.0,215861.0,14.0,10.0,1.0,0.0,916841.0,0.0,1.0
2810054.4,11.0,39.0,1500000.0,600000.0,218630.0,4.0,0.0,0.0,4.0,1210000.0,1.0,0.0
4044000.0,36.0,31.0,2640000.0,2781000.0,146447.0,10.0,4.0,0.0,4.0,1210000.0,1.0,0.0
3903722.4,24.0,67.0,1050000.0,300000.0,170634.0,3.0,0.0,1.0,1.0,1832297.0,1.0,0.0
4977600.0,36.0,38.0,1200000.0,350000.0,172834.0,10.0,2.0,0.0,8.0,1118785.0,1.0,0.0
1229468.4,10.0,36.0,1520000.0,0.0,107866.0,0.0,0.0,0.0,0.0,1210000.0,1.0,0.0
1935492.0,12.0,33.0,2000000.0,700000.0,151581.0,3.0,1.0,0.0,0.0,1210000.0,0.0,1.0
1658400.0,6.0,52.0,6000000.0,2500000.0,248368.0,7.0,4.0,1.0,0.0,1210000.0,0.0,1.0
2893680.0,18.0,35.0,2000000.0,500000.0,160158.0,1.0,1.0,0.0,0.0,1210000.0,0.0,1.0
554400.0,6.0,46.0,4500000.0,600000.0,82312.0,13.0,9.0,0.0,1.0,1210000.0,1.0,0.0
14400000.0,6.0,51.0,5000000.0,2500000.0,2137252.0,11.0,5.0,0.0,0.0,908526.0,0.0,1.0
4240080.0,6.0,31.0,2200000.0,1000000.0,629314.0,6.0,2.0,0.0,2.0,1210000.0,1.0,0.0
1433581.2,24.0,34.0,1879000.0,221000.0,69783.0,1.0,1.0,0.0,0.0,1611097.0,1.0,0.0
755739.6,6.0,58.0,1100000.0,150000.0,112357.0,4.0,1.0,0.0,3.0,939017.0,1.0,0.0
2408280.0,12.0,47.0,1800000.0,600000.0,167242.0,8.0,7.0,0.0,0.0,1913004.0,1.0,0.0
3324840.0,12.0,51.0,3900000.0,500000.0,230892.0,4.0,1.0,0.0,2.0,1210000.0,1.0,0.0
1441699.2,10.0,32.0,2700000.0,600000.0,122728.0,2.0,1.0,0.0,0.0,6963990.0,1.0,0.0
2884245.6,9.0,49.0,2500000.0,1500000.0,270396.0,6.0,1.0,1.0,3.0,926485.0,1.0,0.0
3737880.0,12.0,51.0,1500000.0,700000.0,259575.0,5.0,3.0,0.0,0.0,1194234.0,1.0,0.0
3683640.0,12.0,35.0,1751000.0,582000.0,310182.0,3.0,2.0,0.0,1.0,1000000.0,1.0,0.0
1814400.0,6.0,47.0,2500000.0,800000.0,272745.0,7.0,5.0,0.0,0.0,996306.0,1.0,0.0
1313880.0,12.0,40.0,1500000.0,300000.0,91242.0,2.0,1.0,0.0,0.0,1210000.0,0.0,1.0
1547881.2,18.0,43.0,4417574.0,788000.0,87539.0,7.0,5.0,1.0,0.0,4671773.0,1.0,0.0
6983414.399999999,10.0,54.0,4000000.0,2000000.0,600940.0,3.0,1.0,0.0,1.0,941789.0,1.0,0.0
2121463.1999999997,10.0,51.0,3000000.0,1500000.0,179933.0,1.0,1.0,0.0,0.0,1330000.0,1.0,0.0
1047238.7999999999,6.0,34.0,6000000.0,1000000.0,155544.0,2.0,0.0,0.0,1.0,4750000.0,1.0,0.0
1627759.2,9.0,31.0,2500000.0,1000000.0,152164.0,6.0,1.0,0.0,2.0,100000.0,1.0,0.0
1276680.0,6.0,58.0,3700000.0,1500000.0,189492.0,6.0,1.0,0.0,2.0,1210000.0,0.0,1.0
1269000.0,8.0,36.0,5000000.0,2000000.0,132410.0,9.0,2.0,0.0,4.0,896713.0,0.0,1.0
1276080.0,6.0,37.0,2120000.0,453000.0,191782.0,8.0,0.0,3.0,1.0,1283227.0,1.0,0.0
1183695.5999999999,9.0,58.0,3500000.0,2000000.0,110653.0,0.0,0.0,0.0,0.0,923771.0,0.0,1.0
636000.0,6.0,30.0,2200000.0,1000000.0,94226.0,8.0,5.0,0.0,0.0,1676656.0,1.0,0.0
1744119.5999999999,11.0,42.0,10000000.0,5000000.0,135697.0,8.0,0.0,0.0,8.0,1210000.0,1.0,0.0
8640000.0,24.0,30.0,10000000.0,800000.0,300000.0,8.0,4.0,1.0,0.0,2003188.0,0.0,1.0
3224402.4,4.0,26.0,2040000.0,817000.0,651582.0,6.0,4.0,0.0,2.0,1210000.0,1.0,0.0
1823880.0,12.0,27.0,1880000.0,299000.0,147720.0,1.0,1.0,0.0,0.0,1500000.0,1.0,0.0
1514038.8,12.0,48.0,2500000.0,600000.0,105142.0,5.0,3.0,0.0,2.0,1509012.0,1.0,0.0
1446820.8,10.0,39.0,3000000.0,2000000.0,122519.0,10.0,7.0,0.0,2.0,1210000.0,0.0,1.0
2079050.4,9.0,67.0,3000000.0,1200000.0,194165.0,3.0,3.0,0.0,0.0,908526.0,0.0,1.0
4070400.0,12.0,47.0,1500000.0,500000.0,318976.0,4.0,3.0,0.0,0.0,1210000.0,0.0,1.0
1439880.0,12.0,21.0,1200000.0,300000.0,99992.0,1.0,1.0,0.0,0.0,763271.0,1.0,0.0
789600.0,8.0,56.0,2900000.0,886000.0,89635.0,8.0,3.0,0.0,2.0,1210000.0,1.0,0.0
4144354.8,10.0,34.0,4000000.0,1000000.0,352797.0,8.0,6.0,1.0,0.0,469405.0,0.0,1.0
2048280.0,24.0,33.0,2400000.0,500000.0,89939.0,2.0,2.0,0.0,0.0,2072140.0,1.0,0.0
3449160.0,18.0,40.0,2000000.0,700000.0,190903.0,4.0,3.0,0.0,0.0,2513464.0,1.0,0.0
670200.0,2.0,44.0,4000000.0,2000000.0,264294.0,9.0,6.0,0.0,1.0,4341500.0,0.0,1.0
2933041.1999999997,12.0,36.0,908526.0,65000.0,229667.0,5.0,2.0,0.0,0.0,979238.0,1.0,0.0
1680000.0,6.0,55.0,1700000.0,680000.0,249526.0,3.0,2.0,0.0,1.0,923771.0,1.0,0.0
2611322.4,6.0,44.0,750000.0,2859000.0,391117.0,3.0,2.0,0.0,1.0,750000.0,0.0,1.0
2598720.0,36.0,32.0,4767000.0,250000.0,102145.0,6.0,1.0,0.0,0.0,2574820.0,1.0,0.0
1023945.6,10.0,46.0,12500000.0,7500000.0,86937.0,14.0,13.0,0.0,0.0,7032000.0,1.0,0.0
2536836.0,9.0,53.0,3000000.0,1500000.0,237259.0,5.0,3.0,0.0,0.0,1783333.0,0.0,1.0
4410240.0,10.0,47.0,1750000.0,400000.0,407674.0,3.0,1.0,0.0,2.0,1210000.0,0.0,1.0
2752440.0,6.0,37.0,3000000.0,900000.0,412253.0,4.0,2.0,0.0,1.0,1100000.0,1.0,0.0
600000.0,12.0,32.0,1400000.0,600000.0,47080.0,7.0,3.0,2.0,2.0,1484000.0,1.0,0.0
2588880.0,6.0,32.0,2230000.0,384000.0,391018.0,1.0,1.0,0.0,0.0,950000.0,1.0,0.0
4200000.0,6.0,59.0,5000000.0,0.0,626951.0,17.0,16.0,0.0,0.0,954263.0,0.0,1.0
1392000.0,6.0,50.0,1926000.0,252000.0,209748.0,6.0,2.0,0.0,2.0,1210000.0,0.0,1.0
3699912.0,12.0,42.0,10000000.0,3000000.0,289957.0,7.0,5.0,0.0,1.0,9444916.0,1.0,0.0
2016000.0,8.0,33.0,2500000.0,1200000.0,228856.0,6.0,3.0,1.0,0.0,923771.0,1.0,0.0
2219640.0,6.0,42.0,2000000.0,500000.0,330777.0,8.0,4.0,0.0,0.0,941789.0,1.0,0.0
1224000.0,6.0,55.0,7000000.0,3000000.0,182415.0,6.0,3.0,0.0,0.0,1210000.0,0.0,1.0
1399200.0,6.0,23.0,2000000.0,700000.0,207961.0,3.0,0.0,0.0,0.0,1210000.0,0.0,1.0
958323.6,10.0,25.0,1480000.0,98000.0,82437.0,1.0,0.0,0.0,0.0,938648.0,1.0,0.0
3315464.4,6.0,29.0,18000000.0,6000000.0,494913.0,10.0,7.0,0.0,1.0,890728.0,0.0,1.0
1236000.0,12.0,34.0,3900000.0,500000.0,97387.0,11.0,8.0,0.0,2.0,250625.0,1.0,0.0
1708800.0,6.0,41.0,6000000.0,200000.0,253630.0,4.0,2.0,0.0,0.0,1210000.0,1.0,0.0
3496746.0,10.0,27.0,2000000.0,1300000.0,297045.0,6.0,2.0,0.0,1.0,810943.0,1.0,0.0
749700.0,6.0,37.0,2100000.0,596000.0,112278.0,6.0,3.0,0.0,0.0,1200000.0,1.0,0.0
1542840.0,6.0,60.0,1000000.0,250000.0,228757.0,1.0,0.0,0.0,0.0,615779.0,1.0,0.0
7203480.0,36.0,41.0,3000000.0,500000.0,232871.0,3.0,0.0,0.0,2.0,1210000.0,0.0,1.0
2372040.0,18.0,28.0,3000000.0,600000.0,131618.0,6.0,3.0,1.0,2.0,1214017.0,1.0,0.0
1310131.2,6.0,48.0,3000000.0,2000000.0,194900.0,2.0,1.0,0.0,1.0,1210000.0,1.0,0.0
840000.0,6.0,41.0,3500000.0,1000000.0,124933.0,13.0,6.0,0.0,3.0,950105.0,0.0,1.0
3048865.1999999997,11.0,47.0,3400000.0,1400000.0,237887.0,2.0,0.0,0.0,1.0,918689.0,0.0,1.0
4057731.5999999996,12.0,44.0,5000000.0,1000000.0,320767.0,7.0,4.0,0.0,1.0,1210000.0,0.0,1.0
4377110.399999999,24.0,35.0,3700000.0,500000.0,192416.0,8.0,6.0,0.0,0.0,3921958.0,1.0,0.0
1431502.8,9.0,46.0,2500000.0,1500000.0,134138.0,5.0,2.0,1.0,1.0,1210000.0,0.0,1.0
2322524.4,5.0,37.0,4000000.0,3000000.0,377331.0,8.0,5.0,0.0,1.0,1625710.0,0.0,1.0
504000.0,6.0,49.0,1800000.0,350000.0,75481.0,4.0,1.0,1.0,1.0,941789.0,0.0,1.0
652680.0,6.0,57.0,2000000.0,0.0,90650.0,5.0,3.0,0.0,1.0,916148.0,1.0,0.0
4336082.399999999,6.0,30.0,4605000.0,642000.0,669177.0,8.0,4.0,0.0,2.0,820000.0,1.0,0.0
720000.0,6.0,48.0,3218083.0,1150000.0,107830.0,6.0,4.0,0.0,1.0,855000.0,1.0,0.0
1005600.0,12.0,55.0,3000000.0,2000000.0,78643.0,5.0,3.0,0.0,0.0,1210000.0,1.0,0.0
3019130.4,9.0,42.0,6000000.0,5500000.0,282366.0,7.0,5.0,0.0,1.0,1242500.0,0.0,1.0
5114223.6,10.0,25.0,2517000.0,1277000.0,458478.0,2.0,0.0,0.0,2.0,1210000.0,1.0,0.0
1200871.2,6.0,40.0,2000000.0,500000.0,178957.0,9.0,4.0,1.0,1.0,1210000.0,1.0,0.0
4290841.2,6.0,30.0,8000000.0,3000000.0,637742.0,6.0,5.0,0.0,1.0,5365448.0,1.0,0.0
3600000.0,18.0,34.0,3000000.0,1600000.0,206840.0,2.0,1.0,0.0,1.0,1210000.0,1.0,0.0
3575996.4,10.0,37.0,4000000.0,2000000.0,304096.0,6.0,3.0,0.0,2.0,926820.0,0.0,1.0
1581180.0,10.0,60.0,5000000.0,0.0,146006.0,8.0,6.0,0.0,1.0,1210000.0,0.0,1.0
2006280.0,12.0,36.0,2000000.0,500000.0,139325.0,4.0,1.0,0.0,2.0,2089547.0,1.0,0.0
647253.6,9.0,35.0,4500000.0,2000000.0,60448.0,11.0,3.0,0.0,7.0,1210000.0,0.0,1.0
5400000.0,30.0,36.0,3700000.0,1500000.0,202360.0,6.0,0.0,0.0,4.0,762152.0,0.0,1.0
2584680.0,10.0,122.0,400000000.0,0.0,219796.0,0.0,0.0,0.0,0.0,1210000.0,1.0,0.0
6000000.0,12.0,33.0,5000000.0,2000000.0,470800.0,8.0,3.0,0.0,3.0,1210000.0,0.0,1.0
1437600.0,12.0,36.0,2100000.0,600000.0,113643.0,8.0,1.0,0.0,6.0,1477262.0,1.0,0.0
4666861.2,9.0,122.0,10161375.0,2918139.0,437306.0,0.0,0.0,0.0,0.0,1210000.0,1.0,0.0
3135600.0,6.0,55.0,2650000.0,960000.0,469599.0,4.0,4.0,0.0,0.0,1210000.0,1.0,0.0
5663641.2,6.0,30.0,4000000.0,1000000.0,841970.0,1.0,0.0,0.0,1.0,1202391.0,1.0,0.0
1129440.0,10.0,68.0,1500000.0,0.0,95643.0,6.0,0.0,4.0,2.0,906413.0,1.0,0.0
1201920.0,11.0,45.0,5000000.0,1600000.0,93513.0,7.0,3.0,0.0,2.0,469405.0,0.0,1.0
2400000.0,12.0,34.0,4848000.0,70000.0,198907.0,5.0,2.0,0.0,0.0,1462068.0,1.0,0.0
4387485.6,5.0,57.0,3862197.0,4450000.0,716755.0,12.0,8.0,2.0,0.0,4004919.0,1.0,0.0
600000.0,6.0,65.0,5000000.0,3000000.0,89858.0,2.0,0.0,0.0,1.0,1210000.0,0.0,1.0
2122900.8,10.0,30.0,3650440.0,1985740.0,180811.0,3.0,2.0,0.0,0.0,954263.0,0.0,1.0
809280.0,6.0,53.0,4000000.0,1200000.0,119992.0,9.0,5.0,0.0,2.0,1210000.0,0.0,1.0
2138400.0,12.0,30.0,3000000.0,300000.0,167472.0,5.0,3.0,0.0,0.0,1210000.0,1.0,0.0
6000000.0,12.0,68.0,5900000.0,2800000.0,469820.0,4.0,1.0,0.0,1.0,5900287.0,1.0,0.0
2656680.0,12.0,33.0,3000000.0,800000.0,184492.0,5.0,3.0,0.0,1.0,3343910.0,1.0,0.0
1320000.0,6.0,29.0,1000000.0,100000.0,197706.0,2.0,0.0,0.0,1.0,1210000.0,1.0,0.0
599880.0,6.0,53.0,1500000.0,400000.0,89401.0,2.0,2.0,0.0,0.0,1210000.0,1.0,0.0
4634400.0,6.0,28.0,10000000.0,2000000.0,688769.0,2.0,1.0,0.0,0.0,1000000.0,0.0,1.0
916320.0,8.0,24.0,1500000.0,500000.0,103930.0,2.0,0.0,1.0,1.0,1224798.0,1.0,0.0
6003288.0,6.0,33.0,5000000.0,1000000.0,892463.0,6.0,2.0,0.0,1.0,1210000.0,1.0,0.0
1174080.0,24.0,59.0,2800000.0,780000.0,51326.0,9.0,5.0,0.0,2.0,1210000.0,1.0,0.0
2532354.0,10.0,62.0,9500000.0,6500000.0,215346.0,5.0,3.0,1.0,0.0,939017.0,0.0,1.0
600000.0,6.0,64.0,1000000.0,250000.0,89116.0,2.0,1.0,0.0,1.0,1210000.0,0.0,1.0
600000.0,6.0,32.0,3000000.0,500000.0,89258.0,6.0,3.0,0.0,2.0,1210000.0,0.0,1.0
4181443.1999999997,6.0,36.0,10000000.0,0.0,624181.0,9.0,4.0,1.0,0.0,1210000.0,0.0,1.0
2418958.8,12.0,29.0,1580000.0,700000.0,167983.0,2.0,0.0,0.0,0.0,1612825.0,1.0,0.0
1188000.0,6.0,47.0,5000000.0,300000.0,177328.0,10.0,3.0,2.0,3.0,1210000.0,1.0,0.0
1800000.0,6.0,29.0,2000000.0,1000000.0,266861.0,3.0,2.0,0.0,0.0,1000000.0,0.0,1.0
3612699.6,30.0,31.0,3000000.0,600000.0,134422.0,1.0,1.0,0.0,0.0,1132572.0,1.0,0.0
1991082.0,18.0,54.0,1500000.0,0.0,110091.0,8.0,6.0,0.0,0.0,1088605.0,1.0,0.0
5323563.6,10.0,24.0,1326000.0,1560000.0,467059.0,3.0,1.0,0.0,0.0,1210000.0,0.0,1.0
1681832.4,4.0,33.0,2500000.0,1500000.0,337397.0,2.0,1.0,0.0,0.0,1370131.0,1.0,0.0
3527758.8,12.0,36.0,11500000.0,300000.0,244983.0,7.0,5.0,0.0,0.0,8816666.0,1.0,0.0
3915000.0,6.0,44.0,10000000.0,6000000.0,581484.0,3.0,2.0,0.0,0.0,926820.0,1.0,0.0
1963200.0,10.0,38.0,2500000.0,200000.0,181654.0,3.0,1.0,0.0,1.0,925157.0,1.0,0.0
1506220.8,10.0,44.0,4000000.0,1000000.0,128086.0,0.0,0.0,0.0,0.0,939017.0,0.0,1.0
6995398.8,6.0,58.0,12000000.0,8000000.0,1039663.0,9.0,5.0,3.0,1.0,11000000.0,1.0,0.0
1016280.0,6.0,26.0,2400000.0,800000.0,151040.0,2.0,0.0,1.0,0.0,1210000.0,1.0,0.0
3523473.6,36.0,35.0,2500000.0,400000.0,114298.0,6.0,1.0,0.0,1.0,1331630.0,1.0,0.0
1656000.0,6.0,56.0,3710000.0,854000.0,251392.0,4.0,3.0,0.0,0.0,1210000.0,1.0,0.0
4632600.0,24.0,26.0,5000000.0,400000.0,202985.0,6.0,3.0,0.0,0.0,1320000.0,1.0,0.0
2543582.4,9.0,40.0,5000000.0,2000000.0,238345.0,9.0,3.0,0.0,1.0,871788.0,0.0,1.0
2110321.1999999997,10.0,51.0,5000000.0,2500000.0,179270.0,6.0,1.0,0.0,2.0,908526.0,0.0,1.0
3117000.0,12.0,35.0,3500000.0,1000000.0,245189.0,9.0,8.0,0.0,0.0,1210000.0,1.0,0.0
3395520.0,12.0,56.0,3000000.0,400000.0,235800.0,8.0,4.0,1.0,2.0,1020000.0,1.0,0.0
1308720.0,12.0,48.0,3500000.0,1200000.0,102494.0,8.0,3.0,0.0,1.0,908526.0,0.0,1.0
2122560.0,6.0,45.0,4032965.0,2600000.0,315031.0,4.0,2.0,0.0,1.0,60569.0,1.0,0.0
2141242.8,9.0,45.0,3000000.0,1500000.0,199974.0,6.0,4.0,1.0,1.0,1495191.0,0.0,1.0
566400.0,6.0,67.0,3800000.0,1000000.0,84412.0,3.0,1.0,0.0,1.0,1134470.0,1.0,0.0
3456000.0,12.0,28.0,4535000.0,3673000.0,288939.0,5.0,5.0,0.0,0.0,6312576.0,1.0,0.0
941520.0,12.0,36.0,2400000.0,800000.0,73601.0,6.0,2.0,1.0,2.0,1840337.0,1.0,0.0
4467265.2,10.0,36.0,8000000.0,2277000.0,393958.0,7.0,3.0,0.0,0.0,735465.0,1.0,0.0
884299.2,10.0,42.0,2000000.0,800000.0,75278.0,8.0,4.0,2.0,1.0,1612833.0,1.0,0.0
1187880.0,6.0,29.0,2100000.0,1100000.0,177917.0,7.0,3.0,1.0,0.0,1775926.0,1.0,0.0
2162160.0,6.0,37.0,1200000.0,250000.0,320583.0,6.0,3.0,0.0,0.0,1185221.0,1.0,0.0
1216936.8,10.0,42.0,2900000.0,600000.0,103377.0,15.0,9.0,2.0,2.0,462578.0,1.0,0.0
5525520.0,30.0,40.0,1550000.0,0.0,203621.0,3.0,1.0,1.0,1.0,2050942.0,1.0,0.0
3175080.0,12.0,44.0,5600000.0,1500000.0,220492.0,11.0,7.0,0.0,1.0,3672776.0,0.0,1.0
6576000.0,6.0,38.0,4000000.0,2000000.0,976715.0,9.0,4.0,2.0,2.0,923771.0,1.0,0.0
1747200.0,12.0,40.0,1500000.0,400000.0,137268.0,10.0,4.0,0.0,1.0,923771.0,1.0,0.0
1596032.4,9.0,47.0,7000000.0,3000000.0,149198.0,7.0,6.0,0.0,0.0,15399203.0,1.0,0.0
471900.0,6.0,41.0,2000000.0,1000000.0,69969.0,8.0,3.0,0.0,1.0,1210000.0,0.0,1.0
1439880.0,12.0,50.0,5000000.0,3000000.0,99992.0,6.0,5.0,0.0,0.0,2638083.0,1.0,0.0
1200000.0,6.0,48.0,2900000.0,1900000.0,178405.0,2.0,2.0,0.0,0.0,1210000.0,1.0,0.0
3099156.0,10.0,30.0,2000000.0,500000.0,262442.0,4.0,0.0,2.0,2.0,1015653.0,1.0,0.0
2208000.0,6.0,45.0,3000000.0,1000000.0,327724.0,6.0,4.0,0.0,0.0,2328331.0,1.0,0.0
878880.0,4.0,40.0,5000000.0,2000000.0,176786.0,2.0,0.0,0.0,1.0,1210000.0,0.0,1.0
821208.0,2.0,33.0,5000000.0,2000000.0,323939.0,5.0,1.0,0.0,1.0,806057.0,0.0,1.0
1116000.0,6.0,32.0,5000000.0,2000000.0,165340.0,4.0,2.0,0.0,0.0,1210000.0,0.0,1.0
1640161.2,6.0,65.0,2000000.0,500000.0,243609.0,4.0,2.0,1.0,0.0,1210000.0,0.0,1.0
2795373.6,10.0,37.0,2000000.0,850000.0,237713.0,21.0,1.0,0.0,17.0,4725667.0,1.0,0.0
1680000.0,6.0,48.0,1660000.0,59000.0,253743.0,7.0,1.0,0.0,2.0,1210000.0,0.0,1.0
2909254.8,12.0,54.0,2030000.0,198600.0,229979.0,1.0,0.0,0.0,1.0,1454600.0,1.0,0.0
1928037.5999999999,6.0,44.0,2100000.0,700000.0,263267.0,0.0,0.0,0.0,0.0,1210000.0,0.0,1.0
2564640.0,12.0,59.0,5300000.0,1800000.0,201473.0,5.0,3.0,0.0,0.0,5352920.0,1.0,0.0
2645760.0,12.0,54.0,3000000.0,2000000.0,207604.0,19.0,16.0,0.0,1.0,1210000.0,1.0,0.0
3629280.0,12.0,43.0,1400000.0,200000.0,285459.0,9.0,6.0,0.0,1.0,1102479.0,1.0,0.0
4307522.399999999,24.0,36.0,3800000.0,650000.0,188308.0,9.0,1.0,0.0,8.0,30285.0,0.0,1.0
2849280.0,24.0,41.0,1800000.0,600000.0,124120.0,5.0,2.0,0.0,3.0,1291234.0,1.0,0.0
2988000.0,12.0,37.0,3000000.0,2000000.0,234010.0,7.0,2.0,1.0,2.0,1600000.0,1.0,0.0
3696000.0,12.0,43.0,5000000.0,1800000.0,289101.0,12.0,5.0,0.0,1.0,2629893.0,1.0,0.0
5601960.0,24.0,37.0,5000000.0,1100000.0,245460.0,7.0,4.0,0.0,2.0,5852875.0,1.0,0.0
1673280.0,6.0,30.0,2500000.0,1000000.0,248768.0,5.0,0.0,0.0,4.0,1210000.0,1.0,0.0
731712.0,12.0,38.0,4000000.0,800000.0,58756.0,5.0,2.0,0.0,3.0,1210000.0,1.0,0.0
2358000.0,6.0,35.0,4150000.0,953000.0,356602.0,6.0,1.0,0.0,4.0,1288484.0,1.0,0.0
2884560.0,12.0,55.0,4000000.0,1500000.0,226624.0,5.0,0.0,4.0,0.0,3366703.0,1.0,0.0
1920000.0,6.0,62.0,5000000.0,2000000.0,285432.0,7.0,2.0,2.0,2.0,1210000.0,1.0,0.0
1498992.0,7.0,47.0,4000000.0,2000000.0,177228.0,6.0,4.0,0.0,1.0,946640.0,0.0,1.0
839880.0,12.0,27.0,1500000.0,300000.0,58325.0,2.0,1.0,0.0,0.0,1455137.0,1.0,0.0
1091533.2,12.0,57.0,2000000.0,1000000.0,85907.0,2.0,2.0,0.0,0.0,1210000.0,0.0,1.0
504000.0,6.0,35.0,8000000.0,1000000.0,75481.0,7.0,4.0,1.0,0.0,7428997.0,1.0,0.0
1121521.2,10.0,49.0,2000000.0,1000000.0,95472.0,0.0,0.0,0.0,0.0,1210000.0,0.0,1.0
3360000.0,6.0,30.0,4000000.0,1500000.0,501533.0,3.0,0.0,2.0,0.0,983333.0,0.0,1.0
2811960.0,12.0,65.0,1200000.0,400000.0,220370.0,6.0,3.0,0.0,1.0,984901.0,1.0,0.0
3600000.0,36.0,28.0,4500000.0,800000.0,116567.0,9.0,4.0,0.0,4.0,2121124.0,1.0,0.0
1366680.0,12.0,44.0,2000000.0,1000000.0,107562.0,4.0,3.0,1.0,0.0,1324885.0,1.0,0.0
5058494.399999999,9.0,55.0,6500000.0,2100000.0,473551.0,6.0,6.0,0.0,0.0,8545133.0,1.0,0.0
3251712.0,11.0,48.0,5000000.0,2000000.0,252992.0,7.0,5.0,0.0,1.0,908526.0,0.0,1.0
1661520.0,10.0,56.0,1200000.0,450000.0,153337.0,3.0,2.0,0.0,0.0,747010.0,1.0,0.0
3660000.0,24.0,42.0,2500000.0,50000.0,164933.0,4.0,0.0,2.0,2.0,1081261.0,1.0,0.0
5020099.2,10.0,51.0,4000000.0,1900000.0,426452.0,5.0,4.0,0.0,0.0,762660.0,0.0,1.0
3095760.0,12.0,64.0,2200000.0,380000.0,214983.0,8.0,2.0,0.0,2.0,458074.0,1.0,0.0
2159520.0,6.0,49.0,4200000.0,1800000.0,320192.0,4.0,3.0,0.0,0.0,1210000.0,1.0,0.0
2403688.8,10.0,51.0,3000000.0,0.0,203870.0,0.0,0.0,0.0,0.0,905965.0,1.0,0.0
2245200.0,24.0,54.0,1200000.0,500000.0,98678.0,10.0,5.0,0.0,3.0,1237423.0,1.0,0.0
1269000.0,5.0,39.0,5000000.0,2000000.0,205990.0,2.0,0.0,0.0,2.0,811282.0,0.0,1.0
2951818.8,9.0,35.0,5000000.0,2500000.0,279739.0,6.0,4.0,0.0,1.0,884298.0,0.0,1.0
586680.0,4.0,43.0,3500000.0,1000000.0,118010.0,16.0,10.0,0.0,2.0,1746821.0,0.0,1.0
3068160.0,12.0,25.0,1800000.0,400000.0,213067.0,3.0,1.0,0.0,1.0,1048457.0,1.0,0.0
1800000.0,12.0,34.0,2280000.0,1748000.0,143587.0,12.0,9.0,0.0,1.0,1210000.0,1.0,0.0
3825567.5999999996,10.0,26.0,4000000.0,1600000.0,325319.0,7.0,1.0,1.0,2.0,939076.0,0.0,1.0
1679977.2,12.0,26.0,3500000.0,2000000.0,133991.0,5.0,3.0,0.0,2.0,3103727.0,1.0,0.0
1041480.0,12.0,51.0,1500000.0,400000.0,72325.0,3.0,1.0,0.0,1.0,1210000.0,1.0,0.0
1080000.0,12.0,25.0,1750000.0,204000.0,84790.0,2.0,0.0,0.0,1.0,1520277.0,1.0,0.0
895440.0,6.0,53.0,1700000.0,850000.0,132997.0,4.0,1.0,0.0,2.0,2075000.0,1.0,0.0
1123080.0,12.0,37.0,1600000.0,300000.0,77992.0,0.0,0.0,0.0,0.0,1496306.0,1.0,0.0
1103792.4,10.0,31.0,3500000.0,2000000.0,93766.0,6.0,3.0,0.0,0.0,4363732.0,1.0,0.0
1800000.0,6.0,46.0,6000000.0,2800000.0,270597.0,7.0,5.0,0.0,1.0,1210000.0,0.0,1.0
5400000.0,30.0,33.0,2500000.0,1200000.0,200097.0,1.0,0.0,0.0,1.0,163333.0,0.0,1.0
1065600.0,6.0,26.0,2300000.0,500000.0,159058.0,8.0,7.0,0.0,0.0,1536928.0,1.0,0.0
13711992.0,12.0,42.0,9630000.0,6820000.0,1103860.0,7.0,5.0,0.0,1.0,1210000.0,0.0,1.0
1428000.0,6.0,49.0,3000000.0,950000.0,212290.0,5.0,1.0,0.0,0.0,469405.0,1.0,0.0
3048000.0,6.0,47.0,8000000.0,1000000.0,453123.0,27.0,24.0,0.0,0.0,1600000.0,0.0,1.0
2594862.0,10.0,52.0,10000000.0,3000000.0,222476.0,8.0,6.0,0.0,1.0,1210000.0,0.0,1.0
1946364.0,9.0,36.0,5000000.0,4000000.0,182819.0,11.0,1.0,0.0,6.0,983889.0,0.0,1.0
648000.0,6.0,39.0,2153758.0,754000.0,97872.0,4.0,3.0,0.0,0.0,2548091.0,0.0,1.0
840000.0,6.0,49.0,1000.0,2439000.0,125802.0,6.0,4.0,0.0,1.0,1000.0,0.0,1.0
4607083.2,9.0,27.0,2458111.0,1157770.0,431911.0,9.0,6.0,1.0,2.0,3500000.0,0.0,1.0
600000.0,12.0,47.0,2900000.0,1000000.0,41667.0,2.0,2.0,0.0,0.0,3483779.0,1.0,0.0
645478.7999999999,6.0,41.0,2200000.0,455000.0,96348.0,13.0,4.0,0.0,8.0,2100000.0,1.0,0.0
1422139.2,11.0,67.0,5000000.0,1000000.0,110836.0,10.0,8.0,0.0,1.0,1210000.0,1.0,0.0
1047398.3999999999,10.0,27.0,1500000.0,600000.0,88975.0,0.0,0.0,0.0,0.0,1848597.0,1.0,0.0
2886364.8,11.0,41.0,5000000.0,3000000.0,224823.0,6.0,3.0,0.0,2.0,916841.0,0.0,1.0
1860000.0,12.0,32.0,6000000.0,2500000.0,149356.0,10.0,7.0,1.0,2.0,3685843.0,1.0,0.0
2278539.6,9.0,40.0,6000000.0,4000000.0,212796.0,14.0,4.0,0.0,5.0,469405.0,1.0,0.0
9630000.0,6.0,122.0,233149200.0,213591179.0,1449638.0,0.0,0.0,0.0,0.0,1210000.0,1.0,0.0
900000.0,6.0,49.0,1000000.0,350000.0,133804.0,4.0,0.0,0.0,4.0,976018.0,1.0,0.0
1380000.0,12.0,55.0,3000000.0,600000.0,109090.0,4.0,2.0,0.0,2.0,2183681.0,1.0,0.0
929032.7999999999,3.0,28.0,3630000.0,1731000.0,249533.0,6.0,2.0,0.0,2.0,1809629.0,1.0,0.0
2049480.0,24.0,24.0,2726000.0,800000.0,90076.0,4.0,0.0,4.0,1.0,1210000.0,1.0,0.0
821208.0,3.0,50.0,5000000.0,2000000.0,218017.0,5.0,4.0,0.0,1.0,2145868.0,0.0,1.0
1552680.0,12.0,23.0,2200000.0,500000.0,107825.0,4.0,2.0,0.0,1.0,908526.0,0.0,1.0
3878100.0,6.0,60.0,9000000.0,2000000.0,576789.0,4.0,0.0,0.0,3.0,600474.0,0.0,1.0
667800.0,3.0,40.0,2500000.0,1200000.0,178919.0,3.0,1.0,0.0,1.0,1210000.0,1.0,0.0
7200000.0,36.0,44.0,2000000.0,200000.0,247205.0,2.0,1.0,1.0,0.0,1114830.0,1.0,0.0
843178.7999999999,6.0,50.0,4690000.0,2034000.0,126278.0,6.0,2.0,0.0,4.0,4917279.0,1.0,0.0
1954980.0,10.0,56.0,2000000.0,800000.0,165812.0,3.0,0.0,0.0,2.0,1500000.0,0.0,1.0
1229256.0,12.0,31.0,2000000.0,600000.0,96456.0,3.0,1.0,0.0,2.0,1210000.0,0.0,1.0
8573316.0,11.0,41.0,9970000.0,9454000.0,695899.0,8.0,6.0,0.0,1.0,1210000.0,0.0,1.0
3493440.0,12.0,45.0,17000000.0,9000000.0,242600.0,16.0,13.0,0.0,1.0,2210343.0,0.0,1.0
702840.0,6.0,38.0,1200000.0,400000.0,104248.0,0.0,0.0,0.0,0.0,916148.0,1.0,0.0
1614000.0,12.0,35.0,1300000.0,400000.0,126637.0,2.0,1.0,0.0,1.0,908526.0,0.0,1.0
2016000.0,12.0,35.0,4000000.0,200000.0,161882.0,10.0,6.0,0.0,2.0,2865549.0,1.0,0.0
2918280.0,6.0,29.0,7000000.0,5000000.0,405317.0,3.0,1.0,0.0,0.0,218000.0,1.0,0.0
3249999.6,12.0,35.0,4000000.0,2000000.0,254167.0,9.0,4.0,0.0,2.0,908526.0,0.0,1.0
3535804.8,10.0,58.0,9000000.0,3500000.0,299891.0,5.0,2.0,0.0,0.0,1210000.0,1.0,0.0
661500.0,8.0,24.0,3000000.0,200000.0,75576.0,6.0,1.0,0.0,4.0,1574664.0,1.0,0.0
8400000.0,36.0,30.0,5500000.0,600000.0,271552.0,4.0,3.0,0.0,1.0,5830719.0,1.0,0.0
1140000.0,6.0,28.0,1647000.0,0.0,174920.0,1.0,0.0,0.0,0.0,1210000.0,1.0,0.0
917494.7999999999,10.0,48.0,2000000.0,1000000.0,78104.0,6.0,3.0,0.0,1.0,1210000.0,1.0,0.0
878880.0,8.0,61.0,5000000.0,2000000.0,91506.0,6.0,0.0,0.0,5.0,1210000.0,0.0,1.0
3479890.8,9.0,68.0,3800000.0,1350000.0,326081.0,4.0,3.0,0.0,1.0,908526.0,0.0,1.0
9349999.2,10.0,57.0,12284000.0,11739000.0,915753.0,14.0,9.0,0.0,2.0,3000000.0,0.0,1.0
5463000.0,24.0,62.0,5000000.0,1500000.0,239371.0,5.0,5.0,0.0,0.0,1210000.0,0.0,1.0
3336000.0,10.0,46.0,5500000.0,3000000.0,307498.0,5.0,3.0,0.0,1.0,908526.0,0.0,1.0
873720.0,12.0,61.0,1000000.0,100000.0,68558.0,2.0,2.0,0.0,0.0,923771.0,1.0,0.0
3892914.0,9.0,37.0,5300000.0,2120000.0,363913.0,9.0,8.0,0.0,0.0,1327500.0,0.0,1.0
2672316.0,10.0,61.0,3000000.0,1500000.0,226297.0,5.0,0.0,1.0,3.0,1210000.0,0.0,1.0
1168680.0,12.0,45.0,3400000.0,2000000.0,91702.0,9.0,3.0,1.0,3.0,1210000.0,1.0,0.0
1653325.2,9.0,43.0,2000000.0,1700000.0,154185.0,1.0,0.0,0.0,0.0,1210000.0,0.0,1.0
5012136.0,8.0,29.0,2130000.0,174000.0,582276.0,5.0,2.0,0.0,1.0,1689402.0,1.0,0.0
5975440.8,11.0,42.0,4780000.0,1227000.0,476119.0,8.0,5.0,0.0,0.0,1500000.0,0.0,1.0
1494000.0,12.0,32.0,2500000.0,800000.0,117365.0,6.0,4.0,0.0,0.0,2116723.0,1.0,0.0
2787180.0,6.0,52.0,2500000.0,800000.0,414349.0,7.0,2.0,0.0,2.0,1000000.0,0.0,1.0
360000.0,6.0,61.0,2280000.0,707000.0,54647.0,6.0,3.0,0.0,3.0,2047563.0,1.0,0.0
643298.4,6.0,43.0,4506000.0,2042000.0,97162.0,11.0,4.0,0.0,6.0,908526.0,1.0,0.0
1713360.0,6.0,56.0,2490000.0,80000.0,257892.0,1.0,0.0,0.0,0.0,1210000.0,0.0,1.0
3549303.6,3.0,42.0,10000000.0,6000000.0,942647.0,8.0,6.0,0.0,0.0,13129841.0,1.0,0.0
891548.4,10.0,41.0,1500000.0,800000.0,75617.0,2.0,0.0,0.0,0.0,1210000.0,1.0,0.0
360000.0,6.0,39.0,1400000.0,600000.0,53652.0,7.0,4.0,0.0,2.0,1395889.0,1.0,0.0
1486561.2,12.0,36.0,3800000.0,1500000.0,116781.0,4.0,1.0,0.0,0.0,2638500.0,1.0,0.0
1607174.4,6.0,31.0,3500000.0,1000000.0,239520.0,9.0,6.0,1.0,2.0,2594133.0,1.0,0.0
825600.0,6.0,53.0,2800000.0,900000.0,123645.0,9.0,4.0,0.0,3.0,939017.0,1.0,0.0
2247900.0,12.0,50.0,3000000.0,600000.0,176605.0,5.0,2.0,1.0,0.0,30285.0,1.0,0.0
1604400.0,8.0,48.0,5000000.0,2000000.0,167406.0,15.0,6.0,0.0,6.0,1210000.0,0.0,1.0
529320.0,6.0,56.0,3000000.0,100000.0,79569.0,2.0,1.0,0.0,0.0,1210000.0,0.0,1.0
840000.0,12.0,26.0,1000000.0,500000.0,66110.0,2.0,0.0,1.0,1.0,1139442.0,1.0,0.0
1436400.0,12.0,56.0,7482000.0,1853000.0,120090.0,8.0,5.0,0.0,3.0,979166.0,0.0,1.0
1319091.5999999999,6.0,53.0,3660000.0,573000.0,198767.0,1.0,1.0,0.0,0.0,1210000.0,0.0,1.0
3687796.8,9.0,32.0,3630000.0,311000.0,358565.0,9.0,2.0,0.0,4.0,4288744.0,1.0,0.0
1787880.0,6.0,42.0,1500000.0,300000.0,266884.0,9.0,5.0,0.0,2.0,1134954.0,1.0,0.0
528000.0,6.0,33.0,2500000.0,1200000.0,78472.0,3.0,3.0,0.0,0.0,2260976.0,1.0,0.0
2569200.0,6.0,56.0,2500000.0,1200000.0,381074.0,2.0,0.0,0.0,0.0,908526.0,0.0,1.0
1028154.0,9.0,38.0,3000000.0,2000000.0,95883.0,3.0,2.0,0.0,0.0,1400000.0,1.0,0.0
1449240.0,12.0,29.0,2600000.0,700000.0,100642.0,7.0,3.0,1.0,1.0,2675152.0,1.0,0.0
4452552.0,36.0,46.0,3712000.0,2636000.0,168920.0,13.0,2.0,0.0,9.0,1013333.0,1.0,0.0
1750767.5999999999,10.0,42.0,3800000.0,1500000.0,148648.0,6.0,3.0,0.0,0.0,431130.0,0.0,1.0
5246858.399999999,10.0,41.0,3000000.0,2000000.0,451032.0,8.0,4.0,0.0,3.0,933473.0,0.0,1.0
1396020.0,10.0,51.0,4300000.0,3100000.0,118839.0,4.0,1.0,0.0,1.0,3770017.0,1.0,0.0
2279878.8,12.0,47.0,2000000.0,500000.0,158325.0,7.0,4.0,0.0,0.0,916148.0,1.0,0.0
3279120.0,12.0,62.0,15000000.0,6000000.0,227717.0,5.0,4.0,0.0,0.0,14708111.0,1.0,0.0
1729082.4,12.0,54.0,3200000.0,1200000.0,135675.0,14.0,11.0,0.0,2.0,908526.0,1.0,0.0
442560.0,2.0,47.0,5000000.0,2000000.0,174626.0,1.0,0.0,0.0,1.0,1210000.0,0.0,1.0
2263946.4,11.0,47.0,3100000.0,1500000.0,176443.0,5.0,1.0,0.0,0.0,878242.0,1.0,0.0
1582800.0,6.0,63.0,1750000.0,342000.0,243484.0,2.0,1.0,0.0,1.0,1013333.0,0.0,1.0
1234200.0,8.0,62.0,1200000.0,300000.0,140106.0,8.0,0.0,0.0,7.0,1210000.0,0.0,1.0
2697600.0,12.0,42.0,12000000.0,5800000.0,211231.0,4.0,3.0,0.0,0.0,13202526.0,1.0,0.0
1748680.8,2.0,63.0,2447000.0,1113000.0,697901.0,2.0,1.0,0.0,0.0,1210000.0,1.0,0.0
3600000.0,36.0,36.0,5000000.0,1200000.0,116527.0,6.0,2.0,1.0,1.0,1717608.0,1.0,0.0
2617200.0,6.0,54.0,13010000.0,6118000.0,395802.0,8.0,6.0,0.0,0.0,3300000.0,1.0,0.0
480000.0,12.0,27.0,1200000.0,600000.0,37664.0,5.0,1.0,1.0,0.0,1202799.0,1.0,0.0
3494880.0,10.0,40.0,2000000.0,800000.0,322487.0,9.0,6.0,0.0,1.0,2760545.0,1.0,0.0
759547.2,9.0,24.0,2000000.0,1000000.0,71207.0,0.0,0.0,0.0,0.0,950105.0,1.0,0.0
2183504.4,12.0,41.0,8000000.0,3000000.0,170762.0,1.0,0.0,0.0,1.0,1210000.0,0.0,1.0
1416012.0,10.0,23.0,30285.0,1434000.0,120857.0,6.0,2.0,0.0,2.0,30285.0,1.0,0.0
2326678.8,18.0,50.0,5000000.0,2500000.0,129081.0,14.0,6.0,0.0,5.0,5415352.0,1.0,0.0
552000.0,6.0,57.0,1800000.0,600000.0,81875.0,2.0,1.0,0.0,0.0,908526.0,0.0,1.0
1215066.0,6.0,31.0,2000000.0,400000.0,181072.0,2.0,0.0,0.0,1.0,1210000.0,1.0,0.0
1620060.0,6.0,43.0,2300000.0,900000.0,240951.0,3.0,0.0,1.0,0.0,2611969.0,1.0,0.0
1281481.2,6.0,60.0,3500000.0,1000000.0,190465.0,6.0,5.0,0.0,1.0,1210000.0,1.0,0.0
2014699.2,10.0,55.0,1400000.0,600000.0,186892.0,1.0,0.0,0.0,1.0,1210000.0,0.0,1.0
2533500.0,6.0,53.0,6000000.0,2000000.0,376636.0,7.0,3.0,0.0,2.0,1704946.0,1.0,0.0
1538400.0,12.0,59.0,3000000.0,1300000.0,120482.0,2.0,1.0,0.0,1.0,908526.0,0.0,1.0
1680000.0,12.0,36.0,3300000.0,714000.0,136067.0,13.0,1.0,0.0,9.0,1210000.0,0.0,1.0
878880.0,5.0,43.0,5000000.0,2000000.0,142539.0,5.0,2.0,0.0,3.0,925157.0,0.0,1.0
4609726.8,10.0,38.0,5725346.0,4000000.0,392413.0,7.0,3.0,0.0,2.0,3452110.0,1.0,0.0
1186800.0,6.0,29.0,1500000.0,200000.0,175967.0,1.0,0.0,0.0,0.0,908526.0,1.0,0.0
816176.4,9.0,57.0,2000000.0,1500000.0,76479.0,10.0,9.0,0.0,1.0,997667.0,1.0,0.0
2046000.0,6.0,39.0,4500000.0,1500000.0,304163.0,9.0,5.0,0.0,1.0,6002979.0,0.0,1.0
1679880.0,6.0,30.0,1600000.0,289000.0,253725.0,4.0,2.0,0.0,0.0,977131.0,1.0,0.0
2243995.1999999997,10.0,50.0,3800000.0,1800000.0,190026.0,4.0,2.0,0.0,2.0,1210000.0,0.0,1.0
2732400.0,18.0,57.0,2200000.0,600000.0,151770.0,9.0,5.0,0.0,3.0,954263.0,1.0,0.0
3436616.4,11.0,44.0,4176000.0,635000.0,280514.0,5.0,3.0,0.0,1.0,1000000.0,1.0,0.0
1560000.0,12.0,33.0,2000000.0,300000.0,122701.0,6.0,1.0,1.0,1.0,925839.0,1.0,0.0
1960680.0,12.0,48.0,2100000.0,650000.0,136158.0,4.0,0.0,0.0,1.0,783063.0,0.0,1.0
2000047.2,10.0,69.0,6000000.0,2000000.0,186521.0,3.0,3.0,0.0,0.0,1210000.0,0.0,1.0
2160000.0,24.0,63.0,2401000.0,0.0,106285.0,0.0,0.0,0.0,0.0,1210000.0,0.0,1.0
3447120.0,6.0,36.0,2540000.0,615000.0,528172.0,2.0,1.0,0.0,0.0,1818181.0,1.0,0.0
4884346.8,10.0,46.0,3155411.0,1254444.0,414268.0,14.0,4.0,0.0,4.0,1210000.0,1.0,0.0
2349480.0,12.0,56.0,5000000.0,1200000.0,184891.0,2.0,1.0,1.0,0.0,908526.0,0.0,1.0
3439152.0,24.0,41.0,4500000.0,1600000.0,150328.0,4.0,3.0,0.0,0.0,4787467.0,1.0,0.0
7489680.0,36.0,64.0,2390000.0,749000.0,262901.0,2.0,0.0,2.0,0.0,1210000.0,1.0,0.0
1468800.0,6.0,49.0,2000000.0,1000000.0,219993.0,2.0,0.0,0.0,2.0,788662.0,0.0,1.0
1893009.5999999999,9.0,36.0,8000000.0,4000000.0,177045.0,6.0,2.0,0.0,1.0,14315350.0,1.0,0.0
1074067.2,10.0,37.0,2000000.0,900000.0,91672.0,9.0,7.0,0.0,0.0,3814810.0,0.0,1.0
2242610.4,10.0,67.0,3500000.0,2000000.0,190507.0,2.0,1.0,0.0,1.0,1445313.0,0.0,1.0
1860000.0,6.0,56.0,2500000.0,1800000.0,275757.0,1.0,0.0,0.0,0.0,1210000.0,1.0,0.0
6000000.0,36.0,52.0,1000000.0,260000.0,210618.0,2.0,1.0,0.0,0.0,969508.0,0.0,1.0
3462645.6,12.0,33.0,6000000.0,2500000.0,240462.0,13.0,11.0,0.0,1.0,1735000.0,0.0,1.0
1185660.0,2.0,33.0,5000000.0,2000000.0,467703.0,13.0,8.0,0.0,2.0,939017.0,0.0,1.0
3343500.0,24.0,40.0,2500000.0,500000.0,146165.0,5.0,3.0,0.0,0.0,1267543.0,1.0,0.0
2010000.0,6.0,54.0,6940000.0,628000.0,305643.0,13.0,11.0,0.0,1.0,1447666.0,0.0,1.0
2285640.0,6.0,25.0,1800000.0,450000.0,339789.0,3.0,0.0,0.0,1.0,848424.0,1.0,0.0
2304000.0,24.0,39.0,1566000.0,215000.0,112136.0,3.0,0.0,0.0,3.0,1000000.0,1.0,0.0
1272000.0,6.0,33.0,1800000.0,1000000.0,188798.0,0.0,0.0,0.0,0.0,1889937.0,1.0,0.0
2400000.0,6.0,44.0,10000000.0,3000000.0,356790.0,13.0,9.0,0.0,2.0,9556166.0,1.0,0.0
3060000.0,12.0,35.0,1900000.0,300000.0,239649.0,12.0,6.0,0.0,3.0,1207326.0,1.0,0.0
889200.0,6.0,42.0,4800000.0,500000.0,131975.0,10.0,2.0,1.0,4.0,499999.0,0.0,1.0
2048659.2,6.0,40.0,5240000.0,2541000.0,309427.0,8.0,3.0,0.0,4.0,5978726.0,1.0,0.0
3143145.6,2.0,122.0,450300391.0,41020225.0,1239865.0,0.0,0.0,0.0,0.0,1210000.0,1.0,0.0
3366960.0,12.0,58.0,6000000.0,2000000.0,233817.0,8.0,3.0,0.0,0.0,5995905.0,1.0,0.0
2573184.0,9.0,47.0,3000000.0,1500000.0,241119.0,15.0,7.0,2.0,3.0,1352876.0,0.0,1.0
3116280.0,12.0,35.0,8000000.0,250000.0,216408.0,14.0,10.0,0.0,2.0,2688623.0,1.0,0.0
5063641.2,8.0,56.0,10000000.0,2000000.0,578476.0,2.0,2.0,0.0,0.0,3685575.0,1.0,0.0
2346000.0,6.0,25.0,4500000.0,2500000.0,348445.0,2.0,2.0,0.0,0.0,1125415.0,0.0,1.0
6529003.2,9.0,57.0,0.0,430000.0,608877.0,2.0,1.0,0.0,0.0,905965.0,1.0,0.0
1269000.0,5.0,45.0,5000000.0,2000000.0,206169.0,8.0,4.0,0.0,2.0,1137500.0,1.0,0.0
5588192.399999999,11.0,39.0,10000000.0,5500000.0,436018.0,10.0,8.0,0.0,1.0,4251177.0,0.0,1.0
1399080.0,18.0,56.0,3300000.0,1200000.0,77619.0,8.0,1.0,0.0,2.0,1210000.0,1.0,0.0
5789583.6,11.0,38.0,3500000.0,1400000.0,451217.0,9.0,0.0,3.0,0.0,3125130.0,1.0,0.0
1610400.0,6.0,35.0,3200000.0,6362000.0,242013.0,3.0,2.0,0.0,0.0,1269090.0,0.0,1.0
1184280.0,6.0,36.0,4000000.0,1200000.0,176058.0,6.0,1.0,0.0,1.0,4258824.0,1.0,0.0
1761238.8,12.0,41.0,2300000.0,500000.0,122308.0,9.0,2.0,0.0,4.0,1348774.0,1.0,0.0
2119080.0,6.0,22.0,1200000.0,400000.0,314526.0,3.0,2.0,0.0,1.0,1210000.0,1.0,0.0
3439200.0,6.0,60.0,12000000.0,6000000.0,509585.0,9.0,7.0,0.0,1.0,908526.0,0.0,1.0
2111761.1999999997,6.0,26.0,3000000.0,1000000.0,313654.0,3.0,2.0,0.0,0.0,1254799.0,0.0,1.0
991800.0,12.0,39.0,2300000.0,500000.0,77674.0,5.0,4.0,0.0,0.0,2186197.0,1.0,0.0
928321.2,6.0,31.0,6000000.0,2000000.0,137642.0,9.0,6.0,0.0,0.0,958420.0,0.0,1.0
1161660.0,10.0,33.0,2200000.0,600000.0,107647.0,10.0,3.0,0.0,5.0,1210000.0,1.0,0.0
1709907.5999999999,10.0,34.0,23061500.0,18826083.0,145026.0,7.0,5.0,0.0,0.0,908526.0,1.0,0.0
780000.0,12.0,55.0,3500000.0,0.0,62793.0,0.0,0.0,0.0,0.0,1210000.0,0.0,1.0
1101360.0,10.0,25.0,1400000.0,400000.0,102023.0,4.0,1.0,0.0,0.0,1188155.0,1.0,0.0
888000.0,6.0,24.0,1400000.0,700000.0,132102.0,4.0,2.0,0.0,1.0,1278025.0,1.0,0.0
5624245.2,36.0,36.0,3200000.0,200000.0,182406.0,11.0,6.0,1.0,0.0,1036879.0,1.0,0.0
808964.4,2.0,33.0,4000000.0,2000000.0,318735.0,22.0,6.0,8.0,10.0,1210000.0,0.0,1.0
2080680.0,6.0,56.0,5800000.0,2500000.0,309319.0,8.0,5.0,1.0,1.0,6223527.0,1.0,0.0
2952000.0,6.0,31.0,2500000.0,1000000.0,438153.0,1.0,1.0,0.0,0.0,1210000.0,0.0,1.0
1522849.2,11.0,63.0,2000000.0,1200000.0,119906.0,6.0,4.0,0.0,1.0,923771.0,0.0,1.0
2237880.0,24.0,41.0,8000000.0,3000000.0,99179.0,5.0,3.0,0.0,0.0,1210000.0,0.0,1.0
3085200.0,12.0,30.0,1810000.0,462000.0,246069.0,4.0,0.0,0.0,3.0,923771.0,1.0,0.0
4374480.0,6.0,28.0,3000000.0,1000000.0,650615.0,3.0,2.0,0.0,0.0,878685.0,0.0,1.0
1480920.0,6.0,47.0,1200000.0,0.0,221808.0,3.0,1.0,0.0,1.0,1210000.0,0.0,1.0
1759669.2,12.0,43.0,3500000.0,500000.0,138476.0,4.0,2.0,0.0,0.0,1200000.0,1.0,0.0
2817360.0,12.0,41.0,3500000.0,1000000.0,195650.0,3.0,2.0,1.0,0.0,1210000.0,0.0,1.0
2196000.0,6.0,47.0,3500000.0,1500000.0,326388.0,5.0,3.0,0.0,0.0,942828.0,0.0,1.0
2902680.0,12.0,48.0,1300000.0,300000.0,201575.0,5.0,4.0,0.0,1.0,1026666.0,1.0,0.0
2409600.0,12.0,48.0,1400000.0,600000.0,189309.0,14.0,4.0,0.0,10.0,1210000.0,0.0,1.0
2129251.1999999997,9.0,33.0,2000000.0,800000.0,199616.0,5.0,2.0,1.0,0.0,2362500.0,1.0,0.0
813600.0,12.0,58.0,11550000.0,7839000.0,56500.0,5.0,2.0,0.0,0.0,22078209.0,1.0,0.0
1433641.2,12.0,50.0,2100000.0,600000.0,112624.0,11.0,8.0,1.0,0.0,1210000.0,0.0,1.0
2738400.0,36.0,23.0,1300000.0,400000.0,90250.0,4.0,2.0,0.0,2.0,1260458.0,1.0,0.0
7477201.2,18.0,61.0,3140000.0,226000.0,422965.0,9.0,7.0,0.0,1.0,966736.0,1.0,0.0
1045200.0,6.0,61.0,4000000.0,600000.0,155452.0,4.0,3.0,0.0,0.0,1328796.0,1.0,0.0
1541400.0,10.0,48.0,3000000.0,1100000.0,142252.0,11.0,2.0,0.0,6.0,1210000.0,0.0,1.0
434400.0,5.0,33.0,5000000.0,2000000.0,70514.0,5.0,2.0,0.0,0.0,1210000.0,0.0,1.0
1428000.0,12.0,58.0,5000000.0,1200000.0,112376.0,5.0,3.0,0.0,1.0,916148.0,0.0,1.0
1258461.5999999999,10.0,58.0,3500000.0,2000000.0,107017.0,2.0,0.0,0.0,1.0,939017.0,0.0,1.0
1211880.0,6.0,44.0,2000000.0,1000000.0,180120.0,7.0,2.0,1.0,3.0,1210000.0,0.0,1.0
1412463.5999999999,9.0,31.0,2500000.0,1500000.0,132671.0,9.0,4.0,0.0,4.0,3892524.0,1.0,0.0
1508281.2,12.0,41.0,2000000.0,1200000.0,104742.0,4.0,2.0,0.0,0.0,1210000.0,0.0,1.0
3469272.0,36.0,43.0,4556584.0,3144000.0,111562.0,10.0,7.0,0.0,3.0,5209014.0,1.0,0.0
1678200.0,6.0,41.0,2500000.0,1000000.0,248826.0,5.0,2.0,0.0,3.0,1358674.0,1.0,0.0
366420.0,6.0,52.0,2500000.0,1000000.0,54329.0,5.0,3.0,0.0,2.0,1210000.0,0.0,1.0
3285120.0,12.0,39.0,7000000.0,2000000.0,228133.0,6.0,4.0,0.0,2.0,7286965.0,1.0,0.0
637200.0,6.0,46.0,2100000.0,600000.0,95112.0,6.0,3.0,0.0,1.0,1210000.0,0.0,1.0
4044000.0,36.0,26.0,1600000.0,150000.0,131753.0,2.0,1.0,0.0,0.0,1717003.0,1.0,0.0
4656225.6,12.0,49.0,5000000.0,1200000.0,365783.0,8.0,5.0,0.0,1.0,1210000.0,0.0,1.0
1656360.0,6.0,45.0,3070000.0,1081000.0,248063.0,3.0,2.0,0.0,0.0,1533333.0,0.0,1.0
1548000.0,6.0,56.0,14070000.0,3850000.0,233026.0,8.0,7.0,0.0,1.0,969508.0,0.0,1.0
916800.0,6.0,60.0,2000000.0,850000.0,136263.0,5.0,1.0,0.0,3.0,30285.0,0.0,1.0
2400000.0,24.0,24.0,1450000.0,173000.0,113711.0,2.0,2.0,0.0,0.0,1183697.0,1.0,0.0
1088160.0,6.0,64.0,5000000.0,2100000.0,151133.0,4.0,4.0,0.0,0.0,1210000.0,1.0,0.0
2095920.0,6.0,39.0,2280000.0,1208000.0,310762.0,4.0,3.0,0.0,0.0,1210000.0,1.0,0.0
1307520.0,12.0,28.0,1600000.0,400000.0,102400.0,1.0,1.0,0.0,0.0,0.0,1.0,0.0
1269000.0,2.0,34.0,5000000.0,2000000.0,500798.0,8.0,2.0,0.0,3.0,945115.0,0.0,1.0
1531080.0,12.0,57.0,3000000.0,1500000.0,120131.0,6.0,1.0,0.0,4.0,1210000.0,1.0,0.0
3288721.1999999997,12.0,30.0,7500000.0,5000000.0,258055.0,4.0,0.0,0.0,2.0,2370000.0,1.0,0.0
2187499.1999999997,6.0,50.0,4230000.0,561000.0,331519.0,5.0,2.0,0.0,2.0,984754.0,0.0,1.0
1538110.8,6.0,47.0,1800000.0,50000.0,231227.0,5.0,1.0,2.0,1.0,477132.0,1.0,0.0
960000.0,12.0,60.0,1000000.0,300000.0,66667.0,5.0,5.0,0.0,0.0,916148.0,1.0,0.0
878880.0,5.0,37.0,5000000.0,2000000.0,142581.0,16.0,11.0,0.0,3.0,925157.0,0.0,1.0
4610787.6,9.0,122.0,10379558.0,1326623.0,431020.0,0.0,0.0,0.0,0.0,1210000.0,1.0,0.0
600000.0,6.0,49.0,6450000.0,2311000.0,90931.0,9.0,4.0,3.0,0.0,7188454.0,0.0,1.0
2569200.0,12.0,43.0,2000000.0,500000.0,201596.0,8.0,4.0,0.0,1.0,918689.0,1.0,0.0
3116400.0,12.0,31.0,3400000.0,1100000.0,244517.0,7.0,3.0,0.0,4.0,2676732.0,1.0,0.0
2175420.0,6.0,42.0,3820000.0,35000.0,326944.0,6.0,1.0,0.0,3.0,1050000.0,1.0,0.0
3402394.8,10.0,44.0,11329000.0,8884000.0,299958.0,8.0,8.0,0.0,0.0,830487.0,1.0,0.0
8664000.0,6.0,38.0,3300000.0,2000000.0,1288087.0,10.0,4.0,0.0,0.0,2775757.0,1.0,0.0
2135760.0,12.0,46.0,7872335.0,2200000.0,168072.0,5.0,4.0,0.0,0.0,7478579.0,1.0,0.0
2880000.0,12.0,46.0,15000000.0,6000000.0,225231.0,6.0,4.0,0.0,2.0,1210000.0,0.0,1.0
2219881.1999999997,8.0,33.0,6000000.0,1400000.0,252000.0,11.0,7.0,0.0,0.0,1210000.0,0.0,1.0
1899361.2,6.0,35.0,3000000.0,500000.0,263800.0,1.0,0.0,0.0,0.0,908526.0,1.0,0.0
1376400.0,12.0,57.0,1200000.0,500000.0,108136.0,7.0,1.0,3.0,2.0,1159147.0,1.0,0.0
1269000.0,2.0,45.0,5000000.0,2000000.0,500578.0,4.0,0.0,1.0,1.0,933500.0,1.0,0.0
1632000.0,12.0,39.0,900000.0,0.0,113333.0,8.0,3.0,0.0,0.0,281643.0,0.0,1.0
919675.2,10.0,36.0,1500000.0,800000.0,78003.0,5.0,0.0,0.0,4.0,1210000.0,1.0,0.0
4483368.0,6.0,65.0,3230000.0,1032000.0,678069.0,4.0,2.0,0.0,1.0,983368.0,0.0,1.0
2818800.0,6.0,59.0,2700000.0,600000.0,424740.0,4.0,2.0,0.0,0.0,1409508.0,1.0,0.0
2079099.5999999999,9.0,46.0,5000000.0,2000000.0,194914.0,4.0,2.0,0.0,1.0,3780673.0,1.0,0.0
1547880.0,10.0,38.0,1800000.0,720000.0,143375.0,4.0,3.0,0.0,0.0,1210000.0,1.0,0.0
1200000.0,12.0,41.0,3000000.0,2000000.0,94277.0,9.0,5.0,0.0,0.0,975000.0,0.0,1.0
2483880.0,12.0,38.0,4700000.0,1500000.0,195468.0,9.0,7.0,0.0,1.0,3824981.0,1.0,0.0
9000000.0,36.0,56.0,2800000.0,10000.0,298916.0,4.0,1.0,1.0,0.0,939017.0,1.0,0.0
1955869.2,10.0,41.0,652000.0,0.0,165888.0,7.0,3.0,0.0,1.0,1210000.0,1.0,0.0
747660.0,8.0,57.0,1000000.0,600000.0,84833.0,3.0,2.0,0.0,0.0,962198.0,1.0,0.0
1459356.0,10.0,51.0,5000000.0,3000000.0,123776.0,1.0,1.0,0.0,0.0,1197000.0,0.0,1.0
2277704.4,10.0,24.0,3000000.0,1400000.0,193996.0,7.0,2.0,4.0,0.0,2059569.0,1.0,0.0
1143600.0,12.0,41.0,1550000.0,600000.0,89618.0,3.0,0.0,0.0,2.0,1210000.0,0.0,1.0
1982557.2,11.0,43.0,3680000.0,1800000.0,155306.0,4.0,2.0,0.0,0.0,2871788.0,1.0,0.0
1965600.0,18.0,30.0,2134000.0,413000.0,119097.0,5.0,2.0,0.0,3.0,1128617.0,1.0,0.0
6000000.0,6.0,41.0,10000000.0,4000000.0,895595.0,9.0,5.0,0.0,1.0,954263.0,0.0,1.0
4536000.0,6.0,59.0,20000000.0,16000000.0,674145.0,23.0,4.0,5.0,12.0,1210000.0,0.0,1.0
2268000.0,10.0,27.0,6000000.0,200000.0,209637.0,2.0,1.0,0.0,0.0,3000000.0,0.0,1.0
2352000.0,6.0,27.0,2500000.0,1800000.0,350523.0,3.0,2.0,0.0,0.0,1351034.0,1.0,0.0
1366620.0,12.0,69.0,2500000.0,1000000.0,107368.0,6.0,5.0,1.0,0.0,1210000.0,1.0,0.0
3433080.0,6.0,46.0,8000000.0,5000000.0,476817.0,4.0,3.0,0.0,0.0,9754583.0,1.0,0.0
2412000.0,36.0,27.0,3677000.0,2000.0,92085.0,3.0,3.0,0.0,0.0,3274490.0,1.0,0.0
1109160.0,2.0,40.0,5000000.0,2000000.0,437526.0,8.0,2.0,0.0,2.0,949181.0,0.0,1.0
1166144.4,9.0,46.0,3000000.0,1200000.0,109325.0,3.0,2.0,0.0,1.0,1210000.0,0.0,1.0
4454400.0,36.0,35.0,8000000.0,400000.0,147943.0,8.0,3.0,1.0,1.0,3605903.0,1.0,0.0
1686060.0,10.0,31.0,5000000.0,2000000.0,156021.0,4.0,1.0,0.0,1.0,939017.0,1.0,0.0
2806800.0,24.0,40.0,1078491.0,600000.0,124393.0,3.0,2.0,0.0,1.0,932377.0,1.0,0.0
1168800.0,8.0,53.0,5000000.0,1000000.0,133258.0,4.0,2.0,0.0,1.0,1210000.0,0.0,1.0
3649560.0,6.0,40.0,8000000.0,1000000.0,542035.0,7.0,5.0,0.0,0.0,1210000.0,0.0,1.0
741780.0,10.0,50.0,3600000.0,1500000.0,68493.0,8.0,8.0,0.0,0.0,1210000.0,1.0,0.0
3600000.0,12.0,41.0,5000000.0,600000.0,283679.0,2.0,0.0,0.0,1.0,1000000.0,1.0,0.0
1800000.0,12.0,24.0,2400000.0,1200000.0,142291.0,3.0,0.0,0.0,1.0,1210000.0,0.0,1.0
8668200.0,36.0,37.0,20460000.0,2697000.0,297311.0,10.0,6.0,1.0,0.0,6000000.0,1.0,0.0
742200.0,12.0,23.0,1200000.0,150000.0,58839.0,0.0,0.0,0.0,0.0,798351.0,1.0,0.0
2492400.0,24.0,62.0,3500000.0,200000.0,109209.0,2.0,1.0,0.0,1.0,925157.0,1.0,0.0
1840800.0,6.0,44.0,4000000.0,1500000.0,275685.0,4.0,3.0,0.0,1.0,227132.0,0.0,1.0
3038488.8,10.0,41.0,4000000.0,2000000.0,257710.0,7.0,3.0,0.0,1.0,1079973.0,0.0,1.0
5845200.0,18.0,39.0,7000000.0,1100000.0,324668.0,9.0,7.0,0.0,1.0,7381111.0,1.0,0.0
2909440.8,10.0,65.0,5000000.0,3000000.0,246765.0,13.0,10.0,0.0,2.0,1210000.0,0.0,1.0
1260240.0,9.0,66.0,5000000.0,2000000.0,117977.0,6.0,2.0,0.0,2.0,3322414.0,0.0,1.0
2119200.0,12.0,58.0,2000000.0,350000.0,166480.0,6.0,2.0,0.0,0.0,1210000.0,0.0,1.0
989690.3999999999,6.0,49.0,5000000.0,0.0,147495.0,5.0,3.0,0.0,0.0,469405.0,0.0,1.0
1311600.0,6.0,43.0,3800000.0,100000.0,196448.0,1.0,0.0,0.0,1.0,946640.0,0.0,1.0
1647121.2,6.0,32.0,1890000.0,205000.0,247922.0,4.0,0.0,2.0,1.0,1210000.0,1.0,0.0
3098721.6,10.0,67.0,3000000.0,2300000.0,263509.0,6.0,1.0,0.0,4.0,939017.0,0.0,1.0
738384.0,6.0,46.0,1200000.0,300000.0,109776.0,3.0,1.0,0.0,2.0,1210000.0,0.0,1.0
996000.0,6.0,31.0,2730000.0,1014000.0,150433.0,4.0,1.0,2.0,0.0,1866243.0,1.0,0.0
3135600.0,12.0,33.0,4500000.0,1000000.0,246346.0,3.0,1.0,1.0,0.0,1210000.0,0.0,1.0
2189054.4,10.0,36.0,5000000.0,2500000.0,185860.0,5.0,3.0,0.0,0.0,2777093.0,1.0,0.0
2499480.0,12.0,26.0,1860000.0,580000.0,196370.0,5.0,1.0,0.0,0.0,1732118.0,1.0,0.0
4507500.0,6.0,29.0,3360000.0,370000.0,675060.0,2.0,2.0,0.0,0.0,1364197.0,1.0,0.0
3498960.0,12.0,25.0,2000000.0,400000.0,275349.0,2.0,1.0,1.0,0.0,1210000.0,0.0,1.0
2789415.6,9.0,37.0,5000000.0,2500000.0,264222.0,4.0,3.0,0.0,0.0,4815575.0,0.0,1.0
2079120.0,8.0,40.0,6500000.0,3000000.0,235815.0,3.0,1.0,0.0,0.0,908526.0,0.0,1.0
1348800.0,12.0,34.0,3800000.0,400000.0,105829.0,3.0,0.0,0.0,3.0,908526.0,0.0,1.0
1632204.0,5.0,68.0,2630000.0,900000.0,267802.0,4.0,3.0,0.0,0.0,975052.0,1.0,0.0
3408000.0,6.0,28.0,3000000.0,800000.0,506641.0,6.0,3.0,0.0,1.0,731904.0,1.0,0.0
2094885.5999999999,10.0,40.0,2500000.0,1200000.0,177865.0,3.0,0.0,0.0,2.0,1210000.0,1.0,0.0
1854720.0,6.0,30.0,3500000.0,1000000.0,275727.0,1.0,0.0,0.0,0.0,1210000.0,0.0,1.0
1057761.5999999999,6.0,28.0,2190000.0,963000.0,160566.0,2.0,2.0,0.0,0.0,2286666.0,1.0,0.0
2019600.0,12.0,28.0,1500000.0,500000.0,158669.0,3.0,2.0,0.0,0.0,1095384.0,1.0,0.0
2158800.0,18.0,37.0,3900000.0,150000.0,122089.0,9.0,3.0,0.0,4.0,4055405.0,1.0,0.0
4827600.0,6.0,64.0,3000000.0,1000000.0,716998.0,2.0,1.0,0.0,0.0,1150000.0,1.0,0.0
899812.7999999999,5.0,52.0,1948000.0,0.0,148618.0,0.0,0.0,0.0,0.0,1210000.0,0.0,1.0
3888716.4,9.0,122.0,37067768.0,11617936.0,363172.0,0.0,0.0,0.0,0.0,1210000.0,1.0,0.0
1837431.5999999999,6.0,38.0,2100000.0,100000.0,275205.0,4.0,3.0,0.0,0.0,1670162.0,1.0,0.0
1742400.0,12.0,36.0,2500000.0,1200000.0,137301.0,4.0,3.0,0.0,0.0,1930404.0,1.0,0.0
3612370.8,8.0,35.0,8000000.0,2000000.0,408814.0,3.0,1.0,2.0,0.0,1210000.0,0.0,1.0
1200000.0,12.0,35.0,1786000.0,126000.0,100471.0,2.0,0.0,0.0,2.0,1231351.0,1.0,0.0
2023080.0,12.0,32.0,3000000.0,1000000.0,159205.0,5.0,4.0,0.0,0.0,1687739.0,1.0,0.0
1992000.0,6.0,50.0,4000000.0,3000000.0,296872.0,8.0,1.0,0.0,5.0,30285.0,0.0,1.0
7429609.2,5.0,35.0,25000000.0,18000000.0,1204256.0,9.0,5.0,0.0,2.0,11493909.0,1.0,0.0
3108000.0,24.0,33.0,4000000.0,150000.0,135853.0,10.0,2.0,2.0,3.0,908526.0,0.0,1.0
3276840.0,8.0,69.0,5000000.0,1000000.0,371986.0,3.0,3.0,0.0,0.0,1210000.0,0.0,1.0
1762800.0,10.0,37.0,2000000.0,200000.0,165255.0,6.0,0.0,1.0,4.0,473319.0,1.0,0.0
1029240.0,6.0,31.0,2200000.0,500000.0,152605.0,5.0,4.0,0.0,0.0,3104613.0,1.0,0.0
1665360.0,6.0,42.0,3200000.0,1400000.0,247173.0,6.0,3.0,1.0,2.0,2275000.0,1.0,0.0
1996500.0,18.0,34.0,2800000.0,900000.0,110002.0,4.0,2.0,0.0,1.0,1210000.0,0.0,1.0
2634000.0,8.0,34.0,4515214.0,1762000.0,305475.0,6.0,4.0,0.0,1.0,5590796.0,1.0,0.0
2431324.8,10.0,63.0,4000000.0,2000000.0,205889.0,6.0,3.0,0.0,2.0,1210000.0,1.0,0.0
7176000.0,6.0,29.0,3710000.0,904000.0,1093005.0,8.0,6.0,0.0,1.0,3044581.0,0.0,1.0
2340000.0,18.0,58.0,2500000.0,700000.0,129820.0,8.0,5.0,1.0,1.0,4301405.0,1.0,0.0
1559880.0,6.0,39.0,4000000.0,1000000.0,231579.0,4.0,2.0,0.0,1.0,4406146.0,1.0,0.0
1017600.0,6.0,43.0,10000000.0,1000000.0,151244.0,6.0,0.0,0.0,1.0,934662.0,0.0,1.0
8234880.0,24.0,42.0,11500000.0,180000.0,361929.0,8.0,4.0,0.0,1.0,11499979.0,1.0,0.0
1112280.0,6.0,60.0,1600000.0,500000.0,165317.0,5.0,2.0,0.0,2.0,931394.0,1.0,0.0
2192400.0,6.0,30.0,6000000.0,4000000.0,325927.0,5.0,3.0,0.0,0.0,916148.0,1.0,0.0
3871200.0,6.0,64.0,3000000.0,500000.0,574979.0,6.0,5.0,0.0,1.0,1210000.0,0.0,1.0
6000000.0,6.0,62.0,4398643.0,3302000.0,898583.0,8.0,7.0,0.0,0.0,4515819.0,1.0,0.0
1171374.0,10.0,48.0,2000000.0,800000.0,99716.0,6.0,4.0,0.0,0.0,946640.0,1.0,0.0
1032000.0,6.0,42.0,4000000.0,1200000.0,153801.0,3.0,3.0,0.0,0.0,688965.0,0.0,1.0
5268962.399999999,12.0,41.0,12000000.0,7000000.0,365900.0,6.0,1.0,0.0,0.0,1764219.0,0.0,1.0
2642280.0,24.0,41.0,2000000.0,300000.0,115244.0,6.0,1.0,1.0,4.0,985198.0,1.0,0.0
586680.0,4.0,55.0,5000000.0,2000000.0,117781.0,5.0,1.0,0.0,2.0,908526.0,0.0,1.0
4651200.0,12.0,47.0,4000000.0,1900000.0,323000.0,0.0,0.0,0.0,0.0,1210000.0,1.0,0.0
2233279.1999999997,9.0,37.0,1500000.0,1000000.0,209268.0,1.0,0.0,0.0,0.0,615779.0,1.0,0.0
4787240.399999999,11.0,27.0,5200000.0,2400000.0,377178.0,9.0,4.0,0.0,2.0,969508.0,0.0,1.0
777454.7999999999,6.0,24.0,2000000.0,100000.0,116047.0,1.0,0.0,0.0,1.0,1210000.0,1.0,0.0
1980000.0,18.0,26.0,2000000.0,500000.0,109093.0,2.0,2.0,0.0,0.0,2033333.0,1.0,0.0
2419200.0,10.0,61.0,3000000.0,0.0,224179.0,3.0,2.0,0.0,0.0,1210000.0,0.0,1.0
4263670.8,10.0,24.0,2000000.0,1113000.0,369641.0,15.0,8.0,0.0,4.0,981705.0,0.0,1.0
1232040.0,12.0,27.0,3270000.0,89000.0,99786.0,4.0,1.0,0.0,1.0,908333.0,1.0,0.0
2778360.0,12.0,43.0,3000000.0,1000000.0,218822.0,10.0,4.0,1.0,5.0,1800000.0,1.0,0.0
2244000.0,12.0,54.0,3000000.0,100000.0,176826.0,1.0,0.0,0.0,0.0,923771.0,1.0,0.0
1378429.2,10.0,45.0,3290000.0,2000000.0,116912.0,8.0,5.0,1.0,0.0,5170818.0,0.0,1.0
5532367.2,11.0,31.0,6000000.0,4000000.0,433386.0,7.0,3.0,0.0,2.0,961885.0,0.0,1.0
1124640.0,6.0,54.0,3000000.0,1500000.0,167040.0,3.0,3.0,0.0,0.0,1200000.0,1.0,0.0
1283088.0,18.0,38.0,5350000.0,2254000.0,74430.0,11.0,8.0,0.0,1.0,1210000.0,1.0,0.0
2588880.0,6.0,55.0,2000000.0,850000.0,359567.0,6.0,5.0,0.0,0.0,1210000.0,1.0,0.0
1142617.2,10.0,37.0,4000000.0,2000000.0,97064.0,8.0,2.0,0.0,3.0,1720000.0,0.0,1.0
1680000.0,12.0,56.0,2000000.0,800000.0,132805.0,2.0,2.0,0.0,0.0,1209172.0,0.0,1.0
3540721.1999999997,10.0,38.0,5000000.0,2000000.0,301412.0,1.0,0.0,0.0,0.0,1210000.0,1.0,0.0
565440.0,24.0,29.0,1550000.0,500000.0,24719.0,4.0,0.0,2.0,2.0,1454916.0,1.0,0.0
4692000.0,6.0,38.0,4000000.0,1000000.0,706996.0,8.0,7.0,1.0,0.0,3815633.0,1.0,0.0
2893800.0,12.0,56.0,4400000.0,450000.0,226772.0,6.0,3.0,0.0,2.0,1210000.0,1.0,0.0
2267880.0,12.0,61.0,3000000.0,500000.0,178470.0,2.0,1.0,0.0,1.0,939017.0,0.0,1.0
4347720.0,12.0,41.0,2300000.0,1000000.0,341576.0,6.0,1.0,0.0,2.0,1964543.0,1.0,0.0
1490760.0,8.0,66.0,2500000.0,200000.0,168856.0,3.0,0.0,0.0,0.0,1210000.0,0.0,1.0
986880.0,6.0,61.0,900000.0,350000.0,146311.0,2.0,0.0,0.0,2.0,1210000.0,0.0,1.0
1627080.0,18.0,32.0,2600000.0,700000.0,90215.0,4.0,1.0,0.0,1.0,1210000.0,1.0,0.0
1388274.0,9.0,51.0,3000000.0,1200000.0,130087.0,5.0,4.0,0.0,1.0,1210000.0,1.0,0.0
7200000.0,12.0,32.0,0.0,0.0,579623.0,2.0,1.0,0.0,1.0,1607232.0,0.0,1.0
3649080.0,11.0,43.0,7800000.0,4563000.0,294543.0,8.0,6.0,0.0,0.0,2600000.0,1.0,0.0
864000.0,6.0,40.0,5200000.0,3000000.0,127889.0,8.0,0.0,0.0,2.0,1210000.0,1.0,0.0
1560000.0,12.0,27.0,1735000.0,447000.0,127515.0,4.0,1.0,1.0,2.0,326087.0,1.0,0.0
1055168.4,10.0,21.0,1500000.0,800000.0,89494.0,7.0,2.0,0.0,4.0,1210000.0,1.0,0.0
840000.0,12.0,56.0,1200000.0,300000.0,65912.0,2.0,0.0,0.0,2.0,1210000.0,1.0,0.0
2040000.0,24.0,60.0,1850000.0,303000.0,97165.0,6.0,0.0,0.0,4.0,1033726.0,1.0,0.0
863880.0,6.0,57.0,1700000.0,500000.0,128310.0,8.0,4.0,0.0,2.0,1007750.0,1.0,0.0
9031027.2,10.0,35.0,7000000.0,3000000.0,766774.0,13.0,8.0,1.0,2.0,1467115.0,1.0,0.0
1200000.0,6.0,37.0,8000000.0,3000000.0,178233.0,10.0,9.0,0.0,0.0,931394.0,0.0,1.0
1199880.0,12.0,32.0,2200000.0,160000.0,94268.0,4.0,1.0,0.0,2.0,1210000.0,0.0,1.0
913320.0,10.0,37.0,6000000.0,2200000.0,85167.0,4.0,2.0,1.0,0.0,950105.0,0.0,1.0
2133360.0,6.0,26.0,1700000.0,450000.0,317078.0,1.0,1.0,0.0,0.0,1058311.0,1.0,0.0
1319880.0,12.0,50.0,3000000.0,1500000.0,103432.0,6.0,5.0,0.0,0.0,908526.0,1.0,0.0
2898998.4,9.0,55.0,30000000.0,6000000.0,271390.0,18.0,10.0,0.0,2.0,23336836.0,1.0,0.0
1959480.0,10.0,35.0,2500000.0,500000.0,181323.0,4.0,3.0,0.0,1.0,1254347.0,1.0,0.0
643920.0,6.0,50.0,5600000.0,1500000.0,95732.0,10.0,7.0,0.0,1.0,5944499.0,1.0,0.0
1193589.5999999999,9.0,54.0,3400000.0,1400000.0,111578.0,0.0,0.0,0.0,0.0,916841.0,1.0,0.0
4451280.0,36.0,32.0,3155000.0,604000.0,167955.0,3.0,1.0,0.0,0.0,1210000.0,1.0,0.0
1052280.0,6.0,26.0,4254000.0,1800000.0,156292.0,7.0,5.0,0.0,1.0,3968538.0,1.0,0.0
1320000.0,12.0,50.0,3800000.0,1800000.0,105297.0,10.0,6.0,0.0,4.0,946640.0,0.0,1.0
2353321.1999999997,9.0,40.0,3000000.0,1500000.0,220517.0,8.0,5.0,0.0,2.0,1548073.0,1.0,0.0
2992080.0,12.0,65.0,3200000.0,2000000.0,235460.0,6.0,3.0,0.0,2.0,3034383.0,1.0,0.0
1317480.0,8.0,59.0,8000000.0,1000000.0,149734.0,8.0,4.0,0.0,0.0,939017.0,0.0,1.0
3135600.0,8.0,57.0,3000000.0,500000.0,355123.0,3.0,1.0,0.0,2.0,779921.0,1.0,0.0
2160000.0,18.0,53.0,6500000.0,2000000.0,120047.0,12.0,9.0,0.0,1.0,6500000.0,1.0,0.0
2378400.0,6.0,47.0,10310000.0,6329000.0,359228.0,5.0,4.0,0.0,0.0,977131.0,0.0,1.0
3067369.1999999997,10.0,43.0,1836771.0,253000.0,261801.0,6.0,5.0,0.0,0.0,1432487.0,1.0,0.0
1355520.0,12.0,26.0,1400000.0,500000.0,106356.0,3.0,0.0,0.0,0.0,1210000.0,1.0,0.0
2057864.4,11.0,36.0,10000000.0,9000000.0,160290.0,3.0,3.0,0.0,0.0,12510397.0,1.0,0.0
1381890.0,12.0,58.0,1200000.0,300000.0,108477.0,5.0,0.0,0.0,5.0,1210000.0,0.0,1.0
1661520.0,12.0,61.0,2000000.0,750000.0,130124.0,4.0,3.0,0.0,0.0,1210000.0,0.0,1.0
5160000.0,12.0,27.0,2500000.0,1000000.0,358333.0,5.0,2.0,0.0,0.0,2052888.0,1.0,0.0
5807655.6,9.0,122.0,2333625000.0,1224092000.0,543684.0,0.0,0.0,0.0,0.0,1210000.0,1.0,0.0
3249999.6,6.0,53.0,7000000.0,0.0,481551.0,8.0,2.0,0.0,1.0,933334.0,0.0,1.0
8640000.0,36.0,34.0,4500000.0,1500000.0,280213.0,10.0,7.0,0.0,1.0,4321732.0,1.0,0.0
2808000.0,6.0,34.0,20000000.0,10000000.0,415638.0,7.0,1.0,2.0,3.0,1210000.0,0.0,1.0
799680.0,11.0,59.0,3100000.0,1000000.0,62217.0,3.0,1.0,0.0,1.0,1210000.0,1.0,0.0
564000.0,8.0,26.0,1000000.0,200000.0,63988.0,6.0,2.0,0.0,4.0,1210000.0,0.0,1.0
4728000.0,6.0,65.0,10000000.0,3800000.0,704623.0,7.0,5.0,0.0,1.0,946640.0,0.0,1.0
1440000.0,12.0,22.0,1170000.0,600000.0,112776.0,2.0,0.0,0.0,2.0,975496.0,1.0,0.0
3244800.0,12.0,59.0,2000000.0,1000000.0,255348.0,2.0,0.0,0.0,0.0,1210000.0,0.0,1.0
857520.0,6.0,47.0,3110000.0,718000.0,129073.0,1.0,1.0,0.0,0.0,1210000.0,0.0,1.0
1185660.0,8.0,37.0,5000000.0,2000000.0,123714.0,11.0,7.0,0.0,2.0,2839868.0,0.0,1.0
2284176.0,10.0,41.0,2400000.0,600000.0,194446.0,4.0,2.0,1.0,0.0,977624.0,1.0,0.0
552000.0,8.0,57.0,1330000.0,500000.0,62626.0,1.0,0.0,0.0,0.0,1455665.0,1.0,0.0
440400.0,6.0,33.0,1300000.0,400000.0,65737.0,3.0,2.0,0.0,1.0,1210000.0,1.0,0.0
3092839.1999999997,9.0,65.0,8000000.0,3000000.0,288844.0,12.0,9.0,2.0,0.0,1210000.0,1.0,0.0
1269000.0,5.0,65.0,5000000.0,2000000.0,205990.0,4.0,2.0,0.0,1.0,1210000.0,0.0,1.0
1419600.0,6.0,57.0,3830000.0,1367000.0,215505.0,12.0,4.0,5.0,1.0,575400.0,0.0,1.0
480000.0,6.0,25.0,2500000.0,1500000.0,71887.0,7.0,4.0,0.0,1.0,1238970.0,0.0,1.0
5915808.0,3.0,44.0,2840000.0,0.0,1588953.0,3.0,0.0,0.0,0.0,1210000.0,1.0,0.0
3205800.0,12.0,51.0,2000000.0,340000.0,251862.0,6.0,2.0,0.0,2.0,1210000.0,0.0,1.0
1685880.0,24.0,61.0,1800000.0,900000.0,73440.0,5.0,4.0,0.0,1.0,905733.0,1.0,0.0
683580.0,6.0,31.0,2200000.0,800000.0,102758.0,2.0,1.0,0.0,1.0,908526.0,0.0,1.0
3093132.0,24.0,35.0,1870000.0,43000.0,140956.0,4.0,3.0,0.0,0.0,1189636.0,1.0,0.0
2682721.1999999997,18.0,67.0,2000000.0,900000.0,151754.0,4.0,4.0,0.0,0.0,1210000.0,0.0,1.0
3787200.0,6.0,59.0,5000000.0,1500000.0,564379.0,7.0,3.0,1.0,2.0,1210000.0,0.0,1.0
1799460.0,8.0,40.0,2300000.0,1200000.0,203798.0,7.0,0.0,0.0,4.0,1210000.0,1.0,0.0
1628084.4,10.0,31.0,4000000.0,2500000.0,138087.0,9.0,5.0,0.0,4.0,1210000.0,1.0,0.0
2740800.0,6.0,63.0,4000000.0,1500000.0,405968.0,7.0,4.0,0.0,1.0,4391235.0,1.0,0.0
771242.4,6.0,38.0,10000000.0,8000000.0,105239.0,10.0,0.0,5.0,3.0,931394.0,1.0,0.0
1862580.0,8.0,48.0,2200000.0,1100000.0,211440.0,4.0,4.0,0.0,0.0,2223636.0,1.0,0.0
1753080.0,12.0,37.0,1700000.0,550000.0,121742.0,4.0,2.0,0.0,0.0,1769162.0,1.0,0.0
684120.0,8.0,45.0,2200000.0,1500000.0,77593.0,0.0,0.0,0.0,0.0,1312982.0,1.0,0.0
2156880.0,6.0,29.0,2800000.0,800000.0,320558.0,5.0,3.0,0.0,1.0,1067131.0,1.0,0.0
971497.2,10.0,31.0,2000000.0,800000.0,82701.0,5.0,1.0,0.0,2.0,1163744.0,1.0,0.0
3528000.0,12.0,60.0,9000000.0,6000000.0,275908.0,6.0,5.0,0.0,0.0,908526.0,0.0,1.0
1272064.8,10.0,47.0,3000000.0,2000000.0,107891.0,3.0,1.0,0.0,1.0,3016666.0,1.0,0.0
600000.0,6.0,66.0,2237823.0,672000.0,88954.0,5.0,2.0,2.0,0.0,2327995.0,1.0,0.0
1848000.0,6.0,50.0,35000000.0,15000000.0,275411.0,3.0,1.0,0.0,1.0,31504.0,0.0,1.0
964018.7999999999,3.0,62.0,2000000.0,700000.0,256030.0,1.0,0.0,0.0,0.0,1210000.0,0.0,1.0
737025.6,12.0,34.0,1300000.0,330000.0,58783.0,3.0,0.0,0.0,3.0,913832.0,1.0,0.0
1440000.0,24.0,49.0,20000000.0,12000000.0,62951.0,29.0,26.0,0.0,2.0,6406696.0,1.0,0.0
3550477.1999999997,10.0,57.0,4620000.0,1328000.0,313109.0,9.0,4.0,0.0,3.0,1000000.0,1.0,0.0
1656000.0,12.0,30.0,1000000.0,170000.0,129995.0,3.0,0.0,0.0,2.0,1210000.0,0.0,1.0
4249200.0,36.0,44.0,5000000.0,1800000.0,140083.0,7.0,1.0,3.0,1.0,1093260.0,0.0,1.0
2273640.0,6.0,39.0,4588000.0,651000.0,343405.0,5.0,2.0,0.0,0.0,977131.0,0.0,1.0
1111080.0,12.0,30.0,2200000.0,800000.0,87392.0,5.0,3.0,0.0,2.0,1608863.0,1.0,0.0
14400000.0,12.0,66.0,10000000.0,3700000.0,1131327.0,4.0,2.0,0.0,0.0,926008.0,0.0,1.0
2441784.0,9.0,38.0,8000000.0,3000000.0,228587.0,18.0,13.0,0.0,1.0,1205000.0,0.0,1.0
720000.0,6.0,58.0,1600000.0,400000.0,106867.0,5.0,2.0,1.0,0.0,1121992.0,1.0,0.0
6864000.0,8.0,56.0,10000000.0,4000000.0,779199.0,4.0,3.0,0.0,0.0,923771.0,0.0,1.0
5288642.399999999,6.0,51.0,4200000.0,1200000.0,785508.0,9.0,5.0,0.0,1.0,4506137.0,1.0,0.0
2033661.5999999999,8.0,52.0,6000000.0,1500000.0,231844.0,15.0,2.0,2.0,9.0,1210000.0,0.0,1.0
4977703.2,12.0,56.0,2800000.0,0.0,391718.0,6.0,3.0,1.0,2.0,1210000.0,0.0,1.0
766653.6,10.0,37.0,10000000.0,2000000.0,65297.0,4.0,2.0,0.0,0.0,1401442.0,0.0,1.0
3516000.0,6.0,51.0,3270000.0,698000.0,531048.0,7.0,4.0,0.0,3.0,1752960.0,0.0,1.0
1605480.0,12.0,35.0,1550000.0,150000.0,126133.0,5.0,3.0,0.0,0.0,1107916.0,1.0,0.0
647880.0,8.0,51.0,1400000.0,30000.0,73483.0,2.0,0.0,0.0,2.0,952445.0,1.0,0.0
1869600.0,6.0,41.0,3500000.0,2000000.0,277497.0,9.0,2.0,1.0,3.0,4177434.0,1.0,0.0
3410337.6,10.0,37.0,10260000.0,2425000.0,295661.0,5.0,5.0,0.0,0.0,4666878.0,1.0,0.0
1945304.4,24.0,28.0,1501288.0,1237000.0,89435.0,6.0,2.0,1.0,1.0,1532834.0,1.0,0.0
1224470.4,6.0,53.0,1000000.0,100000.0,181784.0,4.0,1.0,0.0,2.0,1210000.0,1.0,0.0
3209377.1999999997,10.0,42.0,6000000.0,1500000.0,272919.0,4.0,2.0,0.0,2.0,783063.0,0.0,1.0
680400.0,12.0,39.0,2296000.0,1228000.0,56962.0,11.0,3.0,0.0,4.0,1294908.0,1.0,0.0
1370820.0,6.0,27.0,3000000.0,800000.0,203233.0,3.0,2.0,0.0,0.0,2584905.0,1.0,0.0
960000.0,6.0,48.0,2410000.0,0.0,144996.0,2.0,0.0,0.0,0.0,1210000.0,1.0,0.0
2397244.8,2.0,45.0,5275000.0,1559000.0,956744.0,5.0,2.0,0.0,1.0,5513938.0,1.0,0.0
8769546.0,36.0,50.0,5498000.0,2392000.0,327777.0,8.0,6.0,0.0,2.0,2633941.0,1.0,0.0
1724580.0,24.0,35.0,1800000.0,650000.0,75126.0,4.0,2.0,0.0,1.0,1210000.0,1.0,0.0
1036800.0,24.0,31.0,1520000.0,500000.0,45325.0,9.0,5.0,2.0,2.0,1468719.0,1.0,0.0
2727900.0,6.0,49.0,12000000.0,7000000.0,405720.0,9.0,8.0,0.0,1.0,30285.0,0.0,1.0
696000.0,6.0,49.0,2600000.0,1845000.0,105480.0,12.0,2.0,1.0,5.0,1000000.0,0.0,1.0
1780800.0,12.0,52.0,3000000.0,1200000.0,139294.0,5.0,3.0,1.0,1.0,908526.0,0.0,1.0
2063281.2,12.0,54.0,5000000.0,2000000.0,143283.0,13.0,10.0,0.0,0.0,5270336.0,1.0,0.0
1560000.0,12.0,44.0,3100000.0,2600000.0,122763.0,8.0,4.0,0.0,1.0,1210000.0,1.0,0.0
670200.0,2.0,37.0,1500000.0,700000.0,264488.0,0.0,0.0,0.0,0.0,950105.0,1.0,0.0
1258714.8,12.0,66.0,1800000.0,300000.0,99491.0,4.0,3.0,0.0,1.0,1210000.0,0.0,1.0
744600.0,6.0,45.0,2000000.0,419000.0,112463.0,4.0,2.0,0.0,2.0,969508.0,1.0,0.0
3022776.0,11.0,38.0,11000000.0,5000000.0,255922.0,3.0,2.0,0.0,0.0,3988666.0,1.0,0.0
821208.0,4.0,25.0,5000000.0,2000000.0,165186.0,6.0,3.0,0.0,2.0,908526.0,0.0,1.0
1892083.2,10.0,34.0,3000000.0,1300000.0,160478.0,3.0,0.0,0.0,1.0,1210000.0,1.0,0.0
1648800.0,6.0,42.0,5000000.0,2500000.0,244892.0,2.0,1.0,0.0,1.0,918689.0,0.0,1.0
3010680.0,12.0,59.0,2600000.0,500000.0,209075.0,6.0,1.0,1.0,2.0,1052440.0,1.0,0.0
2374332.0,6.0,47.0,3500000.0,1500000.0,352171.0,6.0,4.0,0.0,0.0,916148.0,1.0,0.0
2160000.0,12.0,51.0,2500000.0,500000.0,170750.0,11.0,7.0,1.0,2.0,904895.0,0.0,1.0
4506157.2,10.0,122.0,9913275.0,0.0,384602.0,0.0,0.0,0.0,0.0,1210000.0,1.0,0.0
1920000.0,6.0,42.0,2600000.0,1600000.0,285160.0,6.0,3.0,0.0,2.0,1210000.0,0.0,1.0
1788000.0,12.0,27.0,3000000.0,1000000.0,140706.0,12.0,9.0,0.0,1.0,863629.0,1.0,0.0
1328280.0,6.0,47.0,3500000.0,1100000.0,184483.0,8.0,6.0,0.0,0.0,1200045.0,1.0,0.0
878880.0,5.0,37.0,5000000.0,2000000.0,142539.0,7.0,2.0,0.0,1.0,924166.0,0.0,1.0
3948000.0,6.0,45.0,15000000.0,7500000.0,585963.0,7.0,1.0,3.0,0.0,883820.0,0.0,1.0
3429360.0,12.0,52.0,4000000.0,2000000.0,268245.0,4.0,3.0,0.0,0.0,916149.0,0.0,1.0
2107080.0,12.0,44.0,1500000.0,500000.0,165815.0,3.0,1.0,0.0,2.0,1210000.0,1.0,0.0
2808000.0,6.0,65.0,2000000.0,400000.0,416780.0,4.0,1.0,0.0,3.0,1210000.0,0.0,1.0
600000.0,6.0,26.0,1200000.0,300000.0,89203.0,4.0,1.0,0.0,3.0,1117341.0,1.0,0.0
3192000.0,6.0,33.0,3580000.0,3894000.0,482112.0,17.0,12.0,1.0,3.0,1000000.0,1.0,0.0
1878547.2,10.0,26.0,2500000.0,1200000.0,159916.0,2.0,0.0,1.0,0.0,3651716.0,1.0,0.0
13056000.0,10.0,61.0,40000000.0,15000000.0,1214521.0,12.0,9.0,0.0,2.0,941790.0,0.0,1.0
3600000.0,36.0,68.0,2160000.0,274000.0,125613.0,3.0,2.0,0.0,0.0,1210000.0,0.0,1.0
1036800.0,10.0,58.0,2600000.0,300000.0,95840.0,5.0,2.0,0.0,2.0,1789941.0,1.0,0.0
3777480.0,18.0,36.0,1780000.0,0.0,174883.0,2.0,0.0,0.0,1.0,1041745.0,1.0,0.0
1167588.0,11.0,43.0,6000000.0,3500000.0,90841.0,0.0,0.0,0.0,0.0,1210000.0,1.0,0.0
878880.0,5.0,36.0,5000000.0,2000000.0,142747.0,6.0,1.0,0.0,4.0,1210000.0,0.0,1.0
1036110.0,10.0,37.0,4000000.0,3000000.0,95520.0,6.0,5.0,0.0,0.0,908189.0,1.0,0.0
829200.0,12.0,37.0,5000000.0,3000000.0,65060.0,9.0,5.0,0.0,2.0,1210000.0,0.0,1.0
821208.0,5.0,53.0,5000000.0,2000000.0,133418.0,4.0,0.0,0.0,2.0,1210000.0,0.0,1.0
2694925.1999999997,11.0,64.0,10000000.0,5000000.0,209912.0,10.0,7.0,0.0,0.0,6186673.0,1.0,0.0
2082338.4,10.0,61.0,3000000.0,1000000.0,177264.0,4.0,2.0,0.0,1.0,946640.0,0.0,1.0
1790281.2,12.0,27.0,3000000.0,500000.0,140468.0,5.0,1.0,0.0,0.0,1047377.0,0.0,1.0
3018584.4,10.0,37.0,2400000.0,1500000.0,257098.0,3.0,0.0,0.0,1.0,769218.0,1.0,0.0
2030037.5999999999,10.0,68.0,0.0,0.0,172359.0,2.0,0.0,1.0,1.0,923771.0,1.0,0.0
1609800.0,12.0,40.0,2800000.0,500000.0,126473.0,5.0,3.0,0.0,1.0,2127722.0,1.0,0.0
670200.0,8.0,33.0,2300000.0,1300000.0,69839.0,3.0,1.0,0.0,2.0,1210000.0,0.0,1.0
1633020.0,6.0,51.0,5000000.0,2000000.0,242783.0,7.0,5.0,0.0,1.0,939017.0,0.0,1.0
3300000.0,24.0,29.0,4500000.0,3000000.0,143754.0,8.0,6.0,0.0,0.0,4372863.0,1.0,0.0
1536492.0,10.0,25.0,9000000.0,4000000.0,130318.0,3.0,2.0,0.0,0.0,1558410.0,0.0,1.0
4026120.0,6.0,38.0,4500000.0,1800000.0,597558.0,12.0,5.0,1.0,1.0,2207272.0,0.0,1.0
4744800.0,12.0,56.0,8000000.0,3000000.0,373200.0,7.0,3.0,1.0,1.0,1065408.0,0.0,1.0
1185660.0,2.0,66.0,2000000.0,1600000.0,467566.0,5.0,3.0,0.0,1.0,933473.0,1.0,0.0
1370400.0,8.0,42.0,7000000.0,3500000.0,157223.0,12.0,10.0,0.0,1.0,1456066.0,0.0,1.0
3340804.8,3.0,35.0,4000000.0,2000000.0,885544.0,4.0,2.0,0.0,0.0,905965.0,0.0,1.0
4558345.2,11.0,66.0,3100000.0,2000000.0,355664.0,1.0,1.0,0.0,0.0,1037038.0,1.0,0.0
3791760.0,12.0,32.0,3200000.0,600000.0,263317.0,12.0,5.0,0.0,2.0,2600000.0,1.0,0.0
1200000.0,6.0,58.0,3000000.0,1100000.0,178838.0,0.0,0.0,0.0,0.0,946640.0,0.0,1.0
1431528.0,12.0,53.0,1600000.0,1000000.0,112607.0,2.0,0.0,0.0,1.0,1735977.0,1.0,0.0
683880.0,12.0,45.0,1500000.0,400000.0,53795.0,4.0,0.0,0.0,3.0,1210000.0,0.0,1.0
7152000.0,6.0,45.0,5620000.0,3222000.0,1083898.0,6.0,6.0,0.0,0.0,1061187.0,0.0,1.0
6614769.6,10.0,43.0,2000000.0,800000.0,561918.0,2.0,2.0,0.0,0.0,1210000.0,1.0,0.0
554673.6,8.0,47.0,1369000.0,574000.0,65570.0,7.0,2.0,0.0,5.0,1210000.0,0.0,1.0
611086.7999999999,6.0,24.0,1000000.0,210000.0,92082.0,2.0,0.0,0.0,2.0,961885.0,1.0,0.0
1979212.7999999998,10.0,61.0,1400000.0,900000.0,168132.0,7.0,3.0,0.0,1.0,931394.0,1.0,0.0
1431172.8,6.0,60.0,3000000.0,1000000.0,212761.0,8.0,4.0,0.0,1.0,950105.0,0.0,1.0
2530014.0,9.0,38.0,2500000.0,1200000.0,237187.0,6.0,4.0,0.0,0.0,2129844.0,1.0,0.0
1604400.0,2.0,60.0,4000000.0,2000000.0,632417.0,7.0,1.0,0.0,2.0,1210000.0,0.0,1.0
1026000.0,6.0,48.0,1500000.0,750000.0,152022.0,1.0,0.0,0.0,0.0,1000000.0,0.0,1.0
780000.0,6.0,29.0,2020000.0,1289000.0,118402.0,6.0,3.0,2.0,1.0,1946738.0,1.0,0.0
2400000.0,6.0,27.0,7000000.0,3500000.0,360796.0,5.0,2.0,0.0,2.0,6383717.0,1.0,0.0
2104681.1999999997,12.0,58.0,6800000.0,3500000.0,146158.0,7.0,5.0,0.0,1.0,7757558.0,1.0,0.0
4693680.0,12.0,40.0,3000000.0,500000.0,368297.0,3.0,2.0,0.0,0.0,925157.0,0.0,1.0
1269000.0,5.0,33.0,4000000.0,2000000.0,205810.0,4.0,1.0,0.0,2.0,916841.0,0.0,1.0
1522728.0,10.0,59.0,2000000.0,1500000.0,129626.0,2.0,1.0,0.0,0.0,3887500.0,1.0,0.0
1680000.0,12.0,46.0,3000000.0,1200000.0,132207.0,4.0,3.0,0.0,1.0,1653666.0,1.0,0.0
1921920.0,6.0,55.0,1800000.0,350000.0,285458.0,15.0,3.0,5.0,5.0,1210000.0,0.0,1.0
5306761.2,24.0,26.0,3456000.0,1666000.0,254181.0,4.0,2.0,0.0,0.0,5429307.0,1.0,0.0
6000000.0,36.0,30.0,2500000.0,730000.0,197743.0,6.0,3.0,1.0,0.0,1336879.0,1.0,0.0
2130240.0,12.0,38.0,6000000.0,170000.0,166805.0,5.0,2.0,0.0,1.0,1210000.0,0.0,1.0
1064038.8,6.0,34.0,2625000.0,1388000.0,160158.0,5.0,3.0,0.0,1.0,2625000.0,1.0,0.0
2231668.8,9.0,34.0,8370000.0,5187000.0,214954.0,7.0,6.0,0.0,1.0,4547807.0,1.0,0.0
2990278.8,10.0,38.0,2000000.0,500000.0,276709.0,9.0,6.0,0.0,1.0,798745.0,1.0,0.0
1896000.0,12.0,60.0,4800000.0,2000000.0,148854.0,3.0,0.0,0.0,3.0,1210000.0,1.0,0.0
3889200.0,6.0,48.0,3800000.0,900000.0,576651.0,8.0,4.0,0.0,1.0,1000000.0,0.0,1.0
3940480.8,9.0,54.0,7000000.0,2500000.0,369417.0,26.0,17.0,3.0,1.0,950105.0,0.0,1.0
1304287.2,6.0,52.0,3950000.0,1094000.0,179422.0,3.0,1.0,1.0,0.0,1210000.0,0.0,1.0
2089800.0,24.0,33.0,2000000.0,200000.0,94174.0,8.0,5.0,1.0,2.0,3283854.0,0.0,1.0
1800000.0,12.0,29.0,1800000.0,500000.0,141767.0,3.0,1.0,0.0,1.0,646778.0,1.0,0.0
2446677.6,10.0,30.0,4200000.0,2000000.0,208388.0,5.0,4.0,0.0,0.0,2508333.0,1.0,0.0
817080.0,12.0,37.0,3800000.0,1000000.0,56742.0,9.0,5.0,0.0,1.0,1210000.0,1.0,0.0
1263020.4,10.0,51.0,3800000.0,400000.0,116561.0,3.0,2.0,1.0,0.0,1210000.0,0.0,1.0
7474999.2,12.0,44.0,4000000.0,3000000.0,588241.0,7.0,5.0,0.0,0.0,1057889.0,0.0,1.0
1740000.0,12.0,30.0,1400000.0,800000.0,136271.0,6.0,2.0,0.0,4.0,1139508.0,1.0,0.0
1542840.0,6.0,55.0,2500000.0,500000.0,229143.0,7.0,3.0,0.0,1.0,1210000.0,0.0,1.0
1175880.0,12.0,59.0,3640000.0,95000.0,95239.0,4.0,0.0,1.0,1.0,996067.0,1.0,0.0
4296000.0,6.0,58.0,3020000.0,3733000.0,646628.0,6.0,3.0,0.0,2.0,972557.0,0.0,1.0
3367496.4,10.0,122.0,315400000.0,375000.0,309963.0,0.0,0.0,0.0,0.0,1210000.0,1.0,0.0
1798440.0,24.0,35.0,4000000.0,1800000.0,78611.0,2.0,1.0,0.0,0.0,1210000.0,1.0,0.0
5424000.0,36.0,25.0,1700000.0,700000.0,174497.0,2.0,2.0,0.0,0.0,968664.0,1.0,0.0
4872720.0,12.0,27.0,5000000.0,1500000.0,382320.0,11.0,5.0,0.0,2.0,1347779.0,1.0,0.0
1620000.0,6.0,45.0,1740000.0,744000.0,240766.0,6.0,2.0,1.0,2.0,1676464.0,1.0,0.0
1863600.0,12.0,38.0,1500000.0,800000.0,146310.0,4.0,1.0,1.0,2.0,1046318.0,1.0,0.0
6204360.0,24.0,26.0,3000000.0,1000000.0,270580.0,7.0,3.0,0.0,2.0,3703273.0,1.0,0.0
5391950.399999999,10.0,43.0,7380000.0,539000.0,480416.0,8.0,7.0,0.0,0.0,1210000.0,0.0,1.0
4265760.0,36.0,46.0,2800000.0,100000.0,141678.0,3.0,0.0,0.0,0.0,1210000.0,1.0,0.0
1847382.0,10.0,43.0,3000000.0,1200000.0,156933.0,8.0,6.0,0.0,1.0,1210000.0,1.0,0.0
2400000.0,6.0,40.0,3630000.0,756000.0,369213.0,4.0,1.0,1.0,1.0,1000000.0,0.0,1.0
5110844.399999999,9.0,40.0,4388303.0,1625000.0,478909.0,5.0,1.0,0.0,3.0,954263.0,0.0,1.0
5352000.0,36.0,55.0,3500000.0,700000.0,173297.0,2.0,2.0,0.0,0.0,847957.0,0.0,1.0
1235880.0,8.0,37.0,1500000.0,600000.0,140168.0,2.0,0.0,0.0,0.0,726821.0,1.0,0.0
2084652.0,10.0,50.0,3000000.0,1800000.0,176996.0,1.0,1.0,0.0,0.0,1210000.0,0.0,1.0
1872835.2,9.0,65.0,4000000.0,2600000.0,175074.0,9.0,5.0,0.0,2.0,3850454.0,1.0,0.0
910440.0,12.0,42.0,1800000.0,500000.0,71302.0,2.0,1.0,0.0,0.0,1210000.0,0.0,1.0
4190019.5999999996,10.0,39.0,10000000.0,6000000.0,355378.0,8.0,6.0,0.0,0.0,6086475.0,1.0,0.0
1008000.0,6.0,39.0,3000000.0,1000000.0,149852.0,5.0,1.0,1.0,3.0,1210000.0,1.0,0.0
1296000.0,12.0,40.0,4000000.0,2800000.0,102114.0,2.0,0.0,0.0,2.0,1210000.0,1.0,0.0
2520000.0,8.0,51.0,15000000.0,4500000.0,287289.0,9.0,3.0,0.0,2.0,1210000.0,0.0,1.0
5357580.0,6.0,53.0,4000000.0,320000.0,794294.0,7.0,7.0,0.0,0.0,1605000.0,1.0,0.0
821208.0,8.0,37.0,5000000.0,2000000.0,85798.0,5.0,2.0,0.0,1.0,802531.0,0.0,1.0
1511880.0,12.0,48.0,9000000.0,5000000.0,119869.0,8.0,4.0,0.0,1.0,8640624.0,1.0,0.0
936000.0,12.0,27.0,2000000.0,100000.0,73756.0,1.0,0.0,0.0,1.0,363411.0,1.0,0.0
2474733.6,10.0,61.0,10000000.0,4000000.0,210447.0,11.0,6.0,0.0,1.0,11675353.0,1.0,0.0
1632000.0,12.0,46.0,3670000.0,858000.0,135406.0,5.0,3.0,0.0,1.0,2778556.0,1.0,0.0
8488081.2,36.0,29.0,4700000.0,700000.0,275286.0,5.0,2.0,1.0,2.0,2849444.0,1.0,0.0
1897142.4,11.0,67.0,3100000.0,1000000.0,147771.0,3.0,2.0,0.0,0.0,908526.0,1.0,0.0
3766800.0,36.0,27.0,2610000.0,695000.0,134318.0,5.0,3.0,0.0,0.0,862101.0,1.0,0.0
2879760.0,6.0,31.0,3500000.0,1500000.0,427723.0,4.0,2.0,0.0,0.0,4580905.0,1.0,0.0
3707880.0,12.0,35.0,2378000.0,191000.0,306355.0,4.0,1.0,0.0,3.0,1783333.0,1.0,0.0
644950.7999999999,10.0,36.0,1600000.0,900000.0,54759.0,3.0,0.0,0.0,0.0,1603593.0,0.0,1.0
3813360.0,12.0,41.0,30000000.0,500000.0,264817.0,13.0,8.0,1.0,1.0,1349043.0,0.0,1.0
971520.0,6.0,38.0,2045000.0,100000.0,144047.0,5.0,0.0,1.0,4.0,1674730.0,1.0,0.0
1185660.0,4.0,44.0,5000000.0,2000000.0,238437.0,5.0,4.0,0.0,1.0,1210000.0,0.0,1.0
1467480.0,24.0,63.0,2000000.0,420000.0,64497.0,4.0,2.0,0.0,2.0,916148.0,1.0,0.0
2400000.0,6.0,36.0,3500000.0,1000000.0,355815.0,9.0,6.0,0.0,0.0,1210000.0,0.0,1.0
1427880.0,12.0,52.0,1600000.0,650000.0,99158.0,1.0,1.0,0.0,0.0,1210000.0,0.0,1.0
770834.4,9.0,58.0,6000000.0,4000000.0,72231.0,2.0,0.0,0.0,2.0,1440000.0,0.0,1.0
2048176.7999999998,9.0,25.0,3000000.0,1000000.0,192015.0,3.0,0.0,0.0,2.0,7500000.0,1.0,0.0
4428000.0,6.0,59.0,5000000.0,2500000.0,657679.0,9.0,5.0,0.0,2.0,908526.0,0.0,1.0
1320000.0,12.0,40.0,5000000.0,1500000.0,103888.0,8.0,2.0,1.0,1.0,933473.0,1.0,0.0
994372.7999999999,8.0,69.0,1000000.0,0.0,113606.0,4.0,2.0,0.0,2.0,1210000.0,0.0,1.0
1539360.0,12.0,29.0,1800000.0,700000.0,120939.0,2.0,1.0,0.0,0.0,266667.0,1.0,0.0
1281240.0,6.0,40.0,1750000.0,450000.0,177950.0,4.0,2.0,0.0,0.0,2395641.0,1.0,0.0
840000.0,6.0,41.0,2500000.0,700000.0,126271.0,3.0,1.0,0.0,2.0,1458333.0,1.0,0.0
2386266.0,9.0,36.0,5000000.0,3500000.0,222857.0,5.0,4.0,0.0,0.0,3156870.0,1.0,0.0
1870680.0,12.0,29.0,5000000.0,2100000.0,147212.0,9.0,5.0,0.0,0.0,1812789.0,0.0,1.0
3120000.0,12.0,39.0,3000000.0,500000.0,245553.0,9.0,5.0,0.0,2.0,916148.0,0.0,1.0
5748384.0,12.0,45.0,7000000.0,1500000.0,399193.0,9.0,8.0,0.0,1.0,1210000.0,1.0,0.0
2145240.0,12.0,64.0,3000000.0,500000.0,148975.0,6.0,6.0,0.0,0.0,1179113.0,1.0,0.0
3109921.1999999997,18.0,35.0,4268000.0,1157000.0,184979.0,4.0,1.0,1.0,1.0,1683460.0,1.0,0.0
571309.2,6.0,22.0,2000000.0,400000.0,84816.0,2.0,1.0,0.0,0.0,1210000.0,0.0,1.0
12860541.6,10.0,62.0,4200000.0,1300000.0,1093635.0,18.0,1.0,6.0,4.0,1666666.0,1.0,0.0
8152560.0,18.0,54.0,2210000.0,1004000.0,465271.0,8.0,7.0,0.0,0.0,1120726.0,0.0,1.0
504000.0,6.0,28.0,2410000.0,554000.0,76379.0,3.0,2.0,0.0,0.0,1938833.0,1.0,0.0
538680.0,6.0,31.0,1500000.0,600000.0,80086.0,4.0,3.0,0.0,1.0,2253423.0,1.0,0.0
7779382.8,10.0,122.0,165551412.0,100944603.0,658773.0,0.0,0.0,0.0,0.0,1210000.0,1.0,0.0
1200000.0,24.0,45.0,3282000.0,470000.0,60200.0,4.0,2.0,0.0,2.0,892533.0,1.0,0.0
7746000.0,24.0,42.0,7000000.0,0.0,268958.0,7.0,1.0,0.0,1.0,1210000.0,0.0,1.0
5723079.6,9.0,31.0,9000000.0,5200000.0,537560.0,8.0,7.0,0.0,0.0,8958316.0,1.0,0.0
539520.0,6.0,47.0,1500000.0,600000.0,80532.0,3.0,2.0,0.0,1.0,870265.0,1.0,0.0
1630268.4,11.0,46.0,2062000.0,1000000.0,137869.0,5.0,4.0,0.0,0.0,2350995.0,1.0,0.0
1708800.0,10.0,48.0,2200000.0,350000.0,161096.0,10.0,5.0,0.0,2.0,1348155.0,1.0,0.0
2659200.0,10.0,55.0,5500000.0,0.0,246419.0,14.0,6.0,0.0,2.0,2512000.0,0.0,1.0
2137080.0,12.0,30.0,2265000.0,1500000.0,148408.0,11.0,5.0,0.0,2.0,2918639.0,1.0,0.0
1489942.8,11.0,37.0,3500000.0,2500000.0,115921.0,3.0,1.0,0.0,1.0,3616125.0,0.0,1.0
1845480.0,6.0,29.0,1300000.0,400000.0,275035.0,8.0,2.0,0.0,4.0,961877.0,1.0,0.0
3378000.0,6.0,38.0,4000000.0,1500000.0,501382.0,7.0,5.0,0.0,0.0,1210000.0,0.0,1.0
2936052.0,9.0,32.0,5000000.0,2000000.0,274202.0,5.0,3.0,0.0,1.0,1210000.0,0.0,1.0
1112400.0,6.0,35.0,3000000.0,2100000.0,165783.0,2.0,1.0,0.0,0.0,1127899.0,1.0,0.0
1149480.0,6.0,47.0,3100000.0,1800000.0,159650.0,12.0,7.0,0.0,3.0,1210000.0,1.0,0.0
945600.0,6.0,26.0,2500000.0,1000000.0,140583.0,1.0,0.0,0.0,0.0,994508.0,0.0,1.0
1200000.0,6.0,43.0,4000000.0,500000.0,178838.0,4.0,1.0,0.0,1.0,1210000.0,0.0,1.0
2640000.0,12.0,55.0,3500000.0,500000.0,207393.0,2.0,1.0,0.0,0.0,1210000.0,0.0,1.0
5953795.2,9.0,31.0,6000000.0,2900000.0,558164.0,9.0,6.0,0.0,0.0,2223903.0,1.0,0.0
1783080.0,8.0,49.0,2200000.0,1200000.0,203715.0,8.0,6.0,0.0,1.0,2010669.0,1.0,0.0
1130400.0,6.0,58.0,15000000.0,6000000.0,168124.0,12.0,10.0,0.0,1.0,11262865.0,1.0,0.0
5099880.0,12.0,48.0,2500000.0,800000.0,354158.0,4.0,1.0,0.0,1.0,1210000.0,1.0,0.0
3291120.0,18.0,23.0,2470000.0,192000.0,195220.0,7.0,2.0,0.0,4.0,1033333.0,1.0,0.0
1906078.7999999998,10.0,29.0,1750000.0,0.0,166320.0,1.0,0.0,0.0,0.0,2500000.0,1.0,0.0
829200.0,10.0,64.0,800000.0,200000.0,76677.0,3.0,0.0,0.0,3.0,1210000.0,1.0,0.0
2316000.0,12.0,58.0,3500000.0,1000000.0,181828.0,10.0,9.0,0.0,0.0,863099.0,0.0,1.0
2137080.0,12.0,36.0,2000000.0,450000.0,148408.0,2.0,0.0,0.0,2.0,2041795.0,1.0,0.0
2879880.0,12.0,26.0,1531000.0,350000.0,199992.0,7.0,2.0,0.0,3.0,916841.0,0.0,1.0
444000.0,6.0,34.0,3500000.0,1500000.0,66010.0,11.0,2.0,1.0,6.0,3692208.0,1.0,0.0
1269000.0,2.0,36.0,5000000.0,2000000.0,500578.0,6.0,2.0,0.0,3.0,1210000.0,0.0,1.0
1225080.0,12.0,60.0,1400000.0,250000.0,96407.0,4.0,3.0,0.0,1.0,766667.0,0.0,1.0
14400000.0,10.0,49.0,30000000.0,12000000.0,1332519.0,13.0,9.0,0.0,2.0,666252.0,0.0,1.0
4030800.0,10.0,32.0,2500000.0,500000.0,373555.0,6.0,1.0,0.0,4.0,908526.0,0.0,1.0
1800000.0,12.0,34.0,3200000.0,800000.0,140970.0,7.0,3.0,0.0,2.0,1210000.0,1.0,0.0
2086264.7999999998,24.0,36.0,2000000.0,0.0,92947.0,11.0,4.0,0.0,5.0,33334.0,1.0,0.0
1311600.0,6.0,41.0,4000000.0,2500000.0,194997.0,8.0,2.0,0.0,2.0,120000.0,1.0,0.0
2880000.0,6.0,32.0,5610000.0,3306000.0,433537.0,6.0,4.0,0.0,1.0,969508.0,0.0,1.0
1505940.0,6.0,37.0,4000000.0,1500000.0,223520.0,4.0,4.0,0.0,0.0,908526.0,0.0,1.0
604800.0,10.0,62.0,2800000.0,1000000.0,56025.0,2.0,1.0,0.0,0.0,908526.0,0.0,1.0
3403006.8,36.0,32.0,2700000.0,600000.0,110901.0,8.0,6.0,1.0,0.0,2227320.0,1.0,0.0
2033880.0,24.0,43.0,1809000.0,0.0,99835.0,0.0,0.0,0.0,0.0,1108956.0,1.0,0.0
579600.0,6.0,66.0,8000000.0,2500000.0,86811.0,8.0,6.0,0.0,1.0,946640.0,1.0,0.0
878880.0,5.0,30.0,5000000.0,2000000.0,142788.0,11.0,6.0,0.0,1.0,434074.0,0.0,1.0
1980960.0,24.0,61.0,1995000.0,653000.0,97475.0,10.0,2.0,1.0,3.0,1026666.0,1.0,0.0
2904000.0,10.0,42.0,5000000.0,1500000.0,270799.0,4.0,2.0,0.0,1.0,1210000.0,0.0,1.0
2198280.0,12.0,58.0,2600000.0,900000.0,152658.0,0.0,0.0,0.0,0.0,3056935.0,1.0,0.0
2536736.4,10.0,53.0,2000000.0,1000000.0,215380.0,6.0,3.0,0.0,0.0,916841.0,1.0,0.0
750708.0,5.0,38.0,4000000.0,2000000.0,121575.0,4.0,2.0,0.0,1.0,1210000.0,0.0,1.0
1765080.0,12.0,63.0,4000000.0,1980000.0,122575.0,6.0,2.0,0.0,3.0,1210000.0,1.0,0.0
536592.0,9.0,53.0,2840000.0,0.0,51928.0,1.0,0.0,1.0,0.0,1210000.0,0.0,1.0
514560.0,6.0,57.0,908526.0,2930000.0,77451.0,15.0,8.0,1.0,2.0,966736.0,0.0,1.0
1185660.0,2.0,41.0,5000000.0,2000000.0,467703.0,10.0,5.0,0.0,3.0,939017.0,0.0,1.0
2097600.0,6.0,34.0,15000000.0,11000000.0,312609.0,8.0,2.0,0.0,4.0,1210000.0,0.0,1.0
878880.0,3.0,48.0,5000000.0,2000000.0,233419.0,12.0,2.0,0.0,4.0,946640.0,0.0,1.0
1923600.0,8.0,41.0,2500000.0,1000000.0,217883.0,1.0,0.0,0.0,0.0,1200000.0,1.0,0.0
1944000.0,6.0,37.0,4000000.0,1500000.0,288919.0,4.0,0.0,0.0,2.0,33334.0,0.0,1.0
4584199.2,11.0,63.0,4500000.0,1200000.0,358293.0,5.0,5.0,0.0,0.0,1103000.0,0.0,1.0
3825240.0,6.0,37.0,3600000.0,1000000.0,572934.0,6.0,3.0,0.0,0.0,1210000.0,1.0,0.0
3588000.0,36.0,30.0,1890000.0,199000.0,123943.0,3.0,1.0,0.0,1.0,1237500.0,1.0,0.0
2637378.0,5.0,65.0,8000000.0,5000000.0,428484.0,5.0,3.0,0.0,1.0,954263.0,0.0,1.0
1305019.2,2.0,36.0,4000000.0,1500000.0,514409.0,7.0,1.0,3.0,1.0,1210000.0,1.0,0.0
2656285.1999999997,11.0,48.0,4000000.0,1500000.0,206666.0,2.0,2.0,0.0,0.0,916583.0,0.0,1.0
1212360.0,10.0,63.0,3932000.0,5914000.0,106915.0,12.0,2.0,1.0,5.0,647286.0,0.0,1.0
2078640.0,10.0,69.0,5000000.0,2000000.0,176301.0,7.0,6.0,0.0,0.0,4521744.0,1.0,0.0
3988015.1999999997,10.0,57.0,3930000.0,1473000.0,343055.0,6.0,4.0,0.0,0.0,1497391.0,1.0,0.0
3519241.1999999997,12.0,50.0,2200000.0,700000.0,276487.0,6.0,2.0,0.0,1.0,1685887.0,1.0,0.0
10656000.0,6.0,61.0,8000000.0,3500000.0,1583786.0,6.0,4.0,0.0,1.0,1016666.0,0.0,1.0
2237943.6,11.0,64.0,3000000.0,2000000.0,174118.0,17.0,15.0,0.0,0.0,1133400.0,1.0,0.0
1325582.4,10.0,40.0,4000000.0,3500000.0,112843.0,3.0,1.0,0.0,2.0,1210000.0,1.0,0.0
2092558.7999999998,6.0,30.0,4000000.0,2200000.0,311858.0,6.0,3.0,0.0,0.0,1071282.0,0.0,1.0
548232.0,6.0,66.0,2500000.0,900000.0,74783.0,1.0,0.0,0.0,0.0,1210000.0,0.0,1.0
1052280.0,10.0,46.0,1500000.0,700000.0,97477.0,9.0,7.0,0.0,2.0,1371021.0,1.0,0.0
2227200.0,6.0,50.0,8000000.0,3000000.0,332463.0,1.0,1.0,0.0,0.0,1453024.0,0.0,1.0
2058975.5999999999,5.0,56.0,3390000.0,1227000.0,341050.0,8.0,5.0,2.0,0.0,3128402.0,1.0,0.0
5477776.8,10.0,34.0,8570000.0,516000.0,480589.0,5.0,4.0,0.0,1.0,7249438.0,1.0,0.0
2459640.0,6.0,66.0,2500000.0,300000.0,364690.0,7.0,1.0,1.0,1.0,1096886.0,1.0,0.0
2366280.0,12.0,55.0,2000000.0,450000.0,186213.0,10.0,2.0,0.0,5.0,1210000.0,1.0,0.0
3130236.0,10.0,27.0,2600000.0,600000.0,266189.0,4.0,0.0,0.0,3.0,829420.0,1.0,0.0
3716820.0,12.0,30.0,5000000.0,2000000.0,291282.0,8.0,6.0,0.0,0.0,1210000.0,0.0,1.0
1200000.0,6.0,24.0,1500000.0,500000.0,179129.0,2.0,1.0,0.0,0.0,1073635.0,1.0,0.0
489600.0,6.0,45.0,3000000.0,1500000.0,72785.0,5.0,2.0,1.0,2.0,1421748.0,0.0,1.0
2849280.0,12.0,50.0,3500000.0,900000.0,223146.0,3.0,0.0,0.0,2.0,1210000.0,0.0,1.0
4320000.0,6.0,57.0,12610000.0,5294000.0,642259.0,14.0,9.0,1.0,1.0,1000000.0,0.0,1.0
403200.0,6.0,45.0,1000000.0,1610000.0,60755.0,6.0,5.0,0.0,1.0,1000000.0,0.0,1.0
878880.0,5.0,29.0,5000000.0,2000000.0,142664.0,5.0,0.0,0.0,4.0,1210000.0,0.0,1.0
5525103.6,10.0,47.0,30000000.0,12000000.0,467876.0,21.0,18.0,0.0,1.0,2400000.0,0.0,1.0
1188000.0,6.0,68.0,4000000.0,2500000.0,176383.0,8.0,2.0,1.0,5.0,1210000.0,0.0,1.0
3334800.0,18.0,57.0,4000000.0,0.0,154389.0,6.0,5.0,0.0,0.0,950105.0,1.0,0.0
1535640.0,8.0,39.0,1800000.0,450000.0,174477.0,3.0,1.0,0.0,1.0,1221514.0,1.0,0.0
3014400.0,24.0,51.0,1000000.0,4753000.0,138090.0,5.0,1.0,0.0,0.0,992727.0,0.0,1.0
973221.6,10.0,48.0,1560000.0,641000.0,85385.0,4.0,1.0,0.0,2.0,800000.0,1.0,0.0
3960000.0,6.0,31.0,1840000.0,309000.0,603164.0,3.0,2.0,0.0,0.0,1210000.0,0.0,1.0
799680.0,11.0,37.0,3100000.0,1750000.0,62324.0,1.0,0.0,0.0,0.0,882317.0,1.0,0.0
816000.0,12.0,33.0,1500000.0,300000.0,64505.0,2.0,2.0,0.0,0.0,1210000.0,0.0,1.0
799680.0,9.0,57.0,3000000.0,1800000.0,74862.0,3.0,2.0,0.0,1.0,1210000.0,0.0,1.0
1982028.0,8.0,38.0,1050000.0,400000.0,224999.0,4.0,1.0,0.0,3.0,1210000.0,0.0,1.0
1284720.0,6.0,67.0,2130000.0,223000.0,193069.0,4.0,2.0,0.0,1.0,1833143.0,1.0,0.0
1319880.0,12.0,32.0,2500000.0,350000.0,103878.0,2.0,0.0,0.0,2.0,1371995.0,1.0,0.0
2486400.0,10.0,41.0,5000000.0,2000000.0,231272.0,6.0,4.0,1.0,0.0,1210000.0,0.0,1.0
4042560.0,6.0,30.0,2586000.0,335000.0,616756.0,3.0,2.0,0.0,0.0,5133333.0,1.0,0.0
5928279.6,5.0,122.0,15534542.0,3201332.0,964263.0,0.0,0.0,0.0,0.0,1210000.0,1.0,0.0
6597984.0,10.0,35.0,6000000.0,2500000.0,560198.0,13.0,12.0,0.0,0.0,1210000.0,0.0,1.0
1467081.5999999999,9.0,32.0,2850000.0,0.0,137144.0,2.0,2.0,0.0,0.0,3440447.0,1.0,0.0
1080000.0,6.0,56.0,4500000.0,550000.0,160117.0,4.0,1.0,1.0,0.0,2556481.0,1.0,0.0
1823880.0,6.0,62.0,1600000.0,200000.0,253317.0,6.0,4.0,0.0,2.0,1597316.0,1.0,0.0
1079880.0,12.0,31.0,3000000.0,600000.0,74992.0,1.0,0.0,0.0,0.0,916148.0,0.0,1.0
1107600.0,10.0,43.0,2000000.0,300000.0,103284.0,3.0,1.0,0.0,2.0,934546.0,0.0,1.0
2543233.1999999997,30.0,46.0,2500000.0,150000.0,95281.0,0.0,0.0,0.0,0.0,1210000.0,1.0,0.0
1559880.0,12.0,28.0,1200000.0,350000.0,122449.0,4.0,3.0,0.0,0.0,1210000.0,1.0,0.0
1615080.0,12.0,63.0,2500000.0,1000000.0,126888.0,8.0,4.0,0.0,4.0,1210000.0,0.0,1.0
1069800.0,12.0,54.0,4000000.0,100000.0,83938.0,14.0,6.0,0.0,5.0,908526.0,0.0,1.0
1185660.0,2.0,44.0,5000000.0,2000000.0,467360.0,6.0,1.0,0.0,4.0,1210000.0,0.0,1.0
1033200.0,6.0,32.0,1400000.0,300000.0,153970.0,17.0,2.0,1.0,11.0,1115112.0,1.0,0.0
4469640.0,9.0,122.0,80608204.0,12180402.0,419026.0,0.0,0.0,0.0,0.0,1210000.0,1.0,0.0
1663600.8,9.0,30.0,3700000.0,2700000.0,155515.0,9.0,6.0,0.0,0.0,4233549.0,1.0,0.0
2696280.0,12.0,61.0,15000000.0,1000000.0,211831.0,11.0,4.0,2.0,3.0,1210000.0,0.0,1.0
945840.0,6.0,23.0,1610000.0,223000.0,142366.0,3.0,2.0,0.0,0.0,969508.0,0.0,1.0
2350920.0,6.0,62.0,9000000.0,4000000.0,348538.0,6.0,4.0,0.0,1.0,14819806.0,1.0,0.0
1234680.0,12.0,63.0,1640000.0,800000.0,85742.0,4.0,3.0,0.0,1.0,1558304.0,1.0,0.0
994044.0,6.0,49.0,1200000.0,100000.0,148144.0,3.0,0.0,0.0,3.0,1210000.0,1.0,0.0
3214552.8,11.0,41.0,3000000.0,1000000.0,248676.0,5.0,2.0,1.0,1.0,1210000.0,0.0,1.0
2118600.0,12.0,32.0,10000000.0,3000000.0,166722.0,3.0,2.0,0.0,0.0,762152.0,0.0,1.0
2492400.0,6.0,37.0,3800000.0,1200000.0,370694.0,14.0,6.0,0.0,4.0,1887768.0,1.0,0.0
5875800.0,36.0,39.0,4600000.0,800000.0,189951.0,8.0,5.0,0.0,1.0,4155736.0,1.0,0.0
4583761.2,6.0,58.0,5440000.0,4809000.0,688853.0,11.0,9.0,0.0,1.0,1210000.0,0.0,1.0
1440000.0,6.0,34.0,1800000.0,600000.0,214086.0,8.0,2.0,0.0,5.0,1428639.0,1.0,0.0
780000.0,8.0,28.0,2500000.0,900000.0,89488.0,4.0,1.0,1.0,1.0,469405.0,0.0,1.0
1285200.0,10.0,42.0,3886000.0,1500000.0,109005.0,0.0,0.0,0.0,0.0,1210000.0,1.0,0.0
3553801.1999999997,9.0,54.0,3800000.0,2900000.0,333166.0,4.0,2.0,0.0,0.0,950105.0,1.0,0.0
2551200.0,36.0,32.0,1230000.0,400000.0,82219.0,5.0,1.0,2.0,2.0,1238452.0,1.0,0.0
9554640.0,11.0,122.0,7170914725.0,4974345404.0,744225.0,0.0,0.0,0.0,0.0,1210000.0,1.0,0.0
2333640.0,12.0,42.0,2800000.0,1000000.0,162058.0,10.0,4.0,0.0,1.0,3419688.0,1.0,0.0
1080000.0,6.0,53.0,1000000.0,622000.0,162348.0,5.0,2.0,0.0,1.0,958420.0,1.0,0.0
1578000.0,8.0,26.0,5000000.0,800000.0,181040.0,4.0,2.0,0.0,1.0,829787.0,0.0,1.0
1470963.5999999999,10.0,23.0,2186922.0,961000.0,126535.0,5.0,2.0,0.0,2.0,2283542.0,1.0,0.0
1560000.0,6.0,49.0,4000000.0,1000000.0,216667.0,6.0,4.0,0.0,0.0,3621402.0,1.0,0.0
1649280.0,12.0,32.0,2400000.0,400000.0,129166.0,4.0,3.0,0.0,0.0,704263.0,0.0,1.0
2969847.6,9.0,50.0,3256000.0,1590000.0,278288.0,4.0,2.0,0.0,1.0,1210000.0,0.0,1.0
2513113.1999999997,10.0,24.0,1200000.0,700000.0,213934.0,0.0,0.0,0.0,0.0,1155008.0,0.0,1.0
2280000.0,6.0,61.0,3610000.0,3000.0,344366.0,5.0,3.0,0.0,1.0,722222.0,0.0,1.0
3191760.0,6.0,62.0,8000000.0,4000000.0,472442.0,15.0,6.0,0.0,5.0,1210000.0,0.0,1.0
2567271.6,10.0,57.0,3000000.0,1500000.0,218545.0,20.0,8.0,0.0,3.0,4000000.0,0.0,1.0
2112126.0,10.0,41.0,2500000.0,1000000.0,180271.0,7.0,2.0,1.0,2.0,2834550.0,1.0,0.0
3778800.0,10.0,52.0,5000000.0,500000.0,350567.0,4.0,2.0,0.0,0.0,1210000.0,0.0,1.0
1896000.0,12.0,53.0,5000000.0,2000000.0,149863.0,3.0,1.0,0.0,2.0,1210000.0,0.0,1.0
1916400.0,10.0,52.0,6800000.0,2000000.0,178705.0,6.0,4.0,1.0,0.0,6773348.0,1.0,0.0
3600000.0,12.0,59.0,8000000.0,3500000.0,283330.0,15.0,9.0,0.0,4.0,942982.0,0.0,1.0
2459880.0,6.0,41.0,5000000.0,2000000.0,341650.0,0.0,0.0,0.0,0.0,3972250.0,1.0,0.0
1716000.0,12.0,38.0,2500000.0,600000.0,134474.0,5.0,1.0,0.0,3.0,1047662.0,1.0,0.0
942482.4,10.0,20.0,1300000.0,800000.0,80147.0,2.0,1.0,1.0,0.0,1090950.0,1.0,0.0
2446106.4,10.0,26.0,1800000.0,600000.0,207467.0,0.0,0.0,0.0,0.0,908526.0,0.0,1.0
3314400.0,10.0,43.0,3400000.0,2000000.0,305834.0,0.0,0.0,0.0,0.0,2027131.0,1.0,0.0
1176000.0,18.0,55.0,1500000.0,300000.0,65024.0,2.0,0.0,0.0,2.0,1210000.0,0.0,1.0
719880.0,8.0,27.0,1500000.0,800000.0,81786.0,2.0,1.0,0.0,0.0,831608.0,1.0,0.0
1645366.8,10.0,54.0,2000000.0,1500000.0,139333.0,3.0,1.0,1.0,0.0,2598922.0,1.0,0.0
1020000.0,6.0,40.0,2430000.0,40000.0,156381.0,2.0,0.0,0.0,1.0,1091171.0,1.0,0.0
4152000.0,6.0,37.0,14000000.0,7000000.0,617106.0,10.0,7.0,0.0,1.0,1494600.0,0.0,1.0
1224000.0,6.0,29.0,2000000.0,500000.0,182404.0,1.0,0.0,0.0,0.0,903960.0,1.0,0.0
900000.0,6.0,45.0,1430000.0,48000.0,135617.0,1.0,0.0,0.0,1.0,1210000.0,0.0,1.0
4577041.2,24.0,38.0,4430000.0,628000.0,212081.0,8.0,6.0,0.0,0.0,977131.0,1.0,0.0
600000.0,6.0,43.0,1200000.0,200000.0,89858.0,4.0,0.0,0.0,1.0,961886.0,1.0,0.0
474290.39999999997,6.0,46.0,1800000.0,450000.0,70509.0,1.0,0.0,1.0,0.0,1413705.0,1.0,0.0
3132021.6,10.0,37.0,4200000.0,2500000.0,265644.0,1.0,0.0,0.0,0.0,1210000.0,1.0,0.0
1293000.0,12.0,52.0,2000000.0,800000.0,101710.0,5.0,3.0,1.0,0.0,2193302.0,1.0,0.0
2443095.6,10.0,37.0,1800000.0,900000.0,207974.0,8.0,3.0,2.0,1.0,921593.0,1.0,0.0
7392000.0,6.0,21.0,66667.0,715000.0,1112633.0,4.0,2.0,0.0,0.0,63618.0,0.0,1.0
979201.2,12.0,43.0,1600000.0,316000.0,80283.0,4.0,3.0,0.0,0.0,1778056.0,1.0,0.0
2337240.0,6.0,39.0,2800000.0,500000.0,348323.0,3.0,2.0,0.0,0.0,1210000.0,0.0,1.0
1498992.0,5.0,38.0,5000000.0,2000000.0,243182.0,21.0,15.0,4.0,1.0,8412277.0,0.0,1.0
720000.0,12.0,55.0,1800000.0,400000.0,50000.0,6.0,4.0,0.0,2.0,2101491.0,1.0,0.0
2270374.8,9.0,36.0,2291000.0,834000.0,214782.0,3.0,1.0,0.0,0.0,700000.0,1.0,0.0
3161760.0,6.0,34.0,6000000.0,3000000.0,469287.0,5.0,2.0,0.0,1.0,9222143.0,1.0,0.0
1928956.7999999998,11.0,40.0,3400000.0,1200000.0,150249.0,5.0,2.0,0.0,1.0,923771.0,1.0,0.0
4454400.0,10.0,48.0,4500000.0,900000.0,411464.0,9.0,8.0,0.0,1.0,908526.0,1.0,0.0
1245600.0,12.0,26.0,1800000.0,390000.0,97792.0,6.0,2.0,0.0,4.0,1808716.0,1.0,0.0
4227849.6,10.0,64.0,3500000.0,1000000.0,359151.0,3.0,1.0,1.0,0.0,2072101.0,0.0,1.0
5990400.0,12.0,36.0,1200000.0,500000.0,471411.0,3.0,1.0,0.0,2.0,933473.0,1.0,0.0
2825952.0,12.0,53.0,8000000.0,1200000.0,221466.0,1.0,1.0,0.0,0.0,916148.0,0.0,1.0
837900.0,6.0,28.0,1250000.0,350000.0,124614.0,2.0,1.0,0.0,0.0,1210000.0,1.0,0.0
786240.0,8.0,47.0,2200000.0,900000.0,89046.0,10.0,2.0,0.0,4.0,1210000.0,1.0,0.0
2658960.0,10.0,24.0,2080000.0,800000.0,246397.0,1.0,0.0,0.0,1.0,481939.0,1.0,0.0
1099999.2,12.0,61.0,3590000.0,1237000.0,88537.0,6.0,4.0,0.0,2.0,1088888.0,1.0,0.0
1200000.0,6.0,40.0,5000000.0,2500000.0,166667.0,10.0,5.0,0.0,1.0,4500000.0,1.0,0.0
1390534.8,10.0,60.0,3000000.0,1500000.0,118063.0,9.0,7.0,0.0,1.0,2725378.0,0.0,1.0
1185660.0,9.0,30.0,5000000.0,2000000.0,111155.0,9.0,6.0,0.0,1.0,991531.0,0.0,1.0
480000.0,6.0,66.0,1000000.0,200000.0,71244.0,1.0,1.0,0.0,0.0,1210000.0,1.0,0.0
3000000.0,6.0,58.0,4106000.0,660000.0,462251.0,3.0,2.0,0.0,0.0,1210000.0,0.0,1.0
4338000.0,6.0,37.0,4370000.0,598000.0,643135.0,4.0,3.0,0.0,0.0,1210000.0,0.0,1.0
1200000.0,12.0,60.0,2400000.0,800000.0,83333.0,1.0,0.0,0.0,0.0,3399309.0,1.0,0.0
878880.0,8.0,46.0,5000000.0,2000000.0,91585.0,10.0,5.0,0.0,3.0,870826.0,0.0,1.0
991800.0,6.0,66.0,1200000.0,0.0,147054.0,4.0,3.0,0.0,0.0,1299572.0,0.0,1.0
1479421.2,12.0,62.0,4200000.0,1500000.0,102738.0,14.0,11.0,0.0,0.0,1000000.0,1.0,0.0
3143880.0,24.0,44.0,3120000.0,460000.0,151091.0,8.0,2.0,0.0,2.0,1336094.0,1.0,0.0
2843659.1999999997,9.0,42.0,3000000.0,2000000.0,269489.0,5.0,3.0,0.0,0.0,1210000.0,0.0,1.0
6683520.0,24.0,35.0,4500000.0,2500000.0,292178.0,5.0,3.0,0.0,0.0,908526.0,1.0,0.0
3513600.0,6.0,50.0,4000000.0,1500000.0,520609.0,5.0,1.0,2.0,2.0,1210000.0,1.0,0.0
1181880.0,12.0,45.0,4200000.0,1200000.0,82075.0,8.0,2.0,0.0,2.0,3086343.0,1.0,0.0
5133600.0,12.0,122.0,50000000.0,10000000.0,356500.0,0.0,0.0,0.0,0.0,1210000.0,1.0,0.0
1988280.0,12.0,50.0,2000000.0,300000.0,138075.0,4.0,2.0,1.0,1.0,818509.0,1.0,0.0
1993920.0,18.0,26.0,1661600.0,300000.0,110346.0,2.0,1.0,0.0,1.0,908526.0,1.0,0.0
2036281.2,6.0,33.0,2600000.0,900000.0,282817.0,8.0,5.0,0.0,0.0,992938.0,1.0,0.0
2172230.4,4.0,45.0,5000000.0,3000000.0,436943.0,14.0,8.0,0.0,3.0,950105.0,0.0,1.0
2640000.0,12.0,42.0,4000000.0,2000000.0,207238.0,9.0,4.0,1.0,3.0,908526.0,0.0,1.0
4081810.8,11.0,50.0,3500000.0,800000.0,324480.0,12.0,7.0,0.0,3.0,2359323.0,1.0,0.0
3972840.0,36.0,37.0,2000000.0,800000.0,130972.0,4.0,3.0,0.0,0.0,500001.0,1.0,0.0
2519880.0,6.0,33.0,1800000.0,400000.0,374611.0,3.0,3.0,0.0,0.0,939017.0,1.0,0.0
2138400.0,12.0,49.0,1100000.0,100000.0,167472.0,3.0,2.0,0.0,1.0,923164.0,1.0,0.0
987314.3999999999,10.0,44.0,3000000.0,800000.0,83827.0,3.0,2.0,0.0,0.0,3000000.0,1.0,0.0
3628681.1999999997,12.0,37.0,4800000.0,900000.0,251992.0,8.0,3.0,0.0,3.0,6543489.0,1.0,0.0
2402124.0,9.0,56.0,3000000.0,2000000.0,228080.0,16.0,12.0,0.0,3.0,1103151.0,0.0,1.0
673200.0,6.0,68.0,1800000.0,100000.0,100322.0,7.0,2.0,0.0,5.0,931394.0,1.0,0.0
2809200.0,12.0,31.0,3000000.0,500000.0,220428.0,9.0,4.0,0.0,3.0,1210000.0,1.0,0.0
2920920.0,24.0,32.0,5600000.0,800000.0,127201.0,5.0,2.0,0.0,1.0,2025849.0,0.0,1.0
3574999.1999999997,10.0,50.0,12000000.0,10000000.0,329528.0,7.0,6.0,0.0,1.0,916148.0,0.0,1.0
1314957.5999999999,9.0,64.0,2700000.0,1300000.0,122806.0,0.0,0.0,0.0,0.0,1210000.0,1.0,0.0
3939482.4,12.0,39.0,3700000.0,1500000.0,273575.0,4.0,3.0,0.0,0.0,4158262.0,1.0,0.0
2655360.0,10.0,43.0,1600000.0,300000.0,246063.0,7.0,3.0,1.0,3.0,1398895.0,1.0,0.0
1984680.0,8.0,32.0,3000000.0,900000.0,225562.0,6.0,3.0,1.0,0.0,2256080.0,1.0,0.0
1430496.0,10.0,40.0,1860000.0,511000.0,134814.0,6.0,1.0,0.0,4.0,1210000.0,0.0,1.0
2820000.0,12.0,37.0,2800000.0,750000.0,221551.0,4.0,2.0,0.0,0.0,1040373.0,1.0,0.0
857628.0,6.0,64.0,1000000.0,324000.0,127584.0,6.0,4.0,0.0,1.0,908526.0,1.0,0.0
600000.0,6.0,58.0,1960000.0,138000.0,91634.0,1.0,0.0,0.0,1.0,1000000.0,0.0,1.0
1307520.0,18.0,29.0,2200000.0,800000.0,72041.0,8.0,4.0,0.0,1.0,1210000.0,1.0,0.0
878880.0,2.0,67.0,5000000.0,2000000.0,346841.0,7.0,6.0,1.0,0.0,1745606.0,0.0,1.0
26208019.2,10.0,123.0,119728880.0,7630074.0,2525162.0,0.0,0.0,0.0,0.0,1210000.0,1.0,0.0
636000.0,6.0,65.0,954263.0,1127000.0,95739.0,5.0,5.0,0.0,0.0,954263.0,0.0,1.0
2016000.0,6.0,43.0,4500000.0,1200000.0,298679.0,5.0,2.0,1.0,1.0,1913365.0,1.0,0.0
420000.0,6.0,43.0,2670000.0,2285000.0,63436.0,12.0,4.0,4.0,1.0,30285.0,0.0,1.0
3664560.0,12.0,51.0,2200000.0,400000.0,254483.0,4.0,1.0,3.0,0.0,916148.0,1.0,0.0
1875998.4,10.0,37.0,1550000.0,0.0,164589.0,0.0,0.0,0.0,0.0,1210000.0,1.0,0.0
1923600.0,8.0,30.0,1500000.0,150000.0,217883.0,6.0,2.0,0.0,1.0,1402398.0,1.0,0.0
687480.0,6.0,44.0,2000000.0,900000.0,102174.0,5.0,4.0,0.0,1.0,2337357.0,1.0,0.0
3761780.4,10.0,33.0,7800000.0,2000000.0,319392.0,17.0,15.0,0.0,1.0,8607013.0,1.0,0.0
1092000.0,8.0,33.0,3000000.0,1200000.0,124107.0,1.0,1.0,0.0,0.0,1210000.0,0.0,1.0
1457583.5999999999,5.0,35.0,2220000.0,367000.0,238116.0,3.0,0.0,0.0,1.0,1000000.0,1.0,0.0
2880000.0,12.0,45.0,12000000.0,3000000.0,200000.0,10.0,7.0,0.0,2.0,3480000.0,0.0,1.0
2373600.0,12.0,22.0,1700000.0,600000.0,185861.0,5.0,0.0,1.0,1.0,281170.0,1.0,0.0
2893800.0,12.0,31.0,2500000.0,700000.0,226594.0,11.0,0.0,0.0,3.0,908526.0,0.0,1.0
1208689.2,10.0,37.0,7500000.0,3000000.0,102515.0,16.0,14.0,0.0,0.0,5636471.0,0.0,1.0
2728680.0,6.0,48.0,2300000.0,600000.0,378983.0,8.0,5.0,0.0,0.0,1397340.0,1.0,0.0
1946160.0,12.0,54.0,3000000.0,950000.0,135150.0,6.0,1.0,0.0,2.0,1210000.0,1.0,0.0
4468800.0,10.0,41.0,1800000.0,260000.0,413496.0,4.0,0.0,0.0,1.0,917673.0,1.0,0.0
6228000.0,12.0,58.0,9000000.0,4000000.0,489299.0,3.0,0.0,0.0,0.0,923771.0,0.0,1.0
1865640.0,6.0,45.0,3000000.0,800000.0,277098.0,10.0,5.0,1.0,2.0,1170272.0,1.0,0.0
2915280.0,8.0,51.0,954263.0,100000.0,336658.0,4.0,0.0,0.0,1.0,954263.0,0.0,1.0
552000.0,6.0,30.0,1600000.0,340000.0,83178.0,3.0,1.0,1.0,0.0,1820000.0,1.0,0.0
1904161.2,6.0,55.0,8000000.0,4800000.0,284226.0,11.0,4.0,0.0,6.0,954263.0,0.0,1.0
1249080.0,6.0,47.0,2200000.0,1200000.0,185691.0,10.0,4.0,0.0,1.0,2097320.0,1.0,0.0
2329381.1999999997,9.0,29.0,3500000.0,1400000.0,218065.0,7.0,3.0,0.0,1.0,30285.0,0.0,1.0
1736228.4,9.0,48.0,2000000.0,1000000.0,164461.0,0.0,0.0,0.0,0.0,1210000.0,1.0,0.0
684600.0,8.0,62.0,908526.0,701000.0,79160.0,6.0,0.0,1.0,0.0,923771.0,0.0,1.0
2331372.0,12.0,46.0,1500000.0,600000.0,182697.0,1.0,1.0,0.0,0.0,1210000.0,0.0,1.0
1276800.0,8.0,46.0,2100000.0,1000000.0,144942.0,4.0,3.0,0.0,0.0,923771.0,1.0,0.0
670200.0,4.0,36.0,5000000.0,2000000.0,134778.0,15.0,8.0,0.0,1.0,3968307.0,0.0,1.0
1276078.8,6.0,64.0,4433000.0,549000.0,191771.0,4.0,2.0,0.0,0.0,1856058.0,1.0,0.0
360000.0,6.0,38.0,2500000.0,280000.0,53736.0,8.0,1.0,0.0,5.0,1210000.0,0.0,1.0
6528198.0,3.0,56.0,2470000.0,0.0,1753437.0,4.0,3.0,0.0,0.0,1210000.0,0.0,1.0
1299564.0,6.0,25.0,1200000.0,300000.0,193196.0,2.0,0.0,0.0,0.0,1088543.0,1.0,0.0
444000.0,6.0,35.0,1200021.0,554000.0,66904.0,5.0,2.0,0.0,1.0,979306.0,0.0,1.0
1650205.2,6.0,66.0,1588000.0,34000.0,248411.0,0.0,0.0,0.0,0.0,966736.0,1.0,0.0
4061280.0,12.0,27.0,1500000.0,800000.0,318675.0,3.0,0.0,0.0,2.0,1645585.0,1.0,0.0
1055760.0,6.0,30.0,3000000.0,1000000.0,157332.0,3.0,3.0,0.0,0.0,924186.0,1.0,0.0
924000.0,18.0,21.0,2000000.0,250000.0,52771.0,10.0,2.0,0.0,8.0,1236885.0,1.0,0.0
649200.0,12.0,36.0,1200000.0,800000.0,51004.0,7.0,1.0,1.0,2.0,1205065.0,1.0,0.0
1865640.0,12.0,40.0,9000000.0,3500000.0,129558.0,7.0,4.0,0.0,1.0,939017.0,0.0,1.0
2864280.0,12.0,40.0,1350000.0,354000.0,224750.0,9.0,2.0,3.0,1.0,908526.0,1.0,0.0
1102800.0,6.0,51.0,1600000.0,800000.0,164610.0,4.0,1.0,0.0,1.0,1733312.0,1.0,0.0
1200000.0,6.0,40.0,3000000.0,200000.0,178516.0,4.0,1.0,0.0,1.0,1079043.0,1.0,0.0
1414933.2,6.0,22.0,2440000.0,650000.0,215514.0,3.0,1.0,1.0,0.0,1210000.0,1.0,0.0
4333800.0,12.0,52.0,3500000.0,1000000.0,300958.0,3.0,0.0,0.0,1.0,2081818.0,0.0,1.0
1234680.0,12.0,29.0,2456000.0,500000.0,97162.0,10.0,2.0,1.0,5.0,2653996.0,1.0,0.0
1569456.0,11.0,24.0,3000000.0,2000000.0,122247.0,7.0,0.0,1.0,5.0,1067565.0,1.0,0.0
6455161.2,24.0,35.0,4500000.0,7500000.0,282195.0,2.0,1.0,0.0,0.0,2932333.0,1.0,0.0
588000.0,6.0,55.0,1200000.0,500000.0,87413.0,3.0,2.0,1.0,0.0,916148.0,1.0,0.0
1200000.0,6.0,34.0,3500000.0,1000000.0,178111.0,5.0,1.0,0.0,2.0,2349637.0,1.0,0.0
1546680.0,12.0,38.0,2000000.0,800000.0,107408.0,1.0,1.0,0.0,0.0,1588905.0,1.0,0.0
2236298.4,10.0,23.0,3000000.0,2000000.0,192439.0,5.0,4.0,0.0,0.0,1210000.0,0.0,1.0
1185660.0,8.0,38.0,5000000.0,2000000.0,123821.0,14.0,10.0,0.0,3.0,941789.0,0.0,1.0
1267081.2,6.0,49.0,2000000.0,500000.0,175984.0,15.0,5.0,0.0,6.0,908526.0,0.0,1.0
4263600.0,36.0,52.0,3500000.0,1000000.0,137406.0,5.0,1.0,0.0,1.0,1210000.0,0.0,1.0
5976981.6,9.0,56.0,37603333.0,32332666.0,558198.0,17.0,10.0,1.0,1.0,2633409.0,0.0,1.0
1571880.0,12.0,37.0,3690000.0,645000.0,126519.0,8.0,2.0,0.0,2.0,966736.0,0.0,1.0
2925120.0,12.0,42.0,4000000.0,2000000.0,229085.0,7.0,3.0,1.0,1.0,1210000.0,0.0,1.0
956820.0,6.0,32.0,2500000.0,1000000.0,142017.0,4.0,2.0,0.0,2.0,923771.0,0.0,1.0
792000.0,12.0,40.0,17680000.0,4397000.0,55000.0,11.0,6.0,0.0,0.0,8537229.0,1.0,0.0
2605680.0,24.0,32.0,1800000.0,560000.0,113473.0,4.0,1.0,0.0,3.0,1361785.0,1.0,0.0
1136872.8,9.0,67.0,2150000.0,168000.0,110538.0,4.0,2.0,0.0,1.0,1210000.0,1.0,0.0
4229760.0,12.0,28.0,2000000.0,150000.0,293733.0,2.0,1.0,0.0,0.0,1076534.0,1.0,0.0
1771200.0,6.0,36.0,8770000.0,4437000.0,267520.0,15.0,8.0,1.0,2.0,972857.0,0.0,1.0
2646000.0,12.0,46.0,5000000.0,500000.0,206931.0,4.0,1.0,0.0,1.0,1210000.0,0.0,1.0
870000.0,8.0,36.0,3030000.0,154000.0,99813.0,5.0,1.0,0.0,2.0,1086175.0,1.0,0.0
3820020.0,12.0,57.0,5000000.0,2600000.0,300462.0,6.0,4.0,0.0,0.0,1210000.0,0.0,1.0
2189680.8,10.0,31.0,2500000.0,1000000.0,185913.0,5.0,2.0,0.0,1.0,916841.0,0.0,1.0
1152000.0,12.0,61.0,1200000.0,0.0,90221.0,8.0,1.0,0.0,6.0,1210000.0,0.0,1.0
5884359.6,9.0,47.0,4500000.0,1800000.0,552709.0,5.0,4.0,1.0,0.0,3584848.0,1.0,0.0
4624800.0,6.0,60.0,2500000.0,450000.0,687806.0,1.0,1.0,0.0,0.0,1210000.0,1.0,0.0
1724410.8,10.0,24.0,3000000.0,1000000.0,146410.0,6.0,2.0,0.0,3.0,2287878.0,1.0,0.0
1657200.0,6.0,42.0,5000000.0,1200000.0,246139.0,4.0,2.0,0.0,0.0,1727777.0,0.0,1.0
3135600.0,6.0,36.0,3640000.0,67000.0,469599.0,2.0,1.0,0.0,0.0,3994512.0,1.0,0.0
2400000.0,12.0,36.0,7000000.0,300000.0,188307.0,3.0,2.0,0.0,0.0,4971005.0,1.0,0.0
1468078.8,10.0,23.0,1500000.0,800000.0,124646.0,8.0,2.0,0.0,3.0,1178895.0,1.0,0.0
2059080.0,10.0,43.0,2000000.0,300000.0,190539.0,8.0,0.0,0.0,7.0,1445783.0,1.0,0.0
1200000.0,12.0,27.0,1100000.0,400000.0,94199.0,3.0,0.0,0.0,3.0,923723.0,1.0,0.0
679122.0,12.0,38.0,3500000.0,3000000.0,47161.0,6.0,4.0,0.0,0.0,1210000.0,0.0,1.0
4524000.0,6.0,53.0,12870000.0,11353000.0,681014.0,25.0,16.0,3.0,4.0,969508.0,0.0,1.0
1383480.0,12.0,62.0,1200000.0,400000.0,108557.0,5.0,2.0,0.0,2.0,908526.0,1.0,0.0
1739880.0,18.0,31.0,2440000.0,806000.0,100578.0,4.0,0.0,1.0,1.0,1336510.0,1.0,0.0
1491702.0,12.0,56.0,1200000.0,650000.0,117049.0,4.0,2.0,1.0,1.0,1210000.0,0.0,1.0
821208.0,5.0,35.0,5000000.0,2000000.0,133302.0,6.0,2.0,0.0,2.0,992550.0,1.0,0.0
1439880.0,6.0,38.0,2000000.0,700000.0,214056.0,6.0,2.0,0.0,2.0,1210000.0,0.0,1.0
11712000.0,12.0,49.0,25000000.0,10000000.0,916114.0,24.0,13.0,0.0,8.0,1950000.0,0.0,1.0
2645760.0,10.0,42.0,1500000.0,300000.0,244170.0,0.0,0.0,0.0,0.0,1172243.0,1.0,0.0
1295880.0,6.0,42.0,3500000.0,1200000.0,193128.0,9.0,6.0,0.0,0.0,1210000.0,1.0,0.0
480000.0,6.0,47.0,2000000.0,500000.0,71261.0,2.0,0.0,0.0,1.0,504737.0,1.0,0.0
2033880.0,6.0,31.0,2200000.0,600000.0,301880.0,3.0,2.0,0.0,0.0,2036237.0,1.0,0.0
1811911.2,9.0,46.0,4000000.0,2000000.0,169784.0,12.0,7.0,1.0,2.0,1450000.0,0.0,1.0
8498400.0,36.0,31.0,2500000.0,200000.0,280166.0,6.0,2.0,1.0,2.0,1624103.0,1.0,0.0
2839174.8,12.0,37.0,5000000.0,1000000.0,223314.0,15.0,2.0,0.0,6.0,1210000.0,1.0,0.0
1037700.0,6.0,63.0,1500000.0,400000.0,153916.0,6.0,0.0,0.0,4.0,1210000.0,0.0,1.0
590929.2,6.0,43.0,1897917.0,14000.0,89253.0,2.0,0.0,1.0,1.0,1977103.0,1.0,0.0
2910180.0,6.0,27.0,4200000.0,1500000.0,432241.0,4.0,0.0,2.0,1.0,4332422.0,1.0,0.0
2414400.0,10.0,121.0,271145000.0,19632000.0,204456.0,5.0,3.0,0.0,0.0,1210000.0,1.0,0.0
1716841.2,6.0,43.0,3500000.0,2000000.0,255172.0,4.0,3.0,0.0,1.0,2456804.0,1.0,0.0
2564640.0,12.0,38.0,1500000.0,200000.0,201473.0,2.0,0.0,0.0,2.0,885754.0,1.0,0.0
3924999.5999999996,6.0,39.0,8320000.0,2571000.0,590785.0,6.0,4.0,0.0,2.0,1210000.0,0.0,1.0
2820618.0,8.0,32.0,8000000.0,1500000.0,320196.0,4.0,3.0,0.0,0.0,4610318.0,0.0,1.0
3129600.0,6.0,35.0,10000000.0,2000000.0,464831.0,7.0,5.0,0.0,1.0,1010210.0,0.0,1.0
2645760.0,24.0,36.0,1600000.0,600000.0,115254.0,1.0,0.0,0.0,1.0,1600000.0,1.0,0.0
7818556.8,6.0,35.0,15000000.0,6000000.0,1158472.0,6.0,6.0,0.0,0.0,615632.0,0.0,1.0
2678854.8,30.0,33.0,5434392.0,2000000.0,98310.0,5.0,1.0,0.0,2.0,4481653.0,1.0,0.0
900662.4,10.0,42.0,4605000.0,2403000.0,79837.0,12.0,6.0,1.0,3.0,1210000.0,1.0,0.0
2958238.8,24.0,46.0,3804000.0,3360000.0,141692.0,19.0,7.0,4.0,6.0,6576075.0,1.0,0.0
2946660.0,6.0,60.0,2500000.0,700000.0,437659.0,10.0,6.0,0.0,0.0,1210000.0,1.0,0.0
378000.0,6.0,32.0,2000000.0,100000.0,56825.0,2.0,1.0,0.0,1.0,1775920.0,1.0,0.0
600000.0,6.0,34.0,801565.0,969000.0,90506.0,7.0,2.0,2.0,1.0,801565.0,0.0,1.0
1131600.0,6.0,65.0,4199000.0,400000.0,172636.0,5.0,2.0,1.0,1.0,1605201.0,1.0,0.0
8094123.6,10.0,26.0,4790000.0,12652000.0,696269.0,11.0,3.0,0.0,5.0,983333.0,1.0,0.0
1724880.0,24.0,55.0,1200000.0,236000.0,76847.0,3.0,1.0,0.0,1.0,1210000.0,0.0,1.0
509902.8,8.0,37.0,1200000.0,350000.0,58779.0,1.0,0.0,1.0,0.0,987951.0,1.0,0.0
1707240.0,6.0,60.0,8000000.0,3000000.0,253732.0,7.0,5.0,0.0,2.0,931394.0,0.0,1.0
1800000.0,18.0,48.0,3500000.0,1500000.0,100494.0,7.0,6.0,0.0,0.0,763389.0,0.0,1.0
5128486.8,10.0,65.0,154014666.0,75633000.0,437718.0,7.0,5.0,0.0,2.0,6047155.0,1.0,0.0
1269000.0,5.0,50.0,4000000.0,2000000.0,205691.0,11.0,5.0,0.0,3.0,1210000.0,0.0,1.0
1068000.0,6.0,26.0,2190000.0,949000.0,161308.0,5.0,4.0,0.0,1.0,1092647.0,1.0,0.0
2013514.7999999998,9.0,62.0,4000000.0,0.0,188225.0,15.0,14.0,0.0,0.0,10400986.0,1.0,0.0
8400000.0,36.0,46.0,1820000.0,0.0,283528.0,0.0,0.0,0.0,0.0,1210000.0,0.0,1.0
1269000.0,3.0,56.0,4000000.0,2000000.0,336701.0,9.0,8.0,0.0,0.0,2142665.0,0.0,1.0
1716000.0,18.0,31.0,1700000.0,140000.0,97069.0,1.0,0.0,0.0,1.0,31496.0,1.0,0.0
3257761.1999999997,12.0,48.0,3500000.0,1800000.0,256238.0,7.0,4.0,0.0,2.0,3232809.0,1.0,0.0
792000.0,6.0,56.0,8400000.0,3542000.0,120029.0,9.0,5.0,0.0,1.0,983368.0,0.0,1.0
722280.0,6.0,44.0,2000000.0,1500000.0,107424.0,5.0,2.0,0.0,0.0,1899604.0,1.0,0.0
2529672.0,2.0,55.0,3200000.0,1100000.0,997870.0,8.0,5.0,0.0,2.0,6103857.0,1.0,0.0
2086680.0,24.0,39.0,5880000.0,4108000.0,98845.0,10.0,4.0,1.0,1.0,8216580.0,1.0,0.0
3465360.0,6.0,26.0,5000000.0,1880000.0,514700.0,20.0,9.0,0.0,3.0,1259916.0,1.0,0.0
2220000.0,8.0,38.0,1500000.0,400000.0,254696.0,4.0,2.0,0.0,1.0,600000.0,0.0,1.0
1260000.0,12.0,28.0,1400000.0,0.0,100495.0,9.0,2.0,0.0,4.0,1499609.0,1.0,0.0
1044000.0,6.0,30.0,3800000.0,1000000.0,155834.0,4.0,1.0,0.0,1.0,3461533.0,1.0,0.0
3835200.0,10.0,41.0,6000000.0,1800000.0,354518.0,2.0,1.0,0.0,0.0,1210000.0,0.0,1.0
3960240.0,6.0,45.0,3686000.0,3318000.0,593101.0,6.0,3.0,0.0,1.0,1210000.0,0.0,1.0
2879880.0,12.0,63.0,4000000.0,1000000.0,199992.0,2.0,1.0,0.0,0.0,1210000.0,0.0,1.0
816000.0,18.0,41.0,1500000.0,300000.0,45110.0,6.0,0.0,2.0,2.0,1210000.0,0.0,1.0
2400000.0,8.0,27.0,1290000.0,128000.0,278338.0,4.0,0.0,1.0,0.0,977131.0,0.0,1.0
2883240.0,12.0,35.0,2500000.0,1000000.0,227897.0,7.0,4.0,0.0,1.0,1210000.0,1.0,0.0
878880.0,5.0,42.0,5000000.0,2000000.0,142664.0,12.0,6.0,0.0,3.0,936300.0,0.0,1.0
7500000.0,12.0,52.0,10000000.0,1250000.0,590208.0,7.0,3.0,0.0,1.0,963410.0,0.0,1.0
2543881.1999999997,12.0,63.0,5000000.0,2000000.0,200107.0,10.0,7.0,0.0,0.0,1210000.0,0.0,1.0
1079530.8,11.0,56.0,1200000.0,600000.0,91398.0,2.0,1.0,0.0,1.0,1210000.0,0.0,1.0
1524000.0,6.0,42.0,5000000.0,1800000.0,227125.0,4.0,3.0,0.0,0.0,1100175.0,0.0,1.0
1367760.0,6.0,39.0,5000000.0,1000000.0,203346.0,2.0,0.0,0.0,0.0,1210000.0,1.0,0.0
5427180.0,8.0,39.0,8500000.0,4000000.0,616807.0,9.0,5.0,0.0,1.0,3135555.0,1.0,0.0
517914.0,6.0,33.0,1230000.0,520000.0,77565.0,2.0,0.0,1.0,1.0,941789.0,1.0,0.0
720000.0,12.0,33.0,3241000.0,900000.0,56527.0,7.0,6.0,0.0,0.0,3326378.0,1.0,0.0
2426630.4,12.0,38.0,3000000.0,1000000.0,193574.0,6.0,0.0,1.0,3.0,1654545.0,1.0,0.0
2018844.0,12.0,30.0,1555000.0,350000.0,158872.0,3.0,2.0,0.0,0.0,1127667.0,1.0,0.0
2219974.8,10.0,42.0,2500000.0,1000000.0,188486.0,1.0,1.0,0.0,0.0,1210000.0,0.0,1.0
1185660.0,7.0,43.0,4000000.0,2000000.0,139967.0,8.0,4.0,0.0,2.0,945115.0,0.0,1.0
2760000.0,36.0,68.0,2500000.0,500000.0,89921.0,7.0,3.0,0.0,3.0,916148.0,1.0,0.0
1244425.2,12.0,52.0,2600000.0,500000.0,100359.0,6.0,4.0,0.0,0.0,1210000.0,1.0,0.0
1926900.0,12.0,27.0,4000000.0,800000.0,151197.0,5.0,4.0,0.0,1.0,3600000.0,1.0,0.0
3491880.0,6.0,32.0,2560000.0,510000.0,521219.0,4.0,1.0,0.0,1.0,1000000.0,0.0,1.0
2734680.0,12.0,39.0,1500000.0,500000.0,189908.0,7.0,5.0,0.0,0.0,1673761.0,1.0,0.0
2400000.0,6.0,46.0,12000000.0,3000000.0,356709.0,5.0,3.0,0.0,1.0,1210000.0,0.0,1.0
3000000.0,36.0,37.0,4698000.0,804000.0,114534.0,1.0,1.0,0.0,0.0,3383603.0,1.0,0.0
1271880.0,6.0,46.0,3490000.0,120000.0,191442.0,3.0,1.0,0.0,2.0,969508.0,1.0,0.0
552000.0,6.0,41.0,1700000.0,200000.0,81845.0,2.0,1.0,0.0,0.0,1023151.0,1.0,0.0
6000000.0,36.0,51.0,4524000.0,519000.0,224946.0,1.0,1.0,0.0,0.0,1210000.0,0.0,1.0
1641846.0,10.0,30.0,2200000.0,80000010.0,139254.0,4.0,2.0,0.0,2.0,2433424.0,1.0,0.0
830400.0,8.0,53.0,4000000.0,1000000.0,94267.0,2.0,0.0,0.0,2.0,1210000.0,0.0,1.0
3600000.0,12.0,65.0,2000000.0,300000.0,283300.0,4.0,3.0,0.0,1.0,916148.0,0.0,1.0
2040000.0,6.0,31.0,2157000.0,402000.0,312761.0,4.0,1.0,0.0,1.0,857143.0,0.0,1.0
671040.0,12.0,33.0,15000000.0,7000000.0,46600.0,6.0,2.0,0.0,2.0,10118818.0,1.0,0.0
4032000.0,12.0,32.0,3500000.0,1500000.0,317165.0,6.0,5.0,0.0,0.0,1557404.0,1.0,0.0
2007814.7999999998,10.0,40.0,877803.0,228000.0,172715.0,8.0,4.0,0.0,3.0,1066006.0,0.0,1.0
821208.0,5.0,56.0,5000000.0,2000000.0,133302.0,9.0,3.0,0.0,3.0,1210000.0,0.0,1.0
1604400.0,2.0,51.0,4000000.0,2000000.0,633160.0,13.0,7.0,2.0,2.0,1200000.0,0.0,1.0
4065146.4,3.0,33.0,2500000.0,1000000.0,1078806.0,5.0,2.0,0.0,0.0,908526.0,0.0,1.0
1999677.5999999999,9.0,23.0,2000000.0,1000000.0,186753.0,1.0,0.0,0.0,1.0,1210000.0,0.0,1.0
5607116.399999999,36.0,31.0,1431000.0,700000.0,184849.0,5.0,2.0,0.0,2.0,1255671.0,1.0,0.0
4411632.0,12.0,41.0,2810000.0,1171000.0,358137.0,8.0,4.0,0.0,0.0,1193383.0,1.0,0.0
2696400.0,10.0,67.0,5000000.0,2000000.0,251461.0,4.0,1.0,0.0,2.0,1210000.0,0.0,1.0
1269000.0,5.0,52.0,4000000.0,2000000.0,205691.0,5.0,1.0,0.0,4.0,1210000.0,0.0,1.0
2359080.0,6.0,38.0,7500000.0,2500000.0,350706.0,3.0,2.0,0.0,0.0,4970262.0,1.0,0.0
1143631.2,8.0,54.0,5000000.0,2000000.0,119174.0,5.0,4.0,0.0,1.0,1210000.0,1.0,0.0
2053549.2,9.0,40.0,4000000.0,2800000.0,191784.0,18.0,13.0,0.0,1.0,4805525.0,1.0,0.0
3573840.0,6.0,27.0,3700000.0,130000.0,531295.0,7.0,5.0,0.0,1.0,1314285.0,1.0,0.0
3328680.0,12.0,33.0,2300000.0,800000.0,231158.0,1.0,1.0,0.0,0.0,1200000.0,1.0,0.0
2414062.8,9.0,34.0,8100000.0,10824000.0,228376.0,8.0,7.0,0.0,0.0,4290732.0,1.0,0.0
3688680.0,18.0,29.0,3000000.0,700000.0,203796.0,6.0,3.0,0.0,1.0,3603340.0,1.0,0.0
6803160.0,10.0,35.0,7000000.0,2000000.0,627846.0,8.0,2.0,0.0,0.0,1210000.0,1.0,0.0
2888496.0,9.0,43.0,2000000.0,1500000.0,271312.0,6.0,3.0,0.0,1.0,2890781.0,1.0,0.0
1027200.0,6.0,50.0,7013000.0,3300000.0,155146.0,7.0,3.0,0.0,1.0,1426058.0,0.0,1.0
639900.0,6.0,49.0,2000000.0,600000.0,94878.0,8.0,3.0,0.0,4.0,1210000.0,0.0,1.0
6406303.2,8.0,63.0,3750000.0,3500000.0,727513.0,6.0,6.0,0.0,0.0,3507500.0,1.0,0.0
803016.0,6.0,46.0,3000000.0,500000.0,119107.0,5.0,3.0,0.0,0.0,4129090.0,1.0,0.0
7215000.0,6.0,46.0,3340000.0,1341000.0,1093445.0,2.0,2.0,0.0,0.0,1210000.0,1.0,0.0
2849280.0,18.0,56.0,2000000.0,600000.0,157420.0,7.0,4.0,1.0,2.0,916841.0,0.0,1.0
3017808.0,12.0,36.0,2000000.0,1000000.0,236053.0,5.0,5.0,0.0,0.0,4146138.0,1.0,0.0
639708.0,6.0,61.0,3800000.0,400000.0,94946.0,4.0,1.0,1.0,1.0,1210000.0,0.0,1.0
1712293.2,4.0,62.0,4000000.0,3000000.0,344176.0,5.0,2.0,0.0,1.0,1210000.0,1.0,0.0
8400000.0,36.0,25.0,4000000.0,0.0,278988.0,8.0,4.0,0.0,4.0,233334.0,1.0,0.0
2494094.4,9.0,68.0,2200000.0,1800000.0,233150.0,6.0,3.0,0.0,0.0,1210000.0,1.0,0.0
4532400.0,36.0,63.0,2575000.0,34000.0,171015.0,3.0,2.0,1.0,0.0,2891942.0,1.0,0.0
1048680.0,6.0,29.0,3600000.0,1500000.0,156287.0,8.0,4.0,1.0,1.0,3456249.0,1.0,0.0
4667520.0,12.0,31.0,10000000.0,3500000.0,324133.0,4.0,1.0,0.0,0.0,1500000.0,1.0,0.0
540000.0,6.0,55.0,2200000.0,1000000.0,80066.0,5.0,4.0,0.0,1.0,1648756.0,1.0,0.0
2400000.0,18.0,50.0,2290000.0,344000.0,138740.0,5.0,2.0,0.0,1.0,1210000.0,1.0,0.0
1200000.0,6.0,61.0,2800000.0,650000.0,178354.0,4.0,1.0,0.0,1.0,1461363.0,1.0,0.0
1596874.8,3.0,36.0,4000000.0,2000000.0,423530.0,4.0,1.0,0.0,3.0,1210000.0,1.0,0.0
4560000.0,6.0,46.0,14000000.0,7000000.0,677900.0,7.0,3.0,0.0,3.0,1050000.0,0.0,1.0
1771920.0,18.0,34.0,1580000.0,363000.0,102430.0,4.0,0.0,1.0,0.0,1769570.0,1.0,0.0
1550580.0,6.0,57.0,1500000.0,300000.0,230617.0,5.0,0.0,1.0,2.0,908526.0,0.0,1.0
1580259.5999999999,6.0,58.0,1000000.0,300000.0,235098.0,8.0,5.0,0.0,3.0,1210000.0,0.0,1.0
2280000.0,6.0,55.0,3000000.0,1000000.0,338642.0,19.0,7.0,0.0,8.0,916841.0,1.0,0.0
3240000.0,6.0,33.0,4720000.0,99000.0,489362.0,6.0,5.0,0.0,0.0,3690909.0,0.0,1.0
1826281.2,12.0,43.0,2800000.0,1000000.0,126825.0,5.0,3.0,0.0,0.0,1210000.0,0.0,1.0
3048000.0,6.0,60.0,4000000.0,2000000.0,452691.0,8.0,6.0,0.0,2.0,916841.0,0.0,1.0
964018.7999999999,4.0,33.0,2000000.0,700000.0,193865.0,3.0,2.0,0.0,1.0,1210000.0,0.0,1.0
1364640.0,8.0,33.0,3500000.0,2500000.0,155172.0,12.0,12.0,0.0,0.0,3000000.0,1.0,0.0
2324523.6,18.0,63.0,2000000.0,600000.0,128962.0,2.0,1.0,0.0,0.0,1000000.0,0.0,1.0
1311600.0,6.0,46.0,3500000.0,2000000.0,197163.0,5.0,2.0,0.0,2.0,1210000.0,0.0,1.0
1550281.2,12.0,60.0,2000000.0,1000000.0,122551.0,8.0,3.0,0.0,3.0,1210000.0,0.0,1.0
4064580.0,6.0,45.0,2534000.0,768000.0,614731.0,9.0,5.0,0.0,3.0,740000.0,0.0,1.0
1211907.5999999999,10.0,29.0,2000000.0,800000.0,103058.0,11.0,5.0,0.0,4.0,1033172.0,1.0,0.0
1554871.2,8.0,29.0,1500000.0,800000.0,179237.0,1.0,0.0,0.0,1.0,908526.0,0.0,1.0
1890000.0,8.0,28.0,3600000.0,2000000.0,214447.0,3.0,3.0,0.0,0.0,1902223.0,1.0,0.0
1269000.0,2.0,53.0,5000000.0,2000000.0,500578.0,7.0,4.0,0.0,2.0,933473.0,0.0,1.0
1398051.5999999999,9.0,44.0,3500000.0,900000.0,131066.0,4.0,1.0,0.0,2.0,1210000.0,0.0,1.0
2365081.1999999997,12.0,64.0,2000000.0,600000.0,164242.0,6.0,3.0,0.0,0.0,908526.0,1.0,0.0
2012280.0,12.0,48.0,2800000.0,1500000.0,139742.0,2.0,2.0,0.0,0.0,1210000.0,0.0,1.0
1269000.0,5.0,22.0,4000000.0,2000000.0,205691.0,2.0,1.0,0.0,1.0,1210000.0,0.0,1.0
960000.0,6.0,59.0,3800000.0,800000.0,142586.0,0.0,0.0,0.0,0.0,1210000.0,0.0,1.0
1459380.0,12.0,67.0,1000000.0,500000.0,114646.0,4.0,2.0,1.0,1.0,2012063.0,1.0,0.0
3264000.0,6.0,43.0,5000000.0,2500000.0,484793.0,12.0,8.0,0.0,2.0,1500000.0,0.0,1.0
3739986.0,10.0,41.0,1720000.0,0.0,321719.0,1.0,0.0,0.0,0.0,1210000.0,0.0,1.0
3750000.0,6.0,40.0,4000000.0,2000000.0,559747.0,7.0,1.0,2.0,1.0,1866694.0,0.0,1.0
3248432.4,10.0,45.0,3500000.0,2000000.0,275517.0,0.0,0.0,0.0,0.0,916841.0,0.0,1.0
1119984.0,6.0,42.0,3000000.0,450000.0,166903.0,5.0,4.0,0.0,0.0,2140601.0,1.0,0.0
4532400.0,36.0,46.0,1856000.0,626000.0,171015.0,6.0,1.0,0.0,2.0,1300000.0,1.0,0.0
2604000.0,24.0,34.0,3700000.0,1200000.0,113837.0,7.0,3.0,2.0,0.0,3642489.0,1.0,0.0
3600000.0,36.0,36.0,2215000.0,294000.0,136947.0,3.0,0.0,2.0,1.0,1250000.0,1.0,0.0
600000.0,12.0,36.0,1800000.0,50000.0,47280.0,2.0,0.0,1.0,1.0,916842.0,1.0,0.0
1383481.2,6.0,22.0,1900000.0,350000.0,205337.0,4.0,1.0,0.0,0.0,1380000.0,1.0,0.0
1890050.4,11.0,37.0,3100000.0,1450000.0,146799.0,4.0,1.0,0.0,2.0,1210000.0,1.0,0.0
3600000.0,36.0,51.0,3150000.0,928000.0,135339.0,9.0,4.0,0.0,2.0,2365068.0,1.0,0.0
2880000.0,6.0,47.0,12000000.0,4000000.0,428317.0,7.0,6.0,0.0,0.0,950105.0,1.0,0.0
3743040.0,6.0,46.0,3800000.0,1500000.0,556701.0,9.0,4.0,0.0,2.0,1210000.0,1.0,0.0
480000.0,6.0,32.0,2000000.0,150000.0,71196.0,9.0,3.0,0.0,1.0,1926846.0,1.0,0.0
2009880.0,12.0,36.0,1800000.0,0.0,139575.0,9.0,6.0,0.0,0.0,1358761.0,1.0,0.0
4532400.0,36.0,61.0,2204000.0,56000.0,171015.0,1.0,0.0,0.0,1.0,1355281.0,1.0,0.0
3119760.0,12.0,34.0,3500000.0,1900000.0,216650.0,11.0,7.0,0.0,0.0,1800000.0,1.0,0.0
1878129.5999999999,6.0,50.0,1730000.0,41000.0,286065.0,2.0,0.0,0.0,1.0,718031.0,1.0,0.0
1941420.0,12.0,35.0,2500000.0,450000.0,152326.0,8.0,7.0,0.0,0.0,1192552.0,1.0,0.0
4086720.0,12.0,39.0,4500000.0,2000000.0,320671.0,7.0,4.0,0.0,0.0,1251237.0,0.0,1.0
3116400.0,6.0,45.0,7000000.0,1500000.0,462068.0,12.0,9.0,0.0,1.0,908526.0,0.0,1.0
14400000.0,8.0,46.0,20000000.0,10000000.0,1652079.0,8.0,4.0,0.0,2.0,961885.0,0.0,1.0
718800.0,8.0,33.0,1500000.0,700000.0,81550.0,0.0,0.0,0.0,0.0,783063.0,1.0,0.0
688800.0,6.0,41.0,4000000.0,1000000.0,103157.0,21.0,4.0,0.0,16.0,2624338.0,0.0,1.0
3032280.0,6.0,36.0,4000000.0,940000.0,450786.0,11.0,6.0,0.0,3.0,1210000.0,1.0,0.0
1129440.0,3.0,57.0,4000000.0,2000000.0,299379.0,3.0,0.0,0.0,3.0,1210000.0,0.0,1.0
1848000.0,6.0,38.0,2040000.0,958000.0,278466.0,5.0,3.0,0.0,0.0,1210000.0,1.0,0.0
1852680.0,12.0,35.0,2000000.0,830000.0,128658.0,4.0,2.0,0.0,1.0,1720788.0,1.0,0.0
3317520.0,12.0,66.0,4900000.0,1500000.0,260315.0,6.0,2.0,0.0,2.0,5130322.0,1.0,0.0
2050800.0,8.0,59.0,3306000.0,0.0,240911.0,2.0,0.0,0.0,2.0,1210000.0,1.0,0.0
1252800.0,6.0,63.0,2800000.0,1295000.0,189864.0,4.0,0.0,1.0,1.0,1210000.0,0.0,1.0
780000.0,6.0,31.0,2000000.0,350000.0,115957.0,3.0,0.0,0.0,2.0,1279277.0,0.0,1.0
1059600.0,12.0,31.0,1200000.0,400000.0,83178.0,0.0,0.0,0.0,0.0,1212517.0,1.0,0.0
4408256.399999999,10.0,36.0,1900000.0,113000.0,388755.0,2.0,1.0,0.0,0.0,1000000.0,1.0,0.0
5078400.0,36.0,58.0,5000000.0,1500000.0,164202.0,13.0,9.0,0.0,3.0,1820000.0,1.0,0.0
1384335.5999999999,11.0,50.0,13000000.0,6000000.0,107828.0,5.0,2.0,2.0,0.0,8953105.0,1.0,0.0
1414800.0,12.0,44.0,1300000.0,500000.0,111349.0,2.0,0.0,1.0,1.0,1259976.0,1.0,0.0
1308000.0,6.0,37.0,6000000.0,2900000.0,195240.0,18.0,12.0,0.0,3.0,6857505.0,1.0,0.0
4904454.0,12.0,53.0,1500000.0,800000.0,384100.0,5.0,3.0,0.0,0.0,30285.0,1.0,0.0
2275824.0,24.0,52.0,2700000.0,700000.0,100044.0,6.0,2.0,0.0,1.0,2633410.0,1.0,0.0
2546400.0,12.0,34.0,2500000.0,100000.0,204473.0,3.0,3.0,0.0,0.0,1333333.0,1.0,0.0
2708408.4,9.0,43.0,1800000.0,980000.0,253911.0,3.0,2.0,0.0,0.0,1210000.0,1.0,0.0
600000.0,6.0,32.0,4800000.0,3000000.0,90409.0,13.0,4.0,0.0,8.0,3276000.0,1.0,0.0
1958760.0,6.0,28.0,1500000.0,1000000.0,290398.0,2.0,1.0,0.0,0.0,1088229.0,1.0,0.0
3816000.0,6.0,31.0,5000000.0,1000000.0,567329.0,5.0,3.0,0.0,0.0,933473.0,0.0,1.0
1464960.0,6.0,52.0,1500000.0,550000.0,218669.0,3.0,0.0,0.0,0.0,1688223.0,1.0,0.0
2501520.0,6.0,36.0,6000000.0,1500000.0,371797.0,6.0,3.0,0.0,2.0,3667472.0,1.0,0.0
4847880.0,12.0,34.0,13000000.0,2000000.0,336658.0,8.0,6.0,0.0,0.0,8267585.0,1.0,0.0
1502400.0,12.0,54.0,5200000.0,2800000.0,117741.0,8.0,6.0,0.0,1.0,1210000.0,0.0,1.0
1269000.0,5.0,66.0,5000000.0,2000000.0,205870.0,1.0,0.0,0.0,0.0,931394.0,1.0,0.0
1101966.0,6.0,41.0,1540000.0,106000.0,167005.0,3.0,2.0,0.0,0.0,984754.0,1.0,0.0
2884800.0,18.0,51.0,1300000.0,400000.0,160329.0,5.0,2.0,1.0,0.0,1334132.0,1.0,0.0
3908580.0,8.0,37.0,3100000.0,800000.0,444473.0,4.0,2.0,0.0,1.0,1210000.0,1.0,0.0
1477980.0,12.0,35.0,1500000.0,700000.0,115827.0,6.0,2.0,0.0,0.0,1210000.0,0.0,1.0
1385400.0,6.0,67.0,4500000.0,1000000.0,205413.0,6.0,3.0,0.0,2.0,1210000.0,0.0,1.0
1647480.0,6.0,24.0,1200000.0,300000.0,245512.0,4.0,1.0,0.0,1.0,804580.0,1.0,0.0
3733278.0,12.0,51.0,5000000.0,200000.0,293059.0,8.0,2.0,2.0,1.0,900845.0,1.0,0.0
2274804.0,10.0,65.0,7000000.0,4500000.0,193445.0,7.0,5.0,0.0,0.0,1210000.0,1.0,0.0
2856360.0,6.0,27.0,5780000.0,1932000.0,427779.0,3.0,1.0,1.0,0.0,3408056.0,1.0,0.0
2477400.0,8.0,61.0,1000000.0,410000.0,280988.0,4.0,2.0,1.0,1.0,908526.0,1.0,0.0
1736228.4,11.0,44.0,2500000.0,1500000.0,135237.0,4.0,2.0,1.0,0.0,950000.0,0.0,1.0
1604400.0,5.0,56.0,5000000.0,2000000.0,260433.0,6.0,3.0,1.0,2.0,933473.0,0.0,1.0
2785215.6,9.0,41.0,10000000.0,8000000.0,260115.0,4.0,2.0,0.0,2.0,3500000.0,0.0,1.0
1116000.0,6.0,26.0,1200000.0,240000.0,167151.0,1.0,1.0,0.0,0.0,1210000.0,0.0,1.0
960000.0,12.0,30.0,1800000.0,207000.0,77095.0,3.0,1.0,0.0,1.0,954263.0,1.0,0.0
4931640.0,36.0,51.0,3645000.0,2369000.0,171218.0,6.0,3.0,0.0,1.0,3670583.0,1.0,0.0
1631760.0,12.0,57.0,1000000.0,400000.0,113317.0,2.0,1.0,0.0,1.0,1210000.0,0.0,1.0
1499880.0,24.0,34.0,1840000.0,1417000.0,69498.0,5.0,2.0,0.0,2.0,800000.0,1.0,0.0
3248400.0,18.0,23.0,2000000.0,100000.0,180245.0,10.0,3.0,0.0,3.0,695907.0,1.0,0.0
1080000.0,6.0,62.0,4760000.0,1500000.0,161759.0,32.0,28.0,0.0,4.0,946640.0,1.0,0.0
1417704.0,10.0,33.0,4500000.0,3000000.0,120685.0,4.0,1.0,0.0,1.0,1699881.0,1.0,0.0
2352000.0,12.0,36.0,6000000.0,3000000.0,188863.0,9.0,6.0,0.0,0.0,1116749.0,0.0,1.0
1010280.0,6.0,43.0,3500000.0,1000000.0,150191.0,4.0,1.0,0.0,1.0,933473.0,1.0,0.0
2085600.0,12.0,28.0,1400000.0,0.0,164868.0,2.0,0.0,1.0,0.0,1220555.0,1.0,0.0
1668960.0,12.0,36.0,2500000.0,950000.0,115900.0,1.0,1.0,0.0,0.0,2909791.0,1.0,0.0
12000000.0,8.0,26.0,20000000.0,4000000.0,1363334.0,4.0,2.0,0.0,2.0,977131.0,1.0,0.0
1168800.0,6.0,46.0,4000000.0,1600000.0,173717.0,19.0,12.0,1.0,0.0,1210000.0,0.0,1.0
780000.0,6.0,39.0,3500000.0,2000000.0,116427.0,4.0,2.0,1.0,0.0,1210000.0,0.0,1.0
2608800.0,6.0,30.0,3500000.0,1200000.0,386545.0,6.0,5.0,0.0,0.0,2000000.0,0.0,1.0
1679880.0,6.0,61.0,3000000.0,600000.0,249394.0,9.0,4.0,1.0,4.0,967608.0,1.0,0.0
1794153.5999999999,10.0,68.0,4000000.0,2000000.0,152731.0,7.0,3.0,0.0,4.0,1222499.0,0.0,1.0
1155600.0,6.0,48.0,2500000.0,1000000.0,171872.0,4.0,2.0,0.0,2.0,1210000.0,1.0,0.0
1320000.0,12.0,27.0,1800000.0,400000.0,104347.0,4.0,1.0,0.0,2.0,515252.0,1.0,0.0
784680.0,6.0,56.0,1200000.0,600000.0,108983.0,7.0,0.0,0.0,3.0,868181.0,0.0,1.0
1932445.2,10.0,44.0,3500000.0,2000000.0,163901.0,5.0,0.0,0.0,5.0,1263126.0,0.0,1.0
2078400.0,18.0,55.0,2000000.0,600000.0,114898.0,15.0,6.0,0.0,7.0,1210000.0,0.0,1.0
912334.7999999999,10.0,54.0,2990000.0,1318000.0,79095.0,6.0,1.0,0.0,3.0,2711461.0,1.0,0.0
2797298.4,9.0,21.0,2000000.0,500000.0,261869.0,0.0,0.0,0.0,0.0,1000000.0,1.0,0.0
2389441.1999999997,6.0,47.0,4000000.0,2000000.0,354897.0,1.0,1.0,0.0,0.0,1928727.0,1.0,0.0
1269000.0,5.0,66.0,5000000.0,2000000.0,206109.0,8.0,3.0,0.0,2.0,1210000.0,0.0,1.0
2360160.0,6.0,43.0,5000000.0,2000000.0,350548.0,4.0,2.0,0.0,1.0,10344492.0,1.0,0.0
4162051.1999999997,9.0,61.0,3000000.0,3000000.0,388142.0,16.0,15.0,0.0,0.0,2030000.0,0.0,1.0
7920000.0,12.0,54.0,10000000.0,2000000.0,623003.0,8.0,3.0,0.0,3.0,908526.0,0.0,1.0
3409875.6,10.0,43.0,10000000.0,6000000.0,289513.0,12.0,7.0,0.0,0.0,2366666.0,1.0,0.0
532969.2,6.0,31.0,1300000.0,500000.0,79232.0,1.0,0.0,0.0,1.0,861723.0,1.0,0.0
571200.0,6.0,33.0,1500000.0,200000.0,85545.0,7.0,4.0,1.0,1.0,1139024.0,1.0,0.0
2560876.8,11.0,36.0,10000000.0,5000000.0,201409.0,3.0,2.0,0.0,1.0,1210000.0,0.0,1.0
2976600.0,6.0,25.0,6500000.0,3500000.0,441299.0,3.0,1.0,0.0,2.0,3538125.0,1.0,0.0
1420680.0,12.0,59.0,1200000.0,600000.0,98658.0,0.0,0.0,0.0,0.0,834192.0,1.0,0.0
1150320.0,6.0,29.0,1560000.0,21000.0,174333.0,1.0,0.0,0.0,0.0,1210000.0,1.0,0.0
3600000.0,6.0,34.0,5147000.0,2000000.0,539198.0,6.0,5.0,0.0,0.0,6049221.0,1.0,0.0
1307880.0,6.0,48.0,4000000.0,800000.0,194432.0,15.0,3.0,3.0,7.0,908526.0,1.0,0.0
1604280.0,12.0,64.0,1900000.0,450000.0,126196.0,5.0,3.0,0.0,0.0,1210000.0,0.0,1.0
6552000.0,12.0,36.0,2000000.0,800000.0,517941.0,4.0,2.0,0.0,1.0,1210000.0,0.0,1.0
3167260.8,10.0,38.0,6000000.0,3000000.0,268632.0,6.0,1.0,0.0,3.0,1210000.0,1.0,0.0
2812680.0,6.0,50.0,3500000.0,1500000.0,421238.0,2.0,1.0,0.0,0.0,1210000.0,1.0,0.0
1066320.0,6.0,37.0,4000000.0,100000.0,160292.0,2.0,1.0,0.0,0.0,4228473.0,1.0,0.0
2687640.0,6.0,26.0,5500000.0,2500000.0,399188.0,5.0,2.0,0.0,1.0,3036363.0,1.0,0.0
2063880.0,24.0,35.0,2000000.0,500000.0,90225.0,6.0,4.0,0.0,1.0,1873779.0,1.0,0.0
643298.4,6.0,48.0,1000000.0,0.0,95872.0,4.0,2.0,0.0,1.0,946640.0,1.0,0.0
360000.0,12.0,47.0,1200000.0,100000.0,28330.0,9.0,1.0,1.0,5.0,1170585.0,1.0,0.0
1992000.0,8.0,34.0,4900000.0,2000000.0,227584.0,10.0,7.0,0.0,0.0,3888888.0,1.0,0.0
1821600.0,24.0,44.0,1000000.0,600000.0,80061.0,1.0,1.0,0.0,0.0,1164762.0,1.0,0.0
2617440.0,12.0,34.0,2000000.0,800000.0,204989.0,6.0,0.0,0.0,2.0,30285.0,0.0,1.0
1370716.8,2.0,30.0,5000000.0,2000000.0,540067.0,6.0,2.0,0.0,4.0,1210000.0,0.0,1.0
1752013.2,9.0,51.0,3890000.0,115000.0,165744.0,3.0,2.0,0.0,0.0,1100000.0,0.0,1.0
1086420.0,12.0,61.0,3000000.0,500000.0,85248.0,5.0,3.0,0.0,2.0,1210000.0,1.0,0.0
1185660.0,8.0,44.0,5000000.0,2000000.0,123554.0,8.0,1.0,0.0,1.0,864533.0,0.0,1.0
8729257.2,10.0,29.0,4000000.0,1900000.0,741541.0,21.0,3.0,0.0,17.0,903789.0,0.0,1.0
2227200.0,10.0,29.0,2900000.0,1300000.0,189397.0,6.0,5.0,0.0,0.0,4352366.0,1.0,0.0
4680000.0,6.0,56.0,5000000.0,0.0,695781.0,3.0,2.0,0.0,0.0,30285.0,1.0,0.0
2222040.0,8.0,58.0,2440000.0,762000.0,254930.0,6.0,4.0,0.0,0.0,954263.0,0.0,1.0
1420646.4,12.0,48.0,2500000.0,800000.0,112303.0,8.0,0.0,0.0,7.0,1210000.0,0.0,1.0
1007979.6,6.0,51.0,1700000.0,100000.0,149857.0,4.0,2.0,0.0,1.0,916148.0,0.0,1.0
869067.6,5.0,48.0,3800000.0,2600000.0,153427.0,6.0,4.0,0.0,1.0,3548916.0,0.0,1.0
3521991.6,10.0,37.0,3600000.0,1500000.0,298249.0,5.0,0.0,0.0,3.0,1210000.0,1.0,0.0
630348.0,9.0,27.0,3840000.0,356000.0,61289.0,5.0,0.0,0.0,4.0,1210000.0,1.0,0.0
821208.0,5.0,61.0,5000000.0,2000000.0,133302.0,9.0,3.0,1.0,4.0,656157.0,0.0,1.0
4132678.8,12.0,33.0,2000000.0,200000.0,323856.0,4.0,2.0,1.0,0.0,1694128.0,1.0,0.0
878880.0,5.0,62.0,4000000.0,3200000.0,142539.0,13.0,8.0,0.0,2.0,2594702.0,1.0,0.0
2940000.0,12.0,29.0,2000000.0,800000.0,230676.0,2.0,1.0,0.0,0.0,1200000.0,0.0,1.0
1950000.0,12.0,55.0,3800000.0,1800000.0,155553.0,4.0,2.0,0.0,0.0,941789.0,0.0,1.0
1397654.4,10.0,40.0,3900000.0,2700000.0,118729.0,1.0,1.0,0.0,0.0,4700000.0,1.0,0.0
991929.6,9.0,28.0,2500000.0,1000000.0,92638.0,4.0,2.0,0.0,0.0,1792085.0,1.0,0.0
1604400.0,5.0,40.0,12000000.0,4000000.0,260282.0,26.0,20.0,0.0,3.0,942828.0,0.0,1.0
6921398.399999999,9.0,122.0,67085170.0,10873515.0,643309.0,0.0,0.0,0.0,0.0,1210000.0,1.0,0.0
670200.0,5.0,34.0,5000000.0,2000000.0,108632.0,5.0,2.0,0.0,1.0,1210000.0,0.0,1.0
2792280.0,12.0,45.0,4000000.0,1900000.0,219101.0,9.0,3.0,3.0,1.0,1210000.0,0.0,1.0
1428766.8,10.0,60.0,4660000.0,0.0,122905.0,5.0,3.0,0.0,0.0,4128152.0,1.0,0.0
1222678.8,9.0,65.0,2000000.0,1000000.0,114024.0,4.0,3.0,0.0,0.0,905965.0,0.0,1.0
1834400.4,9.0,38.0,2500000.0,1400000.0,171071.0,5.0,1.0,1.0,1.0,1331532.0,1.0,0.0
839880.0,18.0,33.0,1200000.0,200000.0,46430.0,8.0,3.0,0.0,2.0,1288396.0,1.0,0.0
1140000.0,12.0,54.0,2950000.0,400000.0,91757.0,1.0,0.0,0.0,1.0,1000000.0,1.0,0.0
5371176.0,12.0,49.0,1500000.0,500000.0,420652.0,2.0,1.0,0.0,0.0,1210000.0,0.0,1.0
1022400.0,12.0,35.0,5000000.0,3000000.0,79824.0,0.0,0.0,0.0,0.0,1210000.0,0.0,1.0
1348800.0,12.0,40.0,3800000.0,400000.0,105829.0,5.0,5.0,0.0,0.0,1514385.0,0.0,1.0
5635173.6,20.0,33.0,2500000.0,900000.0,289925.0,5.0,3.0,0.0,1.0,1210000.0,0.0,1.0
6600000.0,6.0,67.0,3750000.0,1007000.0,1000241.0,3.0,2.0,0.0,0.0,1899658.0,1.0,0.0
1590902.4,10.0,43.0,2200000.0,1000000.0,135075.0,11.0,8.0,1.0,0.0,1240705.0,1.0,0.0
7422720.0,12.0,41.0,10000000.0,5000000.0,583831.0,8.0,4.0,0.0,2.0,1210000.0,0.0,1.0
1604400.0,2.0,44.0,5000000.0,2000000.0,632603.0,18.0,13.0,0.0,1.0,1500000.0,0.0,1.0
4774735.2,10.0,122.0,21335576.0,7967456.0,405396.0,0.0,0.0,0.0,0.0,1210000.0,1.0,0.0
2090760.0,24.0,34.0,3000000.0,1000000.0,91189.0,7.0,2.0,0.0,0.0,921593.0,1.0,0.0
1736228.4,11.0,41.0,2000000.0,1000000.0,135083.0,2.0,1.0,0.0,0.0,1210000.0,0.0,1.0
1498992.0,5.0,55.0,4000000.0,2000000.0,243182.0,7.0,2.0,0.0,4.0,1210000.0,0.0,1.0
2986839.6,11.0,58.0,1960000.0,98000.0,246803.0,2.0,0.0,0.0,1.0,1210000.0,0.0,1.0
3879240.0,12.0,64.0,2800000.0,1000000.0,307533.0,7.0,2.0,1.0,3.0,1210000.0,0.0,1.0
5577120.0,24.0,31.0,8000000.0,0.0,193650.0,10.0,7.0,0.0,3.0,1950402.0,0.0,1.0
1742400.0,6.0,34.0,2810000.0,1420000.0,262264.0,4.0,1.0,0.0,1.0,1210000.0,1.0,0.0
1560000.0,6.0,40.0,1500000.0,300000.0,232018.0,2.0,0.0,0.0,0.0,1247287.0,1.0,0.0
1727760.0,6.0,52.0,1900000.0,400000.0,258756.0,1.0,0.0,0.0,1.0,1086951.0,1.0,0.0
10950000.0,12.0,47.0,4000000.0,2000000.0,861704.0,7.0,5.0,0.0,0.0,933602.0,0.0,1.0
1855080.0,12.0,43.0,2000000.0,500000.0,128825.0,5.0,5.0,0.0,0.0,908526.0,1.0,0.0
5136240.0,36.0,25.0,3160000.0,834000.0,180291.0,8.0,1.0,0.0,6.0,1900000.0,0.0,1.0
1259974.8,12.0,22.0,1392000.0,0.0,104845.0,1.0,1.0,0.0,0.0,1000000.0,1.0,0.0
6000000.0,6.0,27.0,9000000.0,4000000.0,889619.0,6.0,3.0,0.0,1.0,1994500.0,1.0,0.0
6623864.399999999,10.0,60.0,7760000.0,5331000.0,569795.0,13.0,7.0,0.0,4.0,969508.0,1.0,0.0
2001927.5999999999,9.0,66.0,2019000.0,1000000.0,186963.0,5.0,3.0,1.0,0.0,2209660.0,1.0,0.0
2833440.0,6.0,37.0,5000000.0,1000000.0,420540.0,5.0,3.0,0.0,1.0,2400000.0,1.0,0.0
1269000.0,2.0,46.0,5000000.0,2000000.0,500431.0,5.0,0.0,0.0,0.0,853633.0,0.0,1.0
2253756.0,12.0,45.0,1800000.0,619666.0,176918.0,9.0,5.0,1.0,2.0,1210000.0,0.0,1.0
2476333.1999999997,9.0,34.0,3255555.0,1455555.0,231268.0,6.0,0.0,0.0,3.0,1210000.0,1.0,0.0
639600.0,6.0,60.0,877803.0,1030000.0,96604.0,7.0,5.0,1.0,0.0,966736.0,0.0,1.0
1200000.0,12.0,54.0,3800000.0,400000.0,94433.0,4.0,2.0,0.0,1.0,1210000.0,0.0,1.0
1823880.0,12.0,43.0,6000000.0,800000.0,126658.0,26.0,19.0,1.0,3.0,6297215.0,1.0,0.0
2400000.0,24.0,44.0,4800000.0,500000.0,105160.0,7.0,4.0,0.0,0.0,5044290.0,1.0,0.0
1640187.5999999999,10.0,37.0,8000000.0,2000000.0,139625.0,4.0,2.0,0.0,0.0,3276523.0,1.0,0.0
10440000.0,10.0,55.0,7000000.0,1500000.0,967439.0,17.0,3.0,0.0,8.0,1210000.0,1.0,0.0
1875360.0,12.0,51.0,3000000.0,0.0,147234.0,2.0,0.0,0.0,2.0,1210000.0,1.0,0.0
1823892.0,9.0,35.0,3500000.0,1800000.0,170336.0,5.0,4.0,0.0,1.0,5039085.0,1.0,0.0
929595.6,10.0,30.0,1500000.0,800000.0,78844.0,1.0,0.0,0.0,1.0,1210000.0,1.0,0.0
3738492.0,24.0,50.0,1100000.0,100000.0,163041.0,0.0,0.0,0.0,0.0,1210000.0,0.0,1.0
494845.19999999995,6.0,59.0,2000000.0,1000000.0,73748.0,5.0,1.0,2.0,1.0,797484.0,0.0,1.0
3067458.0,11.0,30.0,3000000.0,1500000.0,238929.0,8.0,0.0,0.0,6.0,916841.0,0.0,1.0
8760000.0,36.0,23.0,2459000.0,468000.0,333238.0,6.0,3.0,2.0,0.0,1251024.0,0.0,1.0
1798800.0,8.0,32.0,1500000.0,200000.0,204555.0,6.0,3.0,0.0,2.0,2295396.0,1.0,0.0
789600.0,8.0,58.0,13096000.0,2224000.0,92877.0,9.0,7.0,0.0,1.0,2145000.0,1.0,0.0
2287860.0,6.0,52.0,10000000.0,2100000.0,339345.0,12.0,8.0,0.0,1.0,916148.0,1.0,0.0
3237535.1999999997,9.0,34.0,9000000.0,3000000.0,302647.0,8.0,4.0,0.0,1.0,4124437.0,1.0,0.0
2904000.0,6.0,63.0,2000000.0,200000.0,433492.0,4.0,2.0,0.0,0.0,1210000.0,0.0,1.0
486360.0,6.0,32.0,1350000.0,500000.0,72139.0,5.0,1.0,0.0,3.0,1336118.0,1.0,0.0
1604400.0,3.0,62.0,4000000.0,2000000.0,425775.0,5.0,4.0,0.0,0.0,925157.0,0.0,1.0
2497572.0,10.0,67.0,6813000.0,1735000.0,214845.0,10.0,3.0,1.0,3.0,1210000.0,1.0,0.0
878880.0,3.0,47.0,5000000.0,2000000.0,233191.0,4.0,2.0,0.0,1.0,1210000.0,0.0,1.0
3989349.5999999996,10.0,37.0,3000000.0,140000.0,339780.0,4.0,1.0,0.0,2.0,1210000.0,0.0,1.0
4320000.0,6.0,52.0,15000000.0,10000000.0,640026.0,6.0,3.0,0.0,0.0,908526.0,0.0,1.0
3472695.6,36.0,47.0,1800000.0,150000.0,112406.0,0.0,0.0,0.0,0.0,1471199.0,1.0,0.0
1851361.2,12.0,34.0,1800000.0,500000.0,128567.0,1.0,1.0,0.0,0.0,1739030.0,1.0,0.0
1269000.0,9.0,48.0,4000000.0,2000000.0,118684.0,13.0,8.0,0.0,3.0,1210000.0,0.0,1.0
1200000.0,24.0,37.0,2500000.0,1200000.0,52751.0,4.0,2.0,0.0,0.0,1468554.0,0.0,1.0
878880.0,2.0,64.0,5000000.0,2000000.0,346282.0,6.0,1.0,0.0,3.0,1210000.0,0.0,1.0
938400.0,12.0,24.0,2200000.0,800000.0,73480.0,3.0,0.0,0.0,1.0,2041182.0,1.0,0.0
1619106.0,10.0,56.0,6000000.0,4000000.0,137109.0,15.0,12.0,0.0,1.0,908526.0,0.0,1.0
2717880.0,12.0,33.0,7000000.0,1500000.0,188742.0,8.0,4.0,0.0,0.0,5113409.0,1.0,0.0
2220000.0,12.0,32.0,1300000.0,240000.0,173834.0,2.0,1.0,0.0,0.0,1139013.0,1.0,0.0
1908000.0,8.0,52.0,1400000.0,500000.0,216470.0,3.0,1.0,0.0,2.0,977975.0,1.0,0.0
722280.0,12.0,31.0,2200000.0,1000000.0,56741.0,6.0,3.0,0.0,1.0,2112854.0,1.0,0.0
1244426.4,12.0,65.0,1500000.0,500000.0,98060.0,22.0,9.0,0.0,13.0,923771.0,1.0,0.0
3960000.0,36.0,26.0,4280000.0,10791000.0,155246.0,9.0,3.0,0.0,4.0,1755606.0,0.0,1.0
2136000.0,12.0,35.0,6000000.0,2000000.0,167674.0,3.0,0.0,0.0,2.0,1288386.0,0.0,1.0
592464.0,6.0,37.0,5807753.0,1999000.0,87836.0,11.0,5.0,0.0,2.0,2629156.0,1.0,0.0
3950400.0,36.0,53.0,2412000.0,272000.0,150277.0,3.0,0.0,0.0,2.0,1210000.0,0.0,1.0
2345400.0,18.0,49.0,1830000.0,227000.0,137937.0,1.0,1.0,0.0,0.0,1210000.0,0.0,1.0
4587300.0,24.0,50.0,6450000.0,1310000.0,206659.0,6.0,4.0,0.0,0.0,1210000.0,1.0,0.0
5088000.0,36.0,30.0,3000000.0,100000.0,168987.0,8.0,4.0,0.0,1.0,2707620.0,1.0,0.0
4639200.0,30.0,46.0,6055000.0,1186000.0,193737.0,7.0,2.0,3.0,1.0,2995231.0,1.0,0.0
3168000.0,6.0,33.0,4650000.0,3351000.0,476890.0,10.0,5.0,0.0,3.0,1210000.0,0.0,1.0
1258714.8,6.0,32.0,2000000.0,600000.0,187261.0,1.0,0.0,0.0,1.0,1017074.0,0.0,1.0
4920000.0,6.0,50.0,6000000.0,1600000.0,736904.0,8.0,5.0,0.0,0.0,1500000.0,0.0,1.0
2136488.4,3.0,39.0,1960000.0,0.0,573849.0,2.0,0.0,0.0,1.0,6871180.0,1.0,0.0
828720.0,6.0,42.0,1900000.0,500000.0,122863.0,7.0,2.0,1.0,3.0,1210000.0,1.0,0.0
1943389.2,11.0,58.0,1500000.0,700000.0,151892.0,4.0,3.0,0.0,0.0,954263.0,0.0,1.0
1464000.0,6.0,50.0,1510000.0,0.0,221119.0,0.0,0.0,0.0,0.0,1210000.0,0.0,1.0
8649999.6,6.0,50.0,8470000.0,2724000.0,1301985.0,7.0,4.0,0.0,2.0,333135.0,0.0,1.0
1650000.0,12.0,44.0,1400000.0,700000.0,129621.0,8.0,2.0,1.0,0.0,1204496.0,0.0,1.0
1185660.0,3.0,32.0,5000000.0,2000000.0,314957.0,8.0,4.0,0.0,2.0,1246837.0,0.0,1.0
1660800.0,12.0,58.0,2200000.0,1100000.0,130309.0,5.0,2.0,1.0,1.0,959746.0,1.0,0.0
480000.0,6.0,41.0,800000.0,100000.0,71406.0,4.0,0.0,0.0,4.0,1210000.0,0.0,1.0
1684800.0,12.0,25.0,2633000.0,773000.0,139889.0,3.0,2.0,0.0,1.0,1214629.0,1.0,0.0
1704000.0,6.0,57.0,4000000.0,2000000.0,253263.0,6.0,3.0,0.0,1.0,931394.0,0.0,1.0
2871504.0,18.0,38.0,3500000.0,1800000.0,158931.0,5.0,1.0,0.0,3.0,30285.0,1.0,0.0
2591640.0,12.0,29.0,4000000.0,1200000.0,179975.0,5.0,1.0,0.0,0.0,1079043.0,1.0,0.0
1909035.5999999999,9.0,42.0,2000000.0,800000.0,178885.0,3.0,3.0,0.0,0.0,941789.0,1.0,0.0
2400000.0,18.0,32.0,2300000.0,400000.0,133149.0,12.0,6.0,0.0,2.0,1958353.0,1.0,0.0
983725.2,18.0,56.0,2500000.0,500000.0,55155.0,6.0,2.0,1.0,3.0,1210000.0,0.0,1.0
7238400.0,12.0,35.0,2500000.0,1000000.0,573836.0,5.0,3.0,1.0,0.0,2511140.0,1.0,0.0
3394243.1999999997,12.0,34.0,4720000.0,1434000.0,275579.0,5.0,4.0,0.0,0.0,1651828.0,1.0,0.0
1800000.0,6.0,40.0,5000000.0,1500000.0,267592.0,5.0,3.0,0.0,0.0,1210000.0,0.0,1.0
799680.0,9.0,53.0,3000000.0,1000000.0,74934.0,6.0,2.0,0.0,0.0,946640.0,0.0,1.0
1141042.8,10.0,47.0,3800000.0,1500000.0,96778.0,62.0,51.0,1.0,8.0,4098064.0,1.0,0.0
3414433.1999999997,6.0,25.0,4000000.0,1500000.0,505863.0,8.0,1.0,1.0,3.0,30285.0,0.0,1.0
599880.0,6.0,28.0,2800000.0,550000.0,89099.0,3.0,1.0,0.0,1.0,1579041.0,1.0,0.0
8629380.0,36.0,38.0,2865000.0,681000.0,325602.0,5.0,3.0,0.0,0.0,1000000.0,1.0,0.0
1373880.0,12.0,43.0,1800000.0,600000.0,108117.0,4.0,2.0,0.0,0.0,1597923.0,1.0,0.0
3075360.0,12.0,46.0,1800000.0,600000.0,213567.0,5.0,0.0,0.0,2.0,1210000.0,1.0,0.0
2712465.6,10.0,32.0,5250000.0,1378000.0,233331.0,5.0,3.0,0.0,0.0,7600000.0,1.0,0.0
1824000.0,6.0,41.0,3000000.0,1000000.0,272261.0,4.0,1.0,1.0,1.0,2000269.0,1.0,0.0
1560000.0,12.0,24.0,2000000.0,500000.0,125266.0,5.0,3.0,1.0,0.0,1298528.0,1.0,0.0
389760.0,6.0,29.0,1580000.0,395000.0,59620.0,7.0,3.0,0.0,2.0,1000000.0,1.0,0.0
3032280.0,12.0,53.0,4700000.0,2500000.0,210575.0,10.0,3.0,0.0,3.0,2069025.0,1.0,0.0
3042780.0,6.0,41.0,5000000.0,2000000.0,451936.0,11.0,5.0,0.0,0.0,3536076.0,1.0,0.0
1949582.4,9.0,39.0,2600000.0,1800000.0,182685.0,8.0,2.0,0.0,6.0,3275897.0,1.0,0.0
1552699.2,10.0,43.0,3000000.0,1600000.0,131486.0,9.0,2.0,2.0,5.0,1210000.0,1.0,0.0
936000.0,12.0,41.0,6300000.0,2500000.0,73621.0,12.0,7.0,0.0,0.0,6267679.0,1.0,0.0
1022040.0,6.0,36.0,1198000.0,500000.0,151939.0,8.0,1.0,3.0,3.0,1097679.0,1.0,0.0
2446921.1999999997,10.0,36.0,4000000.0,2000000.0,207210.0,11.0,4.0,0.0,2.0,1210000.0,1.0,0.0
2775480.0,12.0,58.0,12000000.0,7000000.0,192742.0,9.0,6.0,0.0,1.0,1079090.0,0.0,1.0
2160324.0,8.0,35.0,1500000.0,800000.0,249030.0,4.0,1.0,0.0,2.0,1459354.0,1.0,0.0
1065600.0,6.0,45.0,1370000.0,250000.0,160193.0,5.0,4.0,1.0,0.0,1210000.0,1.0,0.0
1629180.0,12.0,27.0,3700000.0,831000.0,113138.0,5.0,1.0,0.0,2.0,1066236.0,1.0,0.0
1498162.8,10.0,69.0,4000000.0,3000000.0,127067.0,1.0,1.0,0.0,0.0,3994057.0,0.0,1.0
5085960.0,36.0,49.0,1490000.0,350000.0,163550.0,7.0,5.0,0.0,1.0,1662132.0,1.0,0.0
5770800.0,12.0,36.0,3000000.0,1000000.0,454692.0,4.0,2.0,0.0,2.0,2740492.0,1.0,0.0
2872800.0,6.0,54.0,3150000.0,1104000.0,432410.0,2.0,1.0,0.0,1.0,1210000.0,0.0,1.0
3076729.1999999997,10.0,36.0,2400000.0,1700000.0,260543.0,7.0,5.0,0.0,1.0,1851054.0,1.0,0.0
1839747.5999999999,9.0,33.0,5000000.0,2500000.0,174350.0,7.0,6.0,0.0,0.0,3836949.0,0.0,1.0
2550196.8,11.0,55.0,2000000.0,1100000.0,198412.0,1.0,0.0,0.0,1.0,1210000.0,1.0,0.0
821208.0,5.0,59.0,5000000.0,4000000.0,133109.0,7.0,3.0,0.0,4.0,1210000.0,0.0,1.0
959880.0,6.0,39.0,2000000.0,450000.0,142568.0,2.0,2.0,0.0,0.0,1210000.0,1.0,0.0
5063344.8,9.0,57.0,15000000.0,5000000.0,479845.0,6.0,3.0,0.0,2.0,2000000.0,0.0,1.0
2076000.0,6.0,49.0,20000000.0,5000000.0,308537.0,20.0,11.0,1.0,2.0,2141333.0,0.0,1.0
3412588.8,11.0,37.0,3100000.0,1250000.0,265054.0,6.0,0.0,0.0,4.0,1210000.0,1.0,0.0
3300000.0,24.0,66.0,1879000.0,422000.0,166800.0,1.0,0.0,1.0,0.0,1043636.0,1.0,0.0
878880.0,5.0,27.0,5000000.0,2000000.0,142664.0,6.0,2.0,0.0,3.0,3644858.0,0.0,1.0
1500000.0,12.0,60.0,1100000.0,300000.0,117749.0,6.0,2.0,0.0,0.0,908526.0,1.0,0.0
3156241.1999999997,6.0,63.0,3800000.0,1500000.0,472691.0,4.0,1.0,0.0,1.0,1210000.0,0.0,1.0
1015233.6,10.0,42.0,1300000.0,1000000.0,86334.0,4.0,2.0,0.0,2.0,908526.0,0.0,1.0
1713600.0,6.0,39.0,5000000.0,1500000.0,255365.0,13.0,7.0,0.0,2.0,845675.0,0.0,1.0
4454400.0,6.0,40.0,6500000.0,2300000.0,660846.0,8.0,1.0,1.0,1.0,908526.0,1.0,0.0
1980000.0,6.0,52.0,12000000.0,8000000.0,293345.0,7.0,5.0,2.0,0.0,1210000.0,0.0,1.0
3479760.0,18.0,69.0,4180000.0,750000.0,192253.0,5.0,3.0,0.0,0.0,4149973.0,1.0,0.0
1103880.0,12.0,35.0,3500000.0,900000.0,76658.0,8.0,3.0,1.0,1.0,3500000.0,1.0,0.0
3396000.0,24.0,42.0,9000000.0,2000000.0,153037.0,16.0,10.0,0.0,1.0,1500000.0,0.0,1.0
2368680.0,24.0,67.0,2500000.0,200000.0,104105.0,10.0,6.0,1.0,1.0,2415835.0,1.0,0.0
1498992.0,2.0,36.0,4000000.0,2000000.0,591128.0,3.0,2.0,0.0,0.0,925157.0,0.0,1.0
1423622.4,6.0,31.0,2600000.0,120000.0,213226.0,2.0,1.0,0.0,1.0,1210000.0,1.0,0.0
2039400.0,6.0,48.0,3600000.0,1200000.0,302354.0,10.0,6.0,1.0,0.0,1540000.0,1.0,0.0
492480.0,6.0,63.0,2706299.0,467000.0,73013.0,5.0,0.0,2.0,2.0,2646298.0,1.0,0.0
1145880.0,12.0,56.0,6000000.0,2500000.0,90129.0,15.0,6.0,0.0,5.0,1210000.0,1.0,0.0
7308696.0,36.0,25.0,3130000.0,611000.0,264672.0,4.0,3.0,0.0,0.0,1310852.0,1.0,0.0
1423440.0,6.0,38.0,3000000.0,700000.0,211275.0,4.0,1.0,0.0,1.0,797900.0,0.0,1.0
4339440.0,6.0,31.0,3000000.0,1360000.0,656301.0,6.0,1.0,0.0,3.0,1000000.0,1.0,0.0
3072576.0,12.0,36.0,6110000.0,4000000.0,241795.0,13.0,5.0,1.0,5.0,7569731.0,1.0,0.0
2893800.0,12.0,28.0,2300000.0,500000.0,226772.0,6.0,3.0,0.0,0.0,2410243.0,1.0,0.0
1543023.5999999999,10.0,35.0,3000000.0,2000000.0,131216.0,4.0,4.0,0.0,0.0,1627596.0,1.0,0.0
3367867.1999999997,10.0,35.0,3030000.0,3304000.0,295477.0,11.0,8.0,0.0,1.0,983368.0,1.0,0.0
470400.0,6.0,41.0,1800000.0,600000.0,70449.0,3.0,2.0,0.0,1.0,1724733.0,1.0,0.0
1542840.0,12.0,54.0,1240000.0,300000.0,120810.0,7.0,0.0,0.0,6.0,908526.0,1.0,0.0
1913880.0,12.0,50.0,2620000.0,1221000.0,157388.0,7.0,3.0,0.0,3.0,1210000.0,1.0,0.0
1092405.5999999999,10.0,37.0,4500000.0,1500000.0,92750.0,6.0,4.0,0.0,0.0,4110865.0,1.0,0.0
1192594.8,10.0,36.0,1500000.0,1800000.0,101310.0,4.0,3.0,0.0,0.0,1210000.0,1.0,0.0
1243200.0,10.0,26.0,2600000.0,250000.0,114912.0,10.0,7.0,0.0,1.0,1000000.0,0.0,1.0
9161688.0,36.0,37.0,2610000.0,825000.0,338429.0,4.0,1.0,0.0,2.0,841041.0,1.0,0.0
1269000.0,5.0,32.0,5000000.0,2000000.0,205870.0,9.0,6.0,0.0,1.0,931394.0,1.0,0.0
5554894.8,10.0,45.0,5070000.0,2191000.0,487354.0,6.0,4.0,0.0,0.0,3824176.0,1.0,0.0
3647145.6,10.0,122.0,14000000.0,14000000.0,336939.0,0.0,0.0,0.0,0.0,1210000.0,1.0,0.0
3195477.6,9.0,39.0,2838000.0,1100000.0,299431.0,3.0,1.0,0.0,0.0,1670142.0,0.0,1.0
1136330.4,10.0,24.0,2586000.0,733000.0,100727.0,4.0,1.0,0.0,3.0,1000000.0,1.0,0.0
1215240.0,10.0,47.0,3000000.0,1500000.0,112151.0,2.0,1.0,0.0,0.0,2902956.0,1.0,0.0
4454400.0,12.0,50.0,1000000.0,3262000.0,355331.0,5.0,3.0,0.0,0.0,1000000.0,0.0,1.0
7884000.0,36.0,34.0,4600000.0,200000.0,265999.0,1.0,0.0,0.0,0.0,1852418.0,1.0,0.0
2797798.8,6.0,28.0,3123000.0,1000000.0,414829.0,8.0,3.0,0.0,3.0,3050000.0,1.0,0.0
2840280.0,12.0,31.0,1600000.0,400000.0,223145.0,5.0,2.0,0.0,1.0,1305190.0,1.0,0.0
2663683.1999999997,9.0,56.0,4000000.0,3000000.0,249599.0,4.0,3.0,0.0,0.0,5448955.0,1.0,0.0
2956800.0,6.0,43.0,8000000.0,1500000.0,438108.0,5.0,2.0,0.0,1.0,3500000.0,1.0,0.0
2390474.4,4.0,58.0,4000000.0,2000000.0,479909.0,7.0,3.0,0.0,2.0,1210000.0,1.0,0.0
600000.0,6.0,28.0,1300000.0,200000.0,89258.0,3.0,0.0,2.0,1.0,904895.0,1.0,0.0
1560157.2,10.0,57.0,3000000.0,2000000.0,132325.0,0.0,0.0,0.0,0.0,1300000.0,0.0,1.0
4315651.2,3.0,64.0,9580000.0,5932000.0,1154006.0,10.0,8.0,0.0,1.0,977131.0,0.0,1.0
1344000.0,6.0,40.0,7900000.0,3610000.0,202297.0,11.0,6.0,0.0,2.0,1210000.0,0.0,1.0
1269000.0,5.0,50.0,5000000.0,2000000.0,205990.0,6.0,4.0,1.0,1.0,1210000.0,0.0,1.0
2983020.0,6.0,55.0,4000000.0,500000.0,441845.0,7.0,6.0,0.0,0.0,1210000.0,0.0,1.0
4747680.0,8.0,35.0,3200000.0,300000.0,537762.0,8.0,5.0,0.0,2.0,2940443.0,1.0,0.0
6012728.399999999,6.0,57.0,3000000.0,500000.0,891808.0,5.0,4.0,0.0,1.0,1210000.0,0.0,1.0
1692000.0,24.0,26.0,1940000.0,593000.0,82350.0,4.0,0.0,1.0,3.0,1365453.0,1.0,0.0
9600000.0,36.0,53.0,3862000.0,918000.0,358922.0,4.0,1.0,2.0,1.0,1926780.0,1.0,0.0
6996000.0,36.0,41.0,3300000.0,200000.0,232417.0,7.0,4.0,0.0,1.0,1210134.0,1.0,0.0
2141643.6,3.0,52.0,3100000.0,1000000.0,569346.0,0.0,0.0,0.0,0.0,958420.0,1.0,0.0
2984520.0,12.0,53.0,2000000.0,800000.0,233737.0,4.0,1.0,0.0,1.0,1210000.0,1.0,0.0
2224844.4,6.0,26.0,2000000.0,800000.0,330675.0,5.0,1.0,0.0,0.0,1210000.0,0.0,1.0
1492440.0,10.0,30.0,1500000.0,400000.0,137958.0,5.0,3.0,0.0,1.0,1210000.0,0.0,1.0
1808040.0,10.0,59.0,3000000.0,1800000.0,153752.0,0.0,0.0,0.0,0.0,939017.0,0.0,1.0
1895760.0,10.0,40.0,5000000.0,500000.0,175230.0,13.0,6.0,0.0,0.0,7066569.0,1.0,0.0
2164440.0,6.0,22.0,1450000.0,290000.0,326912.0,2.0,1.0,0.0,1.0,1210000.0,0.0,1.0
624000.0,6.0,53.0,3500000.0,2500000.0,93453.0,1.0,1.0,0.0,0.0,961885.0,1.0,0.0
1860000.0,6.0,60.0,3500000.0,300000.0,278561.0,13.0,7.0,0.0,4.0,1210000.0,1.0,0.0
1871640.0,6.0,36.0,3000000.0,1100000.0,279372.0,3.0,2.0,0.0,0.0,2022222.0,1.0,0.0
3480661.1999999997,10.0,49.0,10210000.0,2058000.0,297076.0,11.0,6.0,1.0,1.0,1210000.0,1.0,0.0
1800000.0,6.0,26.0,10000000.0,3000000.0,267227.0,3.0,0.0,0.0,0.0,1930618.0,1.0,0.0
2200800.0,6.0,49.0,877803.0,1411000.0,331261.0,5.0,4.0,0.0,0.0,331671.0,0.0,1.0
1753560.0,8.0,31.0,1600000.0,0.0,199396.0,6.0,3.0,0.0,3.0,840000.0,1.0,0.0
1604400.0,5.0,51.0,4000000.0,2000000.0,260282.0,3.0,2.0,0.0,1.0,925157.0,0.0,1.0
2208813.6,10.0,41.0,1960000.0,116000.0,198015.0,8.0,0.0,0.0,0.0,1210000.0,0.0,1.0
3959880.0,12.0,27.0,8000000.0,4500000.0,311621.0,9.0,5.0,0.0,0.0,939017.0,0.0,1.0
8294638.8,10.0,30.0,9500000.0,5000000.0,703513.0,5.0,3.0,0.0,1.0,908526.0,0.0,1.0
1361053.2,8.0,62.0,6000000.0,3500000.0,154372.0,3.0,0.0,2.0,1.0,1210000.0,0.0,1.0
2204100.0,12.0,39.0,2000000.0,300000.0,172589.0,5.0,0.0,0.0,2.0,1210000.0,0.0,1.0
1200000.0,6.0,33.0,3333333.0,2100000.0,166667.0,3.0,1.0,0.0,1.0,3024136.0,1.0,0.0
3348000.0,12.0,41.0,8000000.0,3800000.0,232500.0,3.0,1.0,0.0,0.0,8159705.0,1.0,0.0
1199040.0,6.0,31.0,1000000.0,350000.0,177968.0,3.0,1.0,0.0,2.0,1210000.0,0.0,1.0
1728472.8,9.0,64.0,3500000.0,1500000.0,161579.0,1.0,0.0,0.0,0.0,1210000.0,1.0,0.0
730800.0,6.0,50.0,1700000.0,1200000.0,108642.0,8.0,6.0,0.0,1.0,1210000.0,1.0,0.0
4800000.0,12.0,35.0,2616062.0,636000.0,387103.0,2.0,2.0,0.0,0.0,4260000.0,1.0,0.0
1559880.0,12.0,36.0,5000000.0,2000000.0,122449.0,9.0,7.0,0.0,0.0,991119.0,0.0,1.0
6045477.6,9.0,69.0,3000000.0,1900000.0,566488.0,12.0,9.0,0.0,3.0,946640.0,0.0,1.0
4143960.0,12.0,61.0,4000000.0,2000000.0,325163.0,8.0,5.0,0.0,0.0,4811923.0,1.0,0.0
1941420.0,12.0,63.0,5000000.0,3000000.0,152337.0,7.0,4.0,0.0,0.0,1478153.0,1.0,0.0
4416000.0,24.0,28.0,3800000.0,1000000.0,193050.0,3.0,2.0,1.0,0.0,1381079.0,1.0,0.0
3583254.0,6.0,25.0,3000000.0,800000.0,531847.0,2.0,1.0,0.0,0.0,3070583.0,1.0,0.0
4704000.0,36.0,49.0,6000000.0,2000000.0,153299.0,7.0,4.0,0.0,0.0,931550.0,0.0,1.0
5197080.0,12.0,57.0,2500000.0,600000.0,414507.0,6.0,5.0,0.0,1.0,946640.0,0.0,1.0
3450000.0,12.0,33.0,3000000.0,2000000.0,269808.0,5.0,3.0,0.0,0.0,792895.0,0.0,1.0
2713080.0,12.0,59.0,3500000.0,250000.0,212886.0,10.0,7.0,0.0,1.0,3849582.0,1.0,0.0
777360.0,6.0,44.0,3200000.0,1000000.0,115851.0,8.0,5.0,0.0,1.0,5280688.0,1.0,0.0
1332000.0,12.0,53.0,2500000.0,140000.0,105607.0,7.0,1.0,1.0,5.0,933473.0,0.0,1.0
2139600.0,24.0,40.0,2076000.0,728000.0,103700.0,8.0,5.0,0.0,1.0,1210000.0,0.0,1.0
3562680.0,6.0,54.0,5000000.0,1500000.0,529131.0,7.0,4.0,1.0,0.0,1799015.0,1.0,0.0
4977703.2,18.0,28.0,2500000.0,0.0,276200.0,6.0,3.0,0.0,0.0,908526.0,1.0,0.0
1794000.0,12.0,62.0,2800000.0,350000.0,140476.0,10.0,4.0,0.0,3.0,961885.0,1.0,0.0
4755283.2,10.0,48.0,4000000.0,1500000.0,404804.0,2.0,2.0,0.0,0.0,3500000.0,1.0,0.0
4207078.8,6.0,63.0,8500000.0,2000000.0,624439.0,8.0,5.0,0.0,0.0,1210000.0,0.0,1.0
960000.0,6.0,62.0,2500000.0,1000000.0,133333.0,8.0,4.0,0.0,0.0,4171755.0,1.0,0.0
2748841.1999999997,6.0,30.0,1500000.0,200000.0,408649.0,2.0,1.0,0.0,1.0,1190000.0,1.0,0.0
779760.0,10.0,26.0,1800000.0,1000000.0,72713.0,3.0,0.0,0.0,2.0,901202.0,1.0,0.0
4919760.0,12.0,40.0,6000000.0,500000.0,386518.0,17.0,4.0,4.0,4.0,3097504.0,1.0,0.0
4567200.0,12.0,45.0,4700000.0,2000000.0,357926.0,6.0,4.0,0.0,1.0,1210000.0,1.0,0.0
8640000.0,36.0,43.0,4326000.0,1135000.0,329858.0,8.0,5.0,0.0,3.0,2186900.0,1.0,0.0
900000.0,6.0,53.0,2180000.0,477000.0,139275.0,7.0,1.0,2.0,4.0,1518719.0,1.0,0.0
4171920.0,12.0,40.0,3800000.0,1000000.0,289717.0,7.0,4.0,0.0,0.0,8400000.0,1.0,0.0
1832040.0,6.0,45.0,2710000.0,0.0,277061.0,5.0,1.0,0.0,1.0,1210000.0,0.0,1.0
3026280.0,12.0,24.0,2500000.0,150000.0,237758.0,3.0,3.0,0.0,0.0,362134.0,1.0,0.0
8400000.0,18.0,63.0,3000000.0,1000000.0,462820.0,5.0,2.0,2.0,0.0,908526.0,1.0,0.0
1619352.0,11.0,30.0,3000000.0,800000.0,125774.0,3.0,2.0,0.0,0.0,1332035.0,1.0,0.0
856969.2,9.0,39.0,1547450.0,0.0,80494.0,3.0,2.0,0.0,0.0,1399000.0,1.0,0.0
1123033.2,9.0,43.0,3700000.0,2500000.0,104882.0,1.0,1.0,0.0,0.0,3800460.0,0.0,1.0
5345952.0,6.0,39.0,10000000.0,2000000.0,795057.0,8.0,4.0,3.0,0.0,942520.0,0.0,1.0
6000000.0,24.0,36.0,5347000.0,1926000.0,294601.0,8.0,6.0,0.0,1.0,1754166.0,0.0,1.0
1667880.0,6.0,21.0,2700000.0,700000.0,247951.0,7.0,1.0,0.0,5.0,1575892.0,1.0,0.0
4215960.0,8.0,43.0,1310000.0,490000.0,491065.0,7.0,5.0,0.0,0.0,1654507.0,1.0,0.0
5490456.0,10.0,122.0,200000000.0,10000000.0,475998.0,0.0,0.0,0.0,0.0,1210000.0,1.0,0.0
2259480.0,12.0,68.0,2500000.0,1000000.0,156908.0,11.0,7.0,0.0,0.0,3529671.0,0.0,1.0
1572000.0,6.0,59.0,3780000.0,1222000.0,237431.0,7.0,4.0,0.0,2.0,1210000.0,0.0,1.0
1498992.0,8.0,60.0,4000000.0,2000000.0,156205.0,22.0,3.0,1.0,15.0,1210000.0,0.0,1.0
1879080.0,12.0,57.0,2500000.0,700000.0,147435.0,6.0,5.0,0.0,0.0,1210000.0,1.0,0.0
4640400.0,36.0,39.0,4547000.0,1046000.0,173443.0,7.0,5.0,1.0,1.0,1414586.0,1.0,0.0
3395880.0,12.0,62.0,4500000.0,1500000.0,235825.0,6.0,0.0,1.0,0.0,3000000.0,1.0,0.0
1654681.2,6.0,42.0,2900000.0,800000.0,245933.0,6.0,3.0,0.0,0.0,2550606.0,1.0,0.0
1952280.0,24.0,44.0,4500000.0,1500000.0,85804.0,6.0,4.0,0.0,1.0,4797813.0,1.0,0.0
8640000.0,24.0,41.0,1800000.0,0.0,300000.0,6.0,4.0,0.0,2.0,2200938.0,1.0,0.0
2580000.0,6.0,53.0,1740000.0,89000.0,392970.0,4.0,1.0,0.0,1.0,1210000.0,0.0,1.0
2985668.4,9.0,41.0,4468000.0,1500000.0,279503.0,5.0,4.0,0.0,0.0,5236374.0,0.0,1.0
606000.0,6.0,29.0,2800000.0,1800000.0,90313.0,7.0,2.0,0.0,3.0,30894.0,1.0,0.0
2884441.1999999997,12.0,42.0,3400000.0,750000.0,200308.0,8.0,5.0,0.0,1.0,1210000.0,0.0,1.0
4756080.0,18.0,35.0,5610000.0,2852000.0,268976.0,7.0,5.0,0.0,0.0,4226745.0,1.0,0.0
3310800.0,24.0,47.0,12000000.0,800000.0,114958.0,11.0,10.0,0.0,0.0,6193672.0,1.0,0.0
2373600.0,10.0,44.0,1100000.0,500000.0,219168.0,3.0,2.0,0.0,1.0,30285.0,1.0,0.0
1080000.0,12.0,38.0,2000000.0,1000000.0,84990.0,5.0,1.0,0.0,2.0,1354572.0,1.0,0.0
1794000.0,6.0,35.0,7085396.0,3723000.0,265972.0,10.0,7.0,0.0,0.0,7779825.0,1.0,0.0
2412000.0,8.0,40.0,1200000.0,400000.0,273810.0,7.0,3.0,0.0,1.0,916841.0,1.0,0.0
2849280.0,12.0,56.0,1800000.0,650000.0,223852.0,5.0,1.0,0.0,2.0,925157.0,1.0,0.0
564000.0,8.0,29.0,1863000.0,600000.0,63988.0,4.0,1.0,0.0,3.0,1923350.0,1.0,0.0
4532400.0,36.0,41.0,16193000.0,3553000.0,171015.0,7.0,6.0,0.0,1.0,6162448.0,1.0,0.0
1683277.2,9.0,45.0,4000000.0,2000000.0,158912.0,8.0,5.0,0.0,1.0,2083333.0,0.0,1.0
1344000.0,6.0,39.0,2000000.0,650000.0,199140.0,2.0,1.0,0.0,1.0,1138583.0,1.0,0.0
2121499.1999999997,6.0,42.0,3000000.0,1900000.0,315101.0,2.0,0.0,2.0,0.0,1210000.0,0.0,1.0
2382007.1999999997,10.0,37.0,2500000.0,2000000.0,202349.0,2.0,1.0,0.0,0.0,1622343.0,1.0,0.0
2164678.8,24.0,36.0,2800000.0,1000000.0,95374.0,14.0,3.0,0.0,10.0,1210000.0,0.0,1.0
1449985.2,9.0,24.0,2000000.0,500000.0,135675.0,2.0,1.0,0.0,0.0,1210000.0,1.0,0.0
1961391.5999999999,6.0,50.0,15000000.0,7500000.0,291504.0,9.0,5.0,0.0,3.0,917673.0,0.0,1.0
7096558.8,12.0,38.0,3866000.0,1200000.0,492817.0,4.0,2.0,0.0,0.0,1580624.0,0.0,1.0
5245202.399999999,12.0,36.0,2900000.0,150000.0,412813.0,3.0,2.0,0.0,0.0,1210000.0,1.0,0.0
729960.0,6.0,28.0,2000000.0,600000.0,108414.0,3.0,0.0,1.0,0.0,1305555.0,0.0,1.0
400320.0,6.0,24.0,1500000.0,150000.0,60177.0,2.0,1.0,0.0,1.0,1224995.0,1.0,0.0
2960880.0,24.0,39.0,3200000.0,1800000.0,128981.0,4.0,2.0,0.0,1.0,3735500.0,1.0,0.0
2900016.0,11.0,30.0,3100000.0,1550000.0,225629.0,4.0,3.0,0.0,0.0,933334.0,1.0,0.0
2818314.0,9.0,51.0,2500000.0,1500000.0,264089.0,3.0,0.0,1.0,0.0,1210000.0,1.0,0.0
5640840.0,12.0,46.0,5500000.0,2200000.0,391725.0,5.0,5.0,0.0,0.0,1210000.0,0.0,1.0
1311600.0,10.0,32.0,3800000.0,1800000.0,123662.0,4.0,1.0,0.0,2.0,1210000.0,0.0,1.0
2088000.0,6.0,29.0,3900000.0,2000000.0,309984.0,2.0,0.0,1.0,0.0,1210000.0,1.0,0.0
1119256.8,3.0,40.0,5000000.0,2000000.0,297144.0,15.0,11.0,0.0,1.0,941789.0,0.0,1.0
534840.0,6.0,38.0,2361000.0,408000.0,81999.0,6.0,2.0,1.0,2.0,1108859.0,1.0,0.0
2616858.0,12.0,50.0,4800000.0,2100000.0,207456.0,7.0,3.0,0.0,3.0,933473.0,0.0,1.0
2159880.0,12.0,27.0,4500000.0,500000.0,169690.0,5.0,2.0,0.0,1.0,3828284.0,1.0,0.0
1812600.0,8.0,25.0,2500000.0,350000.0,207955.0,6.0,2.0,1.0,1.0,1982752.0,1.0,0.0
1699827.5999999999,10.0,30.0,2400000.0,1000000.0,145081.0,3.0,1.0,1.0,0.0,2563670.0,1.0,0.0
1967880.0,12.0,52.0,5000000.0,3500000.0,136658.0,11.0,6.0,0.0,1.0,1210000.0,1.0,0.0
1516680.0,12.0,37.0,2000000.0,300000.0,105325.0,15.0,6.0,7.0,2.0,4460148.0,1.0,0.0
3117525.6,6.0,42.0,8000000.0,1000000.0,464582.0,7.0,1.0,0.0,2.0,1210000.0,0.0,1.0
2625240.0,12.0,34.0,4500000.0,200000.0,182308.0,5.0,0.0,0.0,1.0,916148.0,0.0,1.0
6782400.0,36.0,40.0,4050000.0,850000.0,225321.0,4.0,0.0,0.0,3.0,3998892.0,1.0,0.0
885480.0,6.0,36.0,4000000.0,1000000.0,132172.0,4.0,2.0,0.0,0.0,892289.0,0.0,1.0
811680.0,6.0,57.0,2600000.0,800000.0,120959.0,7.0,1.0,0.0,3.0,2949666.0,1.0,0.0
846720.0,6.0,59.0,1100000.0,700000.0,125543.0,3.0,0.0,0.0,2.0,961885.0,1.0,0.0
6600000.0,36.0,31.0,8500000.0,2000000.0,213362.0,31.0,30.0,0.0,0.0,1706666.0,1.0,0.0
1550160.0,6.0,43.0,2291018.0,1693000.0,233328.0,7.0,5.0,0.0,1.0,1867261.0,1.0,0.0
3753600.0,6.0,46.0,8000000.0,2500000.0,560315.0,8.0,7.0,0.0,0.0,539277.0,0.0,1.0
2402100.0,6.0,38.0,2100000.0,1000000.0,356777.0,5.0,2.0,0.0,1.0,2130479.0,1.0,0.0
2076960.0,8.0,50.0,1750000.0,680000.0,236799.0,7.0,4.0,0.0,2.0,1772069.0,1.0,0.0
1173600.0,6.0,46.0,5000000.0,2500000.0,174192.0,4.0,4.0,0.0,0.0,8152672.0,1.0,0.0
2090760.0,6.0,44.0,3300000.0,1000000.0,309968.0,6.0,5.0,0.0,1.0,3817076.0,1.0,0.0
7560000.0,36.0,33.0,1200000.0,450000.0,247167.0,3.0,0.0,1.0,0.0,1273807.0,1.0,0.0
2841358.8,12.0,56.0,3200000.0,400000.0,197317.0,5.0,5.0,0.0,0.0,1137672.0,0.0,1.0
12542263.2,90.0,29.0,0.0,1500000.0,212394.0,6.0,4.0,0.0,0.0,1210000.0,1.0,0.0
575520.0,6.0,50.0,3000000.0,2000000.0,85422.0,9.0,4.0,0.0,1.0,908526.0,1.0,0.0
3068280.0,12.0,58.0,1500000.0,350000.0,213075.0,7.0,3.0,0.0,2.0,1210000.0,0.0,1.0
984000.0,6.0,47.0,3500000.0,0.0,146251.0,9.0,6.0,1.0,1.0,1210000.0,0.0,1.0
1800000.0,6.0,30.0,3160000.0,768000.0,271518.0,4.0,1.0,0.0,1.0,1420644.0,1.0,0.0
1832160.0,12.0,30.0,1800000.0,200000.0,127233.0,3.0,2.0,0.0,0.0,1413187.0,1.0,0.0
1604400.0,8.0,38.0,3651666.0,2091000.0,184069.0,12.0,3.0,0.0,7.0,3651666.0,1.0,0.0
4464000.0,6.0,41.0,10500000.0,7303000.0,671915.0,18.0,16.0,0.0,1.0,2545454.0,0.0,1.0
632880.0,6.0,37.0,2400000.0,1000000.0,93936.0,7.0,3.0,0.0,1.0,1210000.0,1.0,0.0
506806.8,8.0,46.0,4000000.0,2000000.0,52699.0,8.0,1.0,0.0,3.0,1210000.0,0.0,1.0
3584146.8,36.0,31.0,1150000.0,200000.0,116804.0,2.0,0.0,1.0,0.0,1133398.0,1.0,0.0
1879200.0,18.0,31.0,1128000.0,400000.0,103539.0,6.0,0.0,1.0,2.0,1265667.0,1.0,0.0
2266560.0,12.0,28.0,1000000.0,200000.0,179153.0,1.0,0.0,0.0,1.0,1043205.0,1.0,0.0
2012023.2,10.0,57.0,3000000.0,1000000.0,171368.0,6.0,0.0,1.0,3.0,1210000.0,0.0,1.0
3156721.1999999997,12.0,28.0,2300000.0,700000.0,250254.0,4.0,3.0,0.0,1.0,1014820.0,1.0,0.0
6728265.6,6.0,39.0,6000000.0,4000000.0,1007650.0,2.0,1.0,0.0,0.0,821503.0,0.0,1.0
3318027.6,10.0,37.0,7087000.0,748000.0,297909.0,2.0,2.0,0.0,0.0,1210000.0,1.0,0.0
1827364.8,12.0,40.0,1300000.0,500000.0,143744.0,7.0,5.0,0.0,0.0,1343180.0,1.0,0.0
1591656.0,10.0,49.0,3000000.0,500000.0,146869.0,3.0,1.0,0.0,0.0,0.0,0.0,1.0
1992960.0,12.0,27.0,3440000.0,1173000.0,163874.0,5.0,5.0,0.0,0.0,3899583.0,1.0,0.0
944040.0,6.0,38.0,2000000.0,500000.0,141383.0,5.0,1.0,0.0,2.0,1210000.0,1.0,0.0
2224800.0,10.0,41.0,10000000.0,3000000.0,205292.0,8.0,5.0,0.0,1.0,1210000.0,1.0,0.0
1469880.0,6.0,65.0,4500000.0,1000000.0,204150.0,6.0,3.0,0.0,1.0,1210000.0,1.0,0.0
1322424.0,11.0,20.0,1800000.0,800000.0,102888.0,2.0,2.0,0.0,0.0,1338769.0,1.0,0.0
2116800.0,6.0,53.0,1000000.0,6590000.0,319306.0,14.0,12.0,0.0,1.0,1000000.0,0.0,1.0
4038192.0,24.0,68.0,2440000.0,821000.0,184059.0,8.0,5.0,0.0,0.0,1210000.0,1.0,0.0
1530928.8,9.0,51.0,1100000.0,800000.0,143455.0,1.0,1.0,0.0,0.0,1210000.0,0.0,1.0
2125495.1999999997,11.0,49.0,5000000.0,2000000.0,180262.0,5.0,4.0,0.0,1.0,1210000.0,0.0,1.0
720000.0,6.0,61.0,1500000.0,400000.0,108491.0,4.0,0.0,0.0,3.0,1210000.0,0.0,1.0
1185660.0,5.0,39.0,5000000.0,2000000.0,192350.0,8.0,4.0,0.0,1.0,31047.0,0.0,1.0
1709761.2,12.0,53.0,4500000.0,1500000.0,118733.0,11.0,9.0,0.0,2.0,1800000.0,0.0,1.0
1806931.2,10.0,40.0,10000000.0,2000000.0,153819.0,7.0,5.0,0.0,0.0,8231301.0,1.0,0.0
2278539.6,11.0,30.0,3000000.0,1000000.0,177276.0,4.0,2.0,0.0,1.0,908526.0,0.0,1.0
1068000.0,12.0,46.0,3200000.0,800000.0,83797.0,8.0,2.0,1.0,5.0,1210000.0,0.0,1.0
1511880.0,6.0,53.0,1600000.0,400000.0,225672.0,6.0,4.0,0.0,0.0,1102103.0,1.0,0.0
1967414.4,9.0,67.0,2300000.0,1600000.0,184356.0,3.0,3.0,0.0,0.0,2417972.0,1.0,0.0
3135303.6,6.0,31.0,5300000.0,1500000.0,468019.0,14.0,8.0,0.0,2.0,1581733.0,1.0,0.0
535080.0,6.0,49.0,5290000.0,2842000.0,80143.0,14.0,9.0,0.0,5.0,1210000.0,1.0,0.0
7919100.0,12.0,32.0,4500000.0,750000.0,620578.0,9.0,7.0,0.0,0.0,1000000.0,0.0,1.0
2716800.0,12.0,20.0,2000000.0,900000.0,213797.0,7.0,2.0,0.0,1.0,1210000.0,0.0,1.0
6480000.0,12.0,59.0,9000000.0,4500000.0,509995.0,4.0,2.0,0.0,0.0,919764.0,0.0,1.0
5145950.399999999,18.0,32.0,3000000.0,100000.0,286038.0,7.0,3.0,0.0,1.0,1209496.0,1.0,0.0
1823616.0,12.0,54.0,3800000.0,200000.0,145471.0,9.0,4.0,0.0,2.0,1794257.0,0.0,1.0
1320000.0,6.0,38.0,10000000.0,1000000.0,196234.0,4.0,2.0,2.0,0.0,939017.0,0.0,1.0
2326560.0,12.0,44.0,1950000.0,900000.0,183087.0,3.0,0.0,0.0,0.0,1648383.0,1.0,0.0
2114158.8,6.0,49.0,2500000.0,1000000.0,314224.0,2.0,1.0,0.0,0.0,925157.0,1.0,0.0
3370929.6,11.0,32.0,3500000.0,800000.0,262716.0,8.0,4.0,0.0,1.0,925157.0,0.0,1.0
2056740.0,10.0,35.0,3760000.0,2000000.0,175176.0,3.0,2.0,0.0,1.0,3675333.0,1.0,0.0
2310048.0,9.0,31.0,5000000.0,3000000.0,215429.0,4.0,1.0,0.0,1.0,1080000.0,0.0,1.0
11876138.4,12.0,46.0,80000000.0,30000000.0,927236.0,28.0,23.0,0.0,3.0,5606024.0,0.0,1.0
1305780.0,12.0,32.0,3000000.0,1000000.0,102579.0,9.0,2.0,0.0,3.0,2885427.0,1.0,0.0
3737499.6,12.0,33.0,1400000.0,200000.0,292292.0,13.0,6.0,0.0,3.0,1425286.0,0.0,1.0
8640000.0,36.0,37.0,3120000.0,2542000.0,328673.0,8.0,2.0,2.0,2.0,1210000.0,0.0,1.0
1395360.0,6.0,63.0,1800000.0,600000.0,208974.0,2.0,1.0,0.0,0.0,1210000.0,0.0,1.0
2088000.0,12.0,63.0,1000000.0,300000.0,163525.0,5.0,0.0,0.0,3.0,1210000.0,1.0,0.0
779878.7999999999,6.0,39.0,2366000.0,252000.0,120357.0,2.0,1.0,0.0,0.0,1210000.0,0.0,1.0
1569120.0,6.0,32.0,1900000.0,800000.0,232738.0,4.0,3.0,0.0,0.0,2456261.0,1.0,0.0
896635.2,9.0,24.0,2300000.0,700000.0,84019.0,3.0,2.0,0.0,0.0,908526.0,1.0,0.0
1100160.0,6.0,50.0,3000000.0,1000000.0,163292.0,4.0,3.0,0.0,0.0,1210000.0,0.0,1.0
3126960.0,12.0,36.0,3000000.0,500000.0,246074.0,14.0,3.0,2.0,8.0,2087354.0,1.0,0.0
1112400.0,10.0,29.0,3000000.0,1900000.0,102864.0,1.0,0.0,0.0,0.0,836601.0,0.0,1.0
624000.0,6.0,36.0,3697000.0,1933000.0,95044.0,6.0,1.0,2.0,2.0,984754.0,0.0,1.0
10414214.4,10.0,43.0,10000000.0,4000000.0,885604.0,1.0,0.0,0.0,0.0,1210000.0,0.0,1.0
3652395.6,18.0,55.0,3000000.0,1300000.0,202990.0,6.0,3.0,0.0,1.0,2171761.0,0.0,1.0
912000.0,10.0,58.0,1000000.0,700000.0,84299.0,6.0,1.0,0.0,5.0,908526.0,1.0,0.0
2283480.0,24.0,25.0,2000000.0,0.0,79288.0,2.0,0.0,0.0,0.0,1210000.0,1.0,0.0
3420900.0,36.0,38.0,4800000.0,500000.0,110368.0,6.0,6.0,0.0,0.0,4254363.0,1.0,0.0
2760240.0,12.0,56.0,1500000.0,600000.0,216317.0,7.0,5.0,0.0,2.0,916148.0,1.0,0.0
4435316.399999999,11.0,39.0,4300000.0,942000.0,356060.0,7.0,2.0,0.0,1.0,3078209.0,1.0,0.0
964339.2,9.0,29.0,2050000.0,1000000.0,90363.0,2.0,0.0,1.0,0.0,2705586.0,1.0,0.0
2060919.5999999999,9.0,34.0,1670000.0,88000.0,204658.0,3.0,0.0,0.0,2.0,1210000.0,0.0,1.0
972000.0,8.0,56.0,2500000.0,435000.0,110565.0,8.0,1.0,0.0,3.0,1210000.0,1.0,0.0
821208.0,5.0,42.0,5000000.0,2000000.0,133418.0,6.0,4.0,0.0,2.0,3017638.0,0.0,1.0
625380.0,6.0,40.0,3000000.0,1000000.0,92725.0,8.0,4.0,0.0,1.0,1210000.0,0.0,1.0
3926121.5999999996,10.0,50.0,4500000.0,1500000.0,335096.0,5.0,1.0,0.0,0.0,1210000.0,0.0,1.0
930754.7999999999,10.0,25.0,3000000.0,1000000.0,79150.0,6.0,1.0,0.0,4.0,933473.0,1.0,0.0
1838160.0,6.0,38.0,2000000.0,700000.0,273265.0,6.0,3.0,0.0,1.0,2592777.0,1.0,0.0
960000.0,6.0,29.0,2160000.0,968000.0,145735.0,5.0,3.0,0.0,1.0,1609049.0,1.0,0.0
1201200.0,6.0,47.0,5000000.0,2500000.0,178085.0,8.0,4.0,2.0,1.0,5129994.0,1.0,0.0
1890960.0,8.0,41.0,2500000.0,1100000.0,215593.0,4.0,3.0,0.0,0.0,1210000.0,0.0,1.0
840000.0,6.0,31.0,1550000.0,0.0,127303.0,0.0,0.0,0.0,0.0,1349153.0,1.0,0.0
1185660.0,8.0,49.0,5000000.0,2000000.0,123714.0,14.0,11.0,0.0,3.0,683333.0,0.0,1.0
1855123.2,11.0,38.0,2500000.0,1250000.0,157601.0,0.0,0.0,0.0,0.0,2328182.0,1.0,0.0
878880.0,5.0,26.0,5000000.0,2000000.0,142581.0,4.0,1.0,2.0,1.0,560258.0,0.0,1.0
1694158.8,12.0,65.0,1800000.0,350000.0,133100.0,6.0,5.0,0.0,1.0,923771.0,1.0,0.0
2996274.0,10.0,60.0,3000000.0,1000000.0,255733.0,17.0,7.0,1.0,7.0,1210000.0,1.0,0.0
432000.0,6.0,37.0,1800000.0,300000.0,64222.0,12.0,5.0,0.0,5.0,1210000.0,1.0,0.0
2871241.1999999997,12.0,39.0,1700000.0,500000.0,199392.0,6.0,2.0,0.0,0.0,1750000.0,1.0,0.0
1840964.4,11.0,59.0,2020000.0,482000.0,145448.0,5.0,3.0,0.0,0.0,1222323.0,1.0,0.0
1185660.0,3.0,29.0,5000000.0,2000000.0,314895.0,6.0,4.0,0.0,0.0,1210000.0,0.0,1.0
2663640.0,24.0,32.0,2700000.0,1500000.0,116444.0,4.0,4.0,0.0,0.0,3196436.0,1.0,0.0
2373600.0,10.0,30.0,2200000.0,100000.0,219411.0,4.0,2.0,0.0,1.0,2100000.0,1.0,0.0
3307081.1999999997,12.0,28.0,2700000.0,800000.0,229658.0,3.0,2.0,0.0,0.0,822720.0,1.0,0.0
1480176.0,10.0,55.0,1500000.0,800000.0,125542.0,5.0,2.0,1.0,2.0,1904527.0,1.0,0.0
3716400.0,6.0,40.0,2840000.0,2861000.0,561320.0,8.0,3.0,0.0,2.0,1210000.0,0.0,1.0
1178280.0,18.0,31.0,1150000.0,320000.0,65099.0,7.0,4.0,0.0,2.0,1232000.0,1.0,0.0
7748215.199999999,10.0,43.0,8000000.0,3000000.0,658893.0,10.0,5.0,0.0,2.0,1150000.0,0.0,1.0
2541237.6,10.0,53.0,3000000.0,1000000.0,215536.0,4.0,2.0,0.0,0.0,1210000.0,0.0,1.0
2290080.0,12.0,39.0,1400000.0,300000.0,179904.0,3.0,2.0,0.0,0.0,1229048.0,1.0,0.0
2483520.0,10.0,26.0,4720000.0,760000.0,238942.0,9.0,4.0,0.0,2.0,1000000.0,0.0,1.0
953479.2,6.0,60.0,1000000.0,200000.0,142322.0,3.0,0.0,1.0,1.0,1210000.0,0.0,1.0
1977373.2,10.0,55.0,2200000.0,1000000.0,168328.0,0.0,0.0,0.0,0.0,353316.0,1.0,0.0
2492400.0,10.0,31.0,2100000.0,400000.0,230621.0,4.0,3.0,0.0,1.0,2044238.0,1.0,0.0
4685294.399999999,9.0,35.0,4700000.0,2500000.0,437985.0,10.0,6.0,0.0,1.0,3287968.0,1.0,0.0
4463202.0,10.0,26.0,2000000.0,600000.0,380139.0,1.0,1.0,0.0,0.0,1000000.0,1.0,0.0
3939840.0,12.0,28.0,26000000.0,12000000.0,308555.0,13.0,12.0,0.0,0.0,909140.0,0.0,1.0
5112000.0,36.0,47.0,3200000.0,0.0,165288.0,13.0,2.0,2.0,6.0,3555403.0,1.0,0.0
2916220.8,11.0,58.0,2000000.0,1000000.0,247324.0,9.0,6.0,0.0,2.0,2199918.0,1.0,0.0
1713195.5999999999,10.0,43.0,4500000.0,1500000.0,145077.0,6.0,1.0,0.0,4.0,1210000.0,1.0,0.0
5397720.0,6.0,35.0,7000000.0,1000000.0,802485.0,2.0,0.0,0.0,2.0,4966666.0,1.0,0.0
1624999.2,6.0,38.0,2290000.0,729000.0,244593.0,6.0,1.0,0.0,1.0,1210000.0,0.0,1.0
720000.0,10.0,31.0,2110000.0,150000.0,66696.0,5.0,3.0,0.0,0.0,2537432.0,1.0,0.0
4200000.0,6.0,42.0,5260000.0,2682000.0,632178.0,6.0,5.0,0.0,0.0,1210000.0,0.0,1.0
2893800.0,12.0,38.0,4500000.0,1000000.0,227067.0,2.0,0.0,0.0,1.0,1210000.0,0.0,1.0
1860000.0,6.0,41.0,3000000.0,1200000.0,278561.0,8.0,1.0,0.0,7.0,1210000.0,0.0,1.0
2640000.0,12.0,32.0,6000000.0,600000.0,207753.0,7.0,3.0,0.0,2.0,866252.0,0.0,1.0
1200000.0,6.0,36.0,3000000.0,1000000.0,178838.0,10.0,6.0,0.0,3.0,1338888.0,0.0,1.0
3424999.1999999997,12.0,36.0,5000000.0,2000000.0,269417.0,6.0,4.0,0.0,1.0,999435.0,0.0,1.0
1731360.0,6.0,65.0,3800000.0,1500000.0,240467.0,8.0,2.0,0.0,1.0,1210000.0,1.0,0.0
2697600.0,6.0,52.0,6000000.0,4000000.0,399661.0,7.0,2.0,0.0,2.0,363411.0,1.0,0.0
1389240.0,12.0,69.0,2990000.0,1300000.0,108867.0,11.0,8.0,0.0,0.0,3199877.0,1.0,0.0
5453280.0,12.0,40.0,2000000.0,800000.0,428433.0,4.0,1.0,0.0,0.0,1210000.0,1.0,0.0
2412000.0,12.0,36.0,2200000.0,800000.0,189811.0,7.0,1.0,1.0,1.0,3123631.0,1.0,0.0
682560.0,10.0,28.0,1500000.0,500000.0,63094.0,5.0,3.0,0.0,0.0,1210000.0,1.0,0.0
1512000.0,6.0,60.0,1800000.0,600000.0,224943.0,4.0,2.0,1.0,0.0,923771.0,1.0,0.0
1291827.5999999999,10.0,62.0,4500000.0,3500000.0,109854.0,12.0,9.0,0.0,2.0,1968424.0,1.0,0.0
530752.7999999999,6.0,55.0,2000000.0,600000.0,79975.0,7.0,0.0,5.0,2.0,1210000.0,0.0,1.0
1200000.0,6.0,51.0,3712000.0,2879000.0,185193.0,4.0,2.0,0.0,0.0,1210000.0,1.0,0.0
3509618.4,11.0,41.0,6000000.0,4200000.0,280908.0,11.0,6.0,0.0,0.0,1210000.0,1.0,0.0
780000.0,6.0,30.0,3500000.0,1000000.0,117531.0,7.0,4.0,0.0,1.0,1210000.0,1.0,0.0
3220680.0,12.0,58.0,7000000.0,2500000.0,223658.0,4.0,4.0,0.0,0.0,3020294.0,0.0,1.0
720000.0,6.0,49.0,1400000.0,400000.0,106754.0,7.0,3.0,0.0,3.0,1210000.0,1.0,0.0
1668000.0,6.0,36.0,1000000.0,0.0,251931.0,1.0,0.0,0.0,0.0,988889.0,0.0,1.0
1260000.0,12.0,68.0,1100000.0,450000.0,99278.0,6.0,5.0,0.0,1.0,923771.0,1.0,0.0
1473358.8,10.0,41.0,2500000.0,600000.0,136194.0,6.0,1.0,0.0,3.0,908526.0,1.0,0.0
2088960.0,12.0,65.0,3500000.0,300000.0,165115.0,6.0,4.0,1.0,0.0,1210000.0,1.0,0.0
1056000.0,6.0,30.0,2200000.0,450000.0,156738.0,2.0,1.0,0.0,0.0,1210000.0,1.0,0.0
2952000.0,6.0,35.0,4000000.0,2000000.0,438729.0,17.0,14.0,0.0,1.0,925157.0,0.0,1.0
3360000.0,24.0,35.0,3000000.0,1000000.0,148910.0,10.0,5.0,0.0,1.0,1210000.0,0.0,1.0
2505780.0,6.0,42.0,2000000.0,300000.0,372663.0,4.0,1.0,0.0,0.0,1210000.0,0.0,1.0
1269000.0,2.0,58.0,5000000.0,2000000.0,500578.0,3.0,2.0,0.0,0.0,1210000.0,0.0,1.0
2035201.2,10.0,41.0,3500000.0,900000.0,173251.0,7.0,4.0,0.0,2.0,1210000.0,1.0,0.0
933120.0,12.0,21.0,4000000.0,1500000.0,73439.0,3.0,1.0,0.0,1.0,1366540.0,1.0,0.0
2435160.0,6.0,52.0,10000000.0,1700000.0,361183.0,7.0,6.0,0.0,1.0,7955333.0,0.0,1.0
1611240.0,12.0,26.0,2500000.0,1000000.0,126420.0,8.0,0.0,0.0,5.0,1210000.0,0.0,1.0
840000.0,6.0,41.0,0.0,0.0,126436.0,0.0,0.0,0.0,0.0,1210000.0,1.0,0.0
3510780.0,10.0,58.0,4500000.0,1500000.0,325362.0,7.0,3.0,0.0,3.0,1210000.0,1.0,0.0
2990392.8,10.0,36.0,4000000.0,1500000.0,253631.0,4.0,2.0,0.0,1.0,1426230.0,1.0,0.0
2861613.6,4.0,57.0,4200000.0,1800000.0,574494.0,4.0,1.0,0.0,1.0,908526.0,1.0,0.0
1815360.0,12.0,45.0,8000000.0,2000000.0,126067.0,2.0,1.0,0.0,0.0,2946034.0,0.0,1.0
5627880.0,6.0,49.0,30000000.0,0.0,842853.0,10.0,7.0,0.0,1.0,1200000.0,0.0,1.0
1951302.0,9.0,43.0,3500000.0,1400000.0,182846.0,2.0,2.0,0.0,0.0,1000000.0,1.0,0.0
1450800.0,8.0,39.0,2400000.0,1000000.0,164614.0,5.0,3.0,0.0,2.0,2251265.0,1.0,0.0
2091229.2,10.0,46.0,2800000.0,1800000.0,178021.0,8.0,5.0,0.0,0.0,946640.0,0.0,1.0
647878.7999999999,6.0,24.0,1000000.0,400000.0,96293.0,4.0,0.0,0.0,3.0,955592.0,0.0,1.0
4044360.0,36.0,27.0,3000000.0,300000.0,130483.0,5.0,5.0,0.0,0.0,1957380.0,1.0,0.0
1722000.0,6.0,50.0,8000000.0,800000.0,257893.0,1.0,1.0,0.0,0.0,1210000.0,0.0,1.0
1560000.0,6.0,25.0,2500000.0,400000.0,233652.0,4.0,0.0,0.0,2.0,646063.0,0.0,1.0
1680000.0,12.0,28.0,2613750.0,320000.0,135492.0,2.0,1.0,0.0,1.0,2353680.0,1.0,0.0
3026107.1999999997,10.0,31.0,3000000.0,2000000.0,259859.0,4.0,4.0,0.0,0.0,2509090.0,0.0,1.0
1093477.2,4.0,38.0,6000000.0,3000000.0,239021.0,7.0,4.0,3.0,0.0,946640.0,1.0,0.0
1847758.8,20.0,22.0,2250000.0,340000.0,100649.0,4.0,2.0,0.0,0.0,1000000.0,1.0,0.0
2760000.0,12.0,43.0,2500000.0,800000.0,216838.0,3.0,1.0,2.0,0.0,1210000.0,0.0,1.0
2952000.0,6.0,42.0,5000000.0,1500000.0,438153.0,7.0,2.0,0.0,2.0,30285.0,0.0,1.0
1507080.0,12.0,49.0,2000000.0,500000.0,104658.0,8.0,3.0,1.0,2.0,976061.0,1.0,0.0
3081804.0,4.0,68.0,2980000.0,582000.0,631536.0,6.0,4.0,0.0,0.0,992377.0,1.0,0.0
489120.0,6.0,57.0,5150000.0,1624000.0,74500.0,13.0,5.0,0.0,2.0,10222125.0,1.0,0.0
3883632.0,11.0,35.0,3100000.0,1500000.0,302157.0,2.0,0.0,2.0,0.0,1777393.0,1.0,0.0
2960887.1999999997,9.0,122.0,1875609065.0,752282929.0,279795.0,0.0,0.0,0.0,0.0,1210000.0,1.0,0.0
1148041.2,6.0,30.0,2700000.0,1541000.0,173397.0,10.0,6.0,0.0,2.0,825891.0,0.0,1.0
1031760.0,6.0,54.0,1800000.0,600000.0,153140.0,5.0,0.0,1.0,1.0,1934611.0,1.0,0.0
1486800.0,12.0,26.0,1200000.0,500000.0,117868.0,7.0,2.0,0.0,2.0,1210000.0,1.0,0.0
1850158.8,6.0,57.0,3000000.0,700000.0,274799.0,3.0,3.0,0.0,0.0,1210000.0,1.0,0.0
871200.0,6.0,38.0,2000000.0,800000.0,129566.0,2.0,0.0,0.0,1.0,1210000.0,1.0,0.0
878880.0,5.0,43.0,6500000.0,2700000.0,142539.0,12.0,6.0,2.0,1.0,833126.0,0.0,1.0
1880280.0,6.0,39.0,2500000.0,800000.0,261150.0,6.0,4.0,0.0,0.0,3251295.0,1.0,0.0
1869600.0,6.0,49.0,1970000.0,1316000.0,283328.0,3.0,0.0,0.0,2.0,66667.0,0.0,1.0
2258334.0,9.0,122.0,330024049.0,213123214.0,212122.0,0.0,0.0,0.0,0.0,1210000.0,1.0,0.0
561858.0,6.0,42.0,3700000.0,0.0,83584.0,4.0,3.0,0.0,0.0,916148.0,0.0,1.0
1096080.0,12.0,53.0,2500000.0,700000.0,86113.0,2.0,0.0,1.0,0.0,928853.0,0.0,1.0
2520000.0,36.0,34.0,2810000.0,1175000.0,90559.0,7.0,5.0,1.0,0.0,1746562.0,1.0,0.0
1412450.4,10.0,68.0,2800000.0,0.0,119923.0,0.0,0.0,0.0,0.0,1210000.0,1.0,0.0
2100000.0,8.0,26.0,1900000.0,800000.0,237966.0,4.0,1.0,0.0,1.0,781592.0,1.0,0.0
1308000.0,6.0,37.0,1960000.0,232000.0,198564.0,4.0,0.0,0.0,3.0,977131.0,1.0,0.0
1729285.2,5.0,36.0,4099003.0,1541000.0,282502.0,9.0,7.0,1.0,0.0,4245364.0,0.0,1.0
2816640.0,18.0,44.0,5000000.0,2500000.0,155894.0,10.0,7.0,0.0,1.0,817673.0,1.0,0.0
2721600.0,12.0,29.0,1980000.0,200000.0,217069.0,6.0,0.0,0.0,3.0,1632372.0,1.0,0.0
1070580.0,10.0,53.0,4500000.0,170000.0,99067.0,2.0,1.0,0.0,0.0,4653360.0,1.0,0.0
1039174.7999999999,6.0,41.0,2000000.0,0.0,155113.0,0.0,0.0,0.0,0.0,1000000.0,1.0,0.0
3467401.1999999997,12.0,33.0,1590000.0,1590000.0,240792.0,5.0,3.0,0.0,1.0,1677974.0,1.0,0.0
1512000.0,8.0,46.0,8000000.0,850000.0,172732.0,6.0,3.0,0.0,0.0,378067.0,1.0,0.0
1941360.0,12.0,51.0,3500000.0,1000000.0,153920.0,7.0,6.0,0.0,1.0,1210000.0,1.0,0.0
4464784.8,6.0,61.0,15000000.0,7500000.0,661545.0,5.0,3.0,0.0,2.0,1750000.0,0.0,1.0
3085801.1999999997,9.0,63.0,10000000.0,5500000.0,288463.0,6.0,6.0,0.0,0.0,2115712.0,1.0,0.0
1619280.0,12.0,52.0,3039000.0,649000.0,135380.0,2.0,2.0,0.0,0.0,754000.0,1.0,0.0
1117680.0,6.0,63.0,4000000.0,1000000.0,155233.0,15.0,12.0,0.0,0.0,5198476.0,1.0,0.0
1200000.0,8.0,63.0,3800000.0,1500000.0,138340.0,5.0,4.0,0.0,0.0,908526.0,0.0,1.0
3277440.0,12.0,29.0,2210000.0,1240000.0,263071.0,8.0,1.0,3.0,1.0,1248129.0,0.0,1.0
4054177.1999999997,36.0,37.0,3730000.0,963000.0,145691.0,10.0,6.0,0.0,0.0,3106274.0,1.0,0.0
3392953.1999999997,10.0,45.0,5000000.0,3000000.0,288833.0,2.0,0.0,1.0,1.0,984754.0,0.0,1.0
1260240.0,9.0,44.0,5000000.0,2000000.0,117808.0,5.0,2.0,0.0,2.0,1210000.0,1.0,0.0
1440000.0,12.0,37.0,2000000.0,600000.0,113039.0,3.0,1.0,0.0,2.0,1293333.0,1.0,0.0
1269000.0,5.0,62.0,4000000.0,2000000.0,205870.0,14.0,5.0,0.0,5.0,933473.0,0.0,1.0
1928860.7999999998,12.0,22.0,1500000.0,700000.0,152929.0,6.0,4.0,1.0,0.0,1040909.0,1.0,0.0
1105920.0,12.0,28.0,2500000.0,1300000.0,86612.0,6.0,5.0,0.0,0.0,1210000.0,1.0,0.0
915420.0,12.0,54.0,2000000.0,800000.0,71913.0,3.0,1.0,0.0,1.0,1210000.0,1.0,0.0
4341696.0,36.0,57.0,1200000.0,200000.0,139678.0,2.0,0.0,0.0,1.0,908526.0,1.0,0.0
2789280.0,6.0,55.0,1000000.0,7115000.0,419880.0,7.0,7.0,0.0,0.0,963410.0,0.0,1.0
1200000.0,6.0,32.0,3000000.0,400000.0,177924.0,2.0,1.0,0.0,1.0,1210000.0,0.0,1.0
1784280.0,12.0,24.0,1100000.0,500000.0,123908.0,5.0,1.0,0.0,1.0,916148.0,1.0,0.0
5230200.0,12.0,42.0,5000000.0,1000000.0,410396.0,7.0,1.0,0.0,2.0,908526.0,0.0,1.0
1052140.8,6.0,40.0,1500000.0,900000.0,158161.0,5.0,1.0,1.0,1.0,1210000.0,0.0,1.0
3719560.8,10.0,42.0,9000000.0,3000000.0,315973.0,8.0,7.0,0.0,0.0,12987898.0,1.0,0.0
1760527.2,10.0,57.0,4000000.0,2100000.0,149712.0,9.0,5.0,0.0,1.0,4180433.0,1.0,0.0
1380000.0,6.0,48.0,1200000.0,480000.0,204968.0,2.0,0.0,1.0,0.0,1210000.0,1.0,0.0
1200000.0,6.0,46.0,2500000.0,0.0,178838.0,9.0,5.0,0.0,3.0,33334.0,0.0,1.0
2778360.0,6.0,37.0,1900000.0,450000.0,412644.0,5.0,2.0,1.0,1.0,1597698.0,1.0,0.0
3468000.0,6.0,39.0,5000000.0,4000000.0,516843.0,1.0,1.0,0.0,0.0,928853.0,0.0,1.0
5745600.0,12.0,33.0,3500000.0,1500000.0,450275.0,5.0,3.0,0.0,0.0,1210000.0,0.0,1.0
1622013.5999999999,10.0,29.0,3425000.0,1000000.0,138078.0,3.0,1.0,0.0,0.0,3226454.0,1.0,0.0
1021020.0,6.0,66.0,2000000.0,800000.0,151649.0,3.0,1.0,0.0,0.0,923771.0,0.0,1.0
1572360.0,12.0,33.0,1740000.0,600000.0,123378.0,0.0,0.0,0.0,0.0,1386320.0,1.0,0.0
1800000.0,6.0,61.0,1800000.0,450000.0,267531.0,7.0,5.0,0.0,0.0,1210000.0,0.0,1.0
2528100.0,6.0,60.0,2490000.0,500000.0,374978.0,10.0,5.0,0.0,2.0,3120186.0,1.0,0.0
3283980.0,6.0,45.0,13000000.0,7000000.0,486421.0,8.0,7.0,0.0,1.0,10641367.0,1.0,0.0
2265439.1999999997,10.0,38.0,4000000.0,1800000.0,192952.0,9.0,4.0,1.0,2.0,3732861.0,1.0,0.0
1747200.0,6.0,38.0,10000000.0,3000000.0,259743.0,9.0,2.0,0.0,3.0,1210000.0,0.0,1.0
5808000.0,6.0,47.0,8000000.0,3800000.0,860480.0,11.0,10.0,0.0,0.0,916148.0,1.0,0.0
3134280.0,12.0,40.0,2000000.0,1500000.0,217658.0,10.0,7.0,0.0,1.0,916148.0,0.0,1.0
1085880.0,12.0,54.0,2000000.0,500000.0,75408.0,2.0,2.0,0.0,0.0,956275.0,1.0,0.0
2384707.1999999997,9.0,42.0,3000000.0,1000000.0,223458.0,9.0,4.0,2.0,0.0,4308532.0,1.0,0.0
3827872.8,9.0,67.0,2500000.0,0.0,356977.0,5.0,5.0,0.0,0.0,1210000.0,1.0,0.0
3600000.0,24.0,61.0,2000000.0,500000.0,165509.0,9.0,5.0,0.0,2.0,1210000.0,0.0,1.0
1220160.0,12.0,47.0,2000000.0,500000.0,84733.0,3.0,3.0,0.0,0.0,1124242.0,1.0,0.0
438229.2,8.0,68.0,1000000.0,0.0,50672.0,0.0,0.0,0.0,0.0,961885.0,1.0,0.0
2652134.4,10.0,54.0,4000000.0,3500000.0,224942.0,10.0,6.0,0.0,3.0,908526.0,0.0,1.0
1079643.5999999999,12.0,39.0,4120000.0,1596000.0,90264.0,12.0,1.0,2.0,5.0,906666.0,1.0,0.0
1164780.0,12.0,26.0,2010000.0,871000.0,92900.0,5.0,3.0,0.0,0.0,1210000.0,1.0,0.0
1200000.0,6.0,31.0,3500000.0,1200000.0,178345.0,4.0,1.0,0.0,1.0,3590709.0,1.0,0.0
3754200.0,24.0,42.0,3500000.0,1000000.0,164497.0,9.0,3.0,0.0,2.0,1210000.0,1.0,0.0
2040000.0,6.0,54.0,2099000.0,926000.0,312761.0,4.0,2.0,0.0,1.0,1013333.0,1.0,0.0
1200000.0,24.0,56.0,2737000.0,446000.0,59057.0,2.0,1.0,0.0,0.0,1210000.0,0.0,1.0
660000.0,6.0,33.0,1500000.0,600000.0,99213.0,8.0,2.0,0.0,4.0,1810365.0,1.0,0.0
5186496.0,9.0,40.0,12000000.0,3000000.0,485998.0,9.0,7.0,0.0,0.0,941789.0,1.0,0.0
1080000.0,24.0,36.0,3456000.0,788000.0,53151.0,6.0,3.0,0.0,2.0,1482941.0,0.0,1.0
2645760.0,6.0,35.0,20000000.0,6000000.0,392699.0,5.0,4.0,0.0,0.0,1671164.0,0.0,1.0
1230000.0,12.0,25.0,1900000.0,600000.0,97510.0,1.0,1.0,0.0,0.0,1000000.0,1.0,0.0
2146680.0,12.0,40.0,11000000.0,4500000.0,168443.0,5.0,3.0,0.0,0.0,972557.0,1.0,0.0
2400000.0,10.0,46.0,4000000.0,1200000.0,221490.0,3.0,0.0,0.0,0.0,1210000.0,0.0,1.0
5884080.0,12.0,45.0,4000000.0,1500000.0,408617.0,10.0,5.0,2.0,0.0,6383802.0,1.0,0.0
1031048.3999999999,10.0,29.0,4000000.0,2500000.0,87449.0,2.0,2.0,0.0,0.0,533334.0,1.0,0.0
1661520.0,12.0,27.0,1240000.0,500000.0,130374.0,4.0,1.0,0.0,3.0,923772.0,1.0,0.0
1008000.0,10.0,49.0,1200000.0,400000.0,93996.0,11.0,1.0,1.0,9.0,1046570.0,1.0,0.0
3131760.0,6.0,67.0,1380000.0,300000.0,464834.0,6.0,4.0,0.0,1.0,1406967.0,1.0,0.0
2155622.4,12.0,32.0,2300000.0,600000.0,168821.0,3.0,2.0,0.0,0.0,2169101.0,1.0,0.0
1941420.0,6.0,60.0,5700000.0,2500000.0,287951.0,9.0,5.0,0.0,1.0,1210000.0,1.0,0.0
2038140.0,12.0,31.0,2804000.0,390000.0,160390.0,5.0,3.0,0.0,2.0,3327618.0,1.0,0.0
1334550.0,10.0,51.0,1500000.0,900000.0,113488.0,6.0,3.0,0.0,1.0,1535697.0,1.0,0.0
879120.0,6.0,37.0,1000000.0,400000.0,131009.0,4.0,2.0,0.0,2.0,1187792.0,1.0,0.0
2252040.0,6.0,48.0,1750000.0,455000.0,340143.0,5.0,0.0,0.0,2.0,975052.0,0.0,1.0
1679880.0,6.0,41.0,3000000.0,1100000.0,249735.0,4.0,1.0,0.0,1.0,1210000.0,1.0,0.0
828000.0,6.0,45.0,2200000.0,1500000.0,122767.0,6.0,5.0,1.0,0.0,1110789.0,1.0,0.0
2518315.1999999997,10.0,47.0,1800000.0,800000.0,213816.0,5.0,3.0,0.0,1.0,2144874.0,1.0,0.0
4128000.0,6.0,36.0,10000000.0,3000000.0,611644.0,7.0,5.0,0.0,0.0,921192.0,0.0,1.0
3511209.6,10.0,66.0,9230000.0,4988000.0,302040.0,14.0,10.0,0.0,0.0,969508.0,1.0,0.0
2114280.0,12.0,46.0,1200000.0,200000.0,146825.0,8.0,4.0,0.0,1.0,1031250.0,1.0,0.0
1961280.0,6.0,22.0,1000000.0,300000.0,290905.0,1.0,0.0,0.0,1.0,298499.0,1.0,0.0
1458000.0,18.0,40.0,1500000.0,450000.0,82475.0,1.0,1.0,0.0,0.0,1114699.0,1.0,0.0
14400000.0,10.0,47.0,10000000.0,5000000.0,1331030.0,4.0,2.0,0.0,1.0,1210000.0,0.0,1.0
1655340.0,12.0,37.0,1700000.0,300000.0,114954.0,12.0,4.0,0.0,7.0,1182079.0,1.0,0.0
3682908.0,9.0,122.0,27857028.0,9692543.0,343623.0,0.0,0.0,0.0,0.0,1210000.0,1.0,0.0
865671.6,10.0,47.0,7600000.0,5000000.0,73885.0,10.0,7.0,0.0,0.0,1713526.0,1.0,0.0
3000000.0,6.0,29.0,11000000.0,3000000.0,445379.0,5.0,2.0,0.0,1.0,7127773.0,1.0,0.0
1310940.0,6.0,33.0,3500000.0,750000.0,194577.0,4.0,1.0,0.0,0.0,1531845.0,1.0,0.0
1810639.2,6.0,61.0,1200000.0,250000.0,270281.0,2.0,2.0,0.0,0.0,960796.0,1.0,0.0
1901001.5999999999,10.0,42.0,3000000.0,1800000.0,161403.0,6.0,5.0,0.0,1.0,1210000.0,0.0,1.0
1707216.0,6.0,44.0,5000000.0,2500000.0,254430.0,3.0,2.0,0.0,1.0,1182350.0,0.0,1.0
2344334.4,9.0,58.0,6000000.0,3000000.0,219150.0,8.0,6.0,0.0,0.0,954263.0,0.0,1.0
613521.6,12.0,45.0,12000000.0,7000000.0,48638.0,10.0,9.0,0.0,0.0,15909205.0,1.0,0.0
1296000.0,6.0,52.0,3580000.0,1603000.0,197071.0,2.0,1.0,0.0,1.0,983368.0,1.0,0.0
4477200.0,36.0,40.0,4000000.0,500000.0,145205.0,11.0,4.0,0.0,5.0,1829523.0,1.0,0.0
1604400.0,9.0,37.0,4000000.0,2000000.0,150052.0,10.0,6.0,0.0,0.0,615779.0,0.0,1.0
3959400.0,24.0,45.0,3230000.0,274000.0,185533.0,5.0,2.0,0.0,2.0,984754.0,0.0,1.0
1636500.0,24.0,33.0,1200000.0,200000.0,72909.0,6.0,1.0,0.0,0.0,1174990.0,1.0,0.0
1307520.0,6.0,57.0,1000000.0,150000.0,193866.0,5.0,2.0,0.0,1.0,1130000.0,1.0,0.0
1143631.2,4.0,41.0,1300000.0,800000.0,229594.0,5.0,0.0,1.0,1.0,1260544.0,1.0,0.0
6724800.0,8.0,48.0,10000000.0,1500000.0,760063.0,3.0,3.0,0.0,0.0,1210000.0,0.0,1.0
9600000.0,36.0,51.0,3149000.0,506000.0,358922.0,10.0,4.0,0.0,3.0,974074.0,1.0,0.0
1309365.5999999999,12.0,33.0,1500000.0,600000.0,104432.0,4.0,2.0,0.0,1.0,1418509.0,1.0,0.0
6000000.0,36.0,26.0,1200000.0,400000.0,195480.0,1.0,0.0,0.0,1.0,848014.0,1.0,0.0
821208.0,2.0,38.0,5000000.0,2000000.0,323844.0,9.0,7.0,0.0,1.0,916841.0,0.0,1.0
768000.0,6.0,30.0,3000000.0,1000000.0,114457.0,1.0,0.0,1.0,0.0,883333.0,1.0,0.0
3532800.0,36.0,24.0,3500000.0,150000.0,113480.0,6.0,3.0,2.0,0.0,1185278.0,1.0,0.0
1092961.2,6.0,33.0,2162000.0,800000.0,162482.0,2.0,0.0,0.0,0.0,1210000.0,1.0,0.0
1185660.0,5.0,39.0,5000000.0,2000000.0,192573.0,9.0,5.0,0.0,1.0,2500000.0,0.0,1.0
4955508.0,10.0,122.0,600000000.0,400000000.0,459733.0,0.0,0.0,0.0,0.0,1210000.0,1.0,0.0
2247600.0,24.0,30.0,2400000.0,900000.0,98934.0,3.0,2.0,0.0,0.0,1686533.0,1.0,0.0
4658160.0,6.0,25.0,4176000.0,2528000.0,712571.0,6.0,1.0,1.0,2.0,1850413.0,0.0,1.0
1380000.0,6.0,55.0,7000000.0,0.0,204682.0,5.0,2.0,0.0,2.0,1210000.0,1.0,0.0
1669980.0,6.0,51.0,3500000.0,1200000.0,247608.0,8.0,1.0,2.0,2.0,1210000.0,1.0,0.0
2648520.0,12.0,59.0,2000000.0,150000.0,207561.0,6.0,3.0,0.0,3.0,916148.0,1.0,0.0
1371589.2,10.0,25.0,1500000.0,800000.0,116332.0,2.0,1.0,0.0,0.0,3243018.0,1.0,0.0
887880.0,6.0,59.0,2000000.0,500000.0,131964.0,6.0,3.0,1.0,1.0,1210000.0,0.0,1.0
2620944.0,8.0,60.0,3560000.0,1210000.0,304458.0,6.0,5.0,0.0,1.0,1210000.0,1.0,0.0
2063408.4,10.0,122.0,10000000.0,3000000.0,175284.0,0.0,0.0,0.0,0.0,1210000.0,1.0,0.0
1329240.0,10.0,42.0,3400000.0,1500000.0,122865.0,4.0,3.0,0.0,0.0,3552517.0,1.0,0.0
2240751.6,10.0,57.0,2825000.0,360000.0,196591.0,2.0,2.0,0.0,0.0,1397866.0,1.0,0.0
3555915.6,12.0,35.0,15000000.0,8000000.0,246939.0,10.0,4.0,0.0,1.0,9442954.0,1.0,0.0
7749999.6,6.0,28.0,8000000.0,1500000.0,1160773.0,4.0,1.0,0.0,1.0,878656.0,0.0,1.0
2245200.0,12.0,57.0,2600000.0,0.0,176393.0,5.0,4.0,0.0,0.0,1231899.0,1.0,0.0
1774891.2,10.0,63.0,3000000.0,1500000.0,150301.0,6.0,0.0,1.0,3.0,1210000.0,0.0,1.0
2090760.0,10.0,29.0,5800000.0,2000000.0,193052.0,6.0,6.0,0.0,0.0,5743315.0,1.0,0.0
1197240.0,8.0,25.0,1250000.0,300000.0,135785.0,7.0,4.0,0.0,1.0,999906.0,1.0,0.0
2343360.0,24.0,41.0,2500000.0,0.0,104401.0,3.0,1.0,0.0,1.0,1040000.0,1.0,0.0
2294400.0,12.0,43.0,3000000.0,1000000.0,179468.0,6.0,2.0,1.0,1.0,908526.0,0.0,1.0
2796000.0,12.0,27.0,2900000.0,1200000.0,219378.0,4.0,3.0,0.0,1.0,2671451.0,1.0,0.0
4909320.0,6.0,39.0,3600000.0,1500000.0,727837.0,3.0,1.0,0.0,0.0,3096000.0,1.0,0.0
1328280.0,12.0,41.0,3000000.0,850000.0,92242.0,12.0,6.0,0.0,2.0,1239939.0,1.0,0.0
4532400.0,36.0,43.0,3514000.0,3152000.0,171015.0,8.0,5.0,0.0,3.0,992377.0,1.0,0.0
1311120.0,12.0,35.0,3000000.0,1500000.0,91050.0,5.0,4.0,0.0,0.0,3230044.0,1.0,0.0
2492400.0,12.0,21.0,1500000.0,700000.0,195163.0,1.0,0.0,0.0,0.0,1210000.0,1.0,0.0
2099880.0,24.0,35.0,3387000.0,1315000.0,103343.0,9.0,3.0,0.0,5.0,2412842.0,1.0,0.0
3768000.0,12.0,32.0,6000000.0,2500000.0,296006.0,4.0,2.0,0.0,2.0,908526.0,0.0,1.0
1226122.8,8.0,67.0,3000000.0,1200000.0,139351.0,10.0,0.0,2.0,6.0,1210000.0,0.0,1.0
2849280.0,12.0,55.0,2000000.0,600000.0,223283.0,7.0,4.0,0.0,1.0,908526.0,1.0,0.0
1189256.4,9.0,122.0,6598553.0,0.0,111173.0,0.0,0.0,0.0,0.0,1210000.0,1.0,0.0
870294.0,10.0,45.0,4106000.0,1127000.0,78822.0,7.0,6.0,0.0,1.0,1210000.0,1.0,0.0
1200000.0,12.0,32.0,1600000.0,600000.0,83333.0,5.0,3.0,0.0,2.0,608160.0,1.0,0.0
821208.0,2.0,42.0,5000000.0,2000000.0,324034.0,8.0,4.0,1.0,2.0,984754.0,0.0,1.0
818749.2,6.0,49.0,1920000.0,2594000.0,123662.0,8.0,6.0,0.0,1.0,1210000.0,0.0,1.0
876000.0,12.0,41.0,1340000.0,600000.0,68765.0,5.0,2.0,2.0,1.0,1703213.0,1.0,0.0
1604400.0,6.0,58.0,4000000.0,2000000.0,218853.0,1.0,0.0,0.0,0.0,30285.0,0.0,1.0
2373600.0,12.0,26.0,1500000.0,600000.0,186007.0,9.0,0.0,1.0,6.0,1215531.0,1.0,0.0
2170785.6,10.0,62.0,4000000.0,1500000.0,184116.0,2.0,0.0,0.0,0.0,1210000.0,1.0,0.0
960574.7999999999,10.0,33.0,3000000.0,1500000.0,81472.0,8.0,2.0,0.0,4.0,1210000.0,1.0,0.0
803233.2,12.0,47.0,1800000.0,800000.0,63496.0,2.0,1.0,0.0,0.0,1100000.0,1.0,0.0
1050985.2,10.0,42.0,4000000.0,2500000.0,89374.0,4.0,2.0,0.0,1.0,941789.0,0.0,1.0
720000.0,6.0,26.0,15000000.0,1500000.0,107471.0,4.0,1.0,0.0,2.0,945115.0,0.0,1.0
580800.0,6.0,67.0,3000000.0,2000000.0,86402.0,6.0,3.0,1.0,0.0,1210000.0,1.0,0.0
1663800.0,6.0,54.0,1689000.0,320000.0,250038.0,12.0,0.0,0.0,11.0,1210000.0,0.0,1.0
1468063.2,11.0,38.0,4200000.0,1000000.0,114545.0,4.0,1.0,0.0,2.0,1210000.0,1.0,0.0
2838000.0,6.0,24.0,6000000.0,2000000.0,427644.0,3.0,2.0,0.0,1.0,732877.0,1.0,0.0
2102040.0,12.0,55.0,2000000.0,750000.0,145975.0,7.0,4.0,0.0,1.0,1210000.0,1.0,0.0
912000.0,6.0,52.0,1000000.0,1685000.0,137273.0,9.0,7.0,0.0,0.0,969508.0,0.0,1.0
2981760.0,6.0,44.0,6500000.0,1200000.0,442105.0,7.0,4.0,2.0,0.0,30285.0,0.0,1.0
636000.0,6.0,68.0,5000000.0,2500000.0,94555.0,22.0,14.0,0.0,2.0,1210000.0,1.0,0.0
1306309.2,10.0,33.0,2000000.0,1200000.0,111261.0,3.0,2.0,0.0,0.0,1738889.0,1.0,0.0
1105800.0,6.0,38.0,3000000.0,1500000.0,163957.0,3.0,1.0,0.0,1.0,908526.0,0.0,1.0
2507676.0,10.0,34.0,3000000.0,1000000.0,213248.0,8.0,0.0,4.0,4.0,1740909.0,1.0,0.0
600000.0,6.0,23.0,1400000.0,650000.0,89419.0,2.0,0.0,1.0,0.0,1379424.0,0.0,1.0
932400.0,6.0,58.0,1200000.0,250000.0,138294.0,2.0,1.0,1.0,0.0,905965.0,1.0,0.0
4488000.0,8.0,64.0,877803.0,841000.0,518211.0,3.0,2.0,0.0,0.0,1016667.0,0.0,1.0
903960.0,12.0,55.0,1500000.0,500000.0,70664.0,3.0,1.0,0.0,1.0,903405.0,1.0,0.0
2074680.0,12.0,43.0,1500000.0,500000.0,144075.0,8.0,4.0,0.0,3.0,783571.0,1.0,0.0
1517806.8,10.0,61.0,4000000.0,2000000.0,129207.0,4.0,3.0,1.0,0.0,1210000.0,0.0,1.0
3278086.8,9.0,23.0,2000000.0,1000000.0,306585.0,8.0,7.0,0.0,0.0,931394.0,1.0,0.0
3714000.0,8.0,29.0,3700000.0,0.0,421588.0,5.0,4.0,1.0,0.0,3727363.0,1.0,0.0
2674800.0,6.0,58.0,1600000.0,300000.0,397009.0,1.0,1.0,0.0,0.0,1701960.0,1.0,0.0
3547968.0,12.0,62.0,6000000.0,2000000.0,278744.0,1.0,1.0,0.0,0.0,6407219.0,1.0,0.0
1941420.0,18.0,39.0,1700000.0,740000.0,106684.0,1.0,1.0,0.0,0.0,1210000.0,1.0,0.0
1585368.0,10.0,40.0,8000000.0,4000000.0,134605.0,9.0,5.0,0.0,2.0,916148.0,0.0,1.0
907200.0,12.0,44.0,1900000.0,300000.0,71214.0,5.0,2.0,0.0,3.0,1210000.0,0.0,1.0
1131840.0,6.0,48.0,3062770.0,0.0,170950.0,1.0,1.0,0.0,0.0,3062770.0,1.0,0.0
3206535.6,9.0,47.0,5223559.0,3547000.0,303345.0,12.0,7.0,0.0,0.0,5839454.0,1.0,0.0
1454760.0,6.0,39.0,1520000.0,500000.0,217146.0,1.0,0.0,0.0,1.0,1820770.0,1.0,0.0
4290198.0,6.0,122.0,3979311000.0,3758729000.0,649722.0,0.0,0.0,0.0,0.0,1210000.0,1.0,0.0
1311600.0,6.0,62.0,3800000.0,1800000.0,196448.0,3.0,3.0,0.0,0.0,1210000.0,0.0,1.0
2138400.0,12.0,38.0,32000000.0,15000000.0,168002.0,22.0,17.0,0.0,0.0,1720000.0,0.0,1.0
3563340.0,12.0,44.0,3300000.0,300000.0,280415.0,2.0,1.0,0.0,1.0,946640.0,0.0,1.0
1342186.8,11.0,50.0,3000000.0,1300000.0,104247.0,6.0,2.0,0.0,3.0,905965.0,0.0,1.0
564000.0,6.0,50.0,1100000.0,500000.0,78333.0,2.0,0.0,2.0,0.0,1041885.0,1.0,0.0
1304400.0,8.0,32.0,1500000.0,0.0,148204.0,6.0,4.0,0.0,1.0,4019068.0,1.0,0.0
2287920.0,6.0,24.0,2640000.0,655000.0,345565.0,6.0,2.0,0.0,1.0,1305822.0,1.0,0.0
1047584.3999999999,9.0,40.0,2500000.0,1300000.0,97695.0,7.0,0.0,3.0,5.0,1210000.0,1.0,0.0
1239858.0,10.0,50.0,2000000.0,800000.0,105546.0,0.0,0.0,0.0,0.0,1802933.0,1.0,0.0
1036800.0,6.0,38.0,3000000.0,1200000.0,153888.0,3.0,1.0,0.0,1.0,1651743.0,1.0,0.0
1080000.0,6.0,56.0,2200000.0,1000000.0,160409.0,5.0,2.0,1.0,1.0,1210000.0,0.0,1.0
504000.0,6.0,54.0,1200000.0,100000.0,74858.0,2.0,0.0,0.0,2.0,1138639.0,1.0,0.0
1037520.0,6.0,38.0,1000000.0,831000.0,155383.0,5.0,4.0,0.0,0.0,891666.0,1.0,0.0
3634320.0,6.0,49.0,2900000.0,600000.0,539180.0,1.0,0.0,0.0,0.0,1210000.0,1.0,0.0
4100400.0,24.0,66.0,2220001.0,0.0,187902.0,5.0,3.0,1.0,1.0,969508.0,1.0,0.0
2852400.0,6.0,58.0,5000000.0,2000000.0,424044.0,6.0,3.0,0.0,2.0,1900297.0,1.0,0.0
478689.6,6.0,32.0,2500000.0,800000.0,72130.0,8.0,2.0,1.0,5.0,2327896.0,1.0,0.0
1344000.0,6.0,40.0,1500000.0,600000.0,200624.0,2.0,2.0,0.0,0.0,939017.0,1.0,0.0
4212000.0,36.0,22.0,3820000.0,1619000.0,158381.0,4.0,1.0,0.0,2.0,722222.0,1.0,0.0
1247157.5999999999,9.0,51.0,3500000.0,2000000.0,116864.0,6.0,3.0,0.0,1.0,941789.0,1.0,0.0
854994.0,10.0,32.0,2200000.0,1000000.0,72593.0,5.0,3.0,0.0,0.0,1210000.0,1.0,0.0
1511881.2,12.0,55.0,5000000.0,1800000.0,104992.0,3.0,2.0,0.0,0.0,908526.0,1.0,0.0
1604400.0,8.0,40.0,12000000.0,6000000.0,167262.0,10.0,7.0,0.0,2.0,974527.0,1.0,0.0
1869600.0,24.0,68.0,2200000.0,1000000.0,81536.0,9.0,7.0,1.0,0.0,2125456.0,1.0,0.0
2239933.1999999997,11.0,56.0,908526.0,1135000.0,176969.0,2.0,1.0,0.0,1.0,822701.0,0.0,1.0
1770186.0,4.0,64.0,4270000.0,301000.0,357716.0,10.0,9.0,0.0,0.0,2784204.0,0.0,1.0
1080000.0,12.0,46.0,1100000.0,400000.0,75000.0,2.0,0.0,0.0,0.0,1007617.0,1.0,0.0
3593640.0,6.0,31.0,3500000.0,650000.0,534239.0,2.0,0.0,0.0,0.0,1360000.0,1.0,0.0
684600.0,8.0,43.0,3800000.0,400000.0,77644.0,8.0,1.0,5.0,1.0,908526.0,0.0,1.0
1297320.0,11.0,62.0,3000000.0,1000000.0,101050.0,8.0,3.0,0.0,1.0,859462.0,0.0,1.0
1620000.0,6.0,68.0,1500000.0,240000.0,244683.0,6.0,4.0,0.0,1.0,2458181.0,0.0,1.0
3835051.1999999997,6.0,54.0,10000000.0,2000000.0,568238.0,3.0,1.0,0.0,1.0,908526.0,0.0,1.0
1185660.0,2.0,60.0,4000000.0,2000000.0,467909.0,9.0,6.0,0.0,2.0,1210000.0,0.0,1.0
1133977.2,6.0,43.0,3000000.0,1200000.0,170869.0,1.0,0.0,0.0,0.0,961885.0,0.0,1.0
2467080.0,18.0,29.0,1230000.0,400000.0,136304.0,3.0,0.0,0.0,3.0,1105739.0,1.0,0.0
2046840.0,12.0,53.0,1800000.0,900000.0,161075.0,5.0,1.0,0.0,0.0,1210000.0,0.0,1.0
2069880.0,12.0,43.0,1500000.0,350000.0,162416.0,0.0,0.0,0.0,0.0,908526.0,1.0,0.0
1800000.0,12.0,26.0,2800000.0,300000.0,141299.0,4.0,3.0,0.0,0.0,1300000.0,1.0,0.0
2482800.0,6.0,29.0,1272748.0,266000.0,374996.0,11.0,9.0,0.0,1.0,1181401.0,1.0,0.0
8005700.399999999,10.0,122.0,105912527.0,75500000.0,681503.0,0.0,0.0,0.0,0.0,1210000.0,1.0,0.0
3960000.0,8.0,29.0,4500000.0,620000.0,450451.0,3.0,1.0,0.0,0.0,1420944.0,0.0,1.0
2001780.0,6.0,47.0,4200000.0,1100000.0,297319.0,7.0,4.0,0.0,2.0,3808949.0,1.0,0.0
826560.0,6.0,23.0,1500000.0,37000.0,124413.0,2.0,0.0,0.0,0.0,383600.0,1.0,0.0
3012720.0,10.0,67.0,3000000.0,900000.0,278036.0,3.0,2.0,0.0,1.0,1210000.0,0.0,1.0
2955024.0,24.0,35.0,5000000.0,3500000.0,129480.0,3.0,2.0,0.0,0.0,942828.0,1.0,0.0
1032000.0,6.0,53.0,2000000.0,200000.0,155133.0,0.0,0.0,0.0,0.0,1210000.0,0.0,1.0
2278581.6,11.0,53.0,3000000.0,1500000.0,177786.0,1.0,0.0,0.0,0.0,933473.0,1.0,0.0
1044000.0,18.0,31.0,1300000.0,100000.0,57929.0,5.0,2.0,0.0,2.0,1533039.0,1.0,0.0
3396000.0,36.0,67.0,1550000.0,558000.0,122006.0,3.0,1.0,0.0,2.0,1210000.0,0.0,1.0
2492400.0,6.0,38.0,4500000.0,1500000.0,370173.0,3.0,1.0,0.0,0.0,1210000.0,1.0,0.0
2087400.0,12.0,40.0,13000000.0,5000000.0,163780.0,15.0,6.0,0.0,6.0,1000000.0,0.0,1.0
2400000.0,6.0,29.0,7000000.0,3500000.0,333333.0,5.0,4.0,0.0,0.0,1210000.0,0.0,1.0
2494800.0,24.0,32.0,1840000.0,103000.0,118849.0,3.0,0.0,0.0,0.0,1951363.0,1.0,0.0
2458680.0,6.0,32.0,6000000.0,2000000.0,365181.0,9.0,6.0,2.0,0.0,921593.0,1.0,0.0
1795500.0,12.0,46.0,1400000.0,700000.0,140945.0,1.0,0.0,0.0,1.0,1277272.0,1.0,0.0
1062100.8,10.0,32.0,2000000.0,1400000.0,89941.0,4.0,1.0,0.0,1.0,1210000.0,1.0,0.0
3960000.0,24.0,48.0,3000000.0,300000.0,176457.0,14.0,8.0,0.0,3.0,30285.0,1.0,0.0
1512994.8,10.0,33.0,2000000.0,1000000.0,128662.0,3.0,2.0,0.0,0.0,998667.0,1.0,0.0
1317000.0,12.0,35.0,3420000.0,1298000.0,109590.0,5.0,3.0,0.0,2.0,3732666.0,1.0,0.0
7056000.0,12.0,51.0,4500000.0,2000000.0,555039.0,1.0,1.0,0.0,0.0,1210000.0,1.0,0.0
1784280.0,6.0,48.0,2000000.0,600000.0,265014.0,1.0,0.0,0.0,0.0,1210000.0,0.0,1.0
955200.0,6.0,46.0,1300000.0,1100000.0,142579.0,2.0,2.0,0.0,0.0,2741802.0,1.0,0.0
856282.7999999999,10.0,61.0,14454000.0,4902000.0,73659.0,9.0,6.0,0.0,0.0,1513333.0,1.0,0.0
1724580.0,6.0,31.0,2000000.0,600000.0,255703.0,3.0,1.0,0.0,0.0,1031148.0,1.0,0.0
1348800.0,10.0,58.0,3800000.0,1250000.0,124673.0,6.0,3.0,1.0,0.0,1210000.0,0.0,1.0
443700.0,8.0,61.0,1600000.0,600000.0,50322.0,0.0,0.0,0.0,0.0,1210000.0,1.0,0.0
866280.0,10.0,31.0,1700000.0,600000.0,80077.0,3.0,1.0,0.0,1.0,908526.0,0.0,1.0
1553520.0,8.0,39.0,1792000.0,600000.0,176560.0,5.0,3.0,0.0,1.0,1782081.0,1.0,0.0
1498992.0,2.0,44.0,5000000.0,2000000.0,591302.0,4.0,1.0,1.0,1.0,939017.0,0.0,1.0
1892100.0,6.0,38.0,2400000.0,920000.0,280826.0,3.0,1.0,0.0,2.0,2040766.0,1.0,0.0
1036588.7999999999,9.0,49.0,3400000.0,1400000.0,96808.0,5.0,1.0,0.0,0.0,1431616.0,0.0,1.0
1462200.0,12.0,51.0,1400000.0,490000.0,115588.0,1.0,1.0,0.0,0.0,941789.0,0.0,1.0
1020000.0,12.0,38.0,5000000.0,2000000.0,81353.0,10.0,5.0,2.0,2.0,941789.0,0.0,1.0
684000.0,10.0,47.0,2500000.0,500000.0,63451.0,4.0,2.0,0.0,1.0,923771.0,1.0,0.0
1213905.5999999999,12.0,41.0,4000000.0,1200000.0,96818.0,11.0,7.0,0.0,3.0,1210000.0,0.0,1.0
2016000.0,12.0,43.0,1800000.0,150000.0,140000.0,8.0,5.0,0.0,0.0,925612.0,1.0,0.0
3866400.0,6.0,26.0,10000000.0,0.0,576217.0,8.0,8.0,0.0,0.0,1210000.0,0.0,1.0
1604400.0,5.0,57.0,4000000.0,2000000.0,260433.0,8.0,4.0,0.0,2.0,1210000.0,0.0,1.0
2760000.0,18.0,33.0,3150000.0,780000.0,157603.0,8.0,4.0,0.0,1.0,1107600.0,0.0,1.0
1680000.0,6.0,56.0,4000000.0,1500000.0,250767.0,2.0,2.0,0.0,0.0,945115.0,0.0,1.0
7637160.0,24.0,41.0,4010000.0,217000.0,357869.0,7.0,4.0,0.0,1.0,1210000.0,0.0,1.0
1708800.0,18.0,37.0,2000000.0,400000.0,94409.0,3.0,1.0,0.0,1.0,1210000.0,1.0,0.0
600000.0,12.0,37.0,1700000.0,0.0,47430.0,7.0,2.0,2.0,2.0,1541600.0,0.0,1.0
1295076.0,18.0,51.0,1800000.0,300000.0,71594.0,5.0,3.0,0.0,1.0,1259952.0,1.0,0.0
1834680.0,6.0,50.0,3000000.0,1200000.0,273426.0,3.0,1.0,0.0,0.0,2890439.0,1.0,0.0
1112400.0,12.0,28.0,4200000.0,700000.0,87334.0,6.0,3.0,0.0,2.0,893384.0,0.0,1.0
2159880.0,24.0,29.0,2000000.0,500000.0,96227.0,2.0,0.0,0.0,1.0,950105.0,1.0,0.0
1379881.2,12.0,48.0,1200000.0,600000.0,108544.0,13.0,4.0,1.0,8.0,895062.0,1.0,0.0
3151942.8,10.0,34.0,6050000.0,1536000.0,276533.0,4.0,3.0,0.0,0.0,8127085.0,1.0,0.0
809760.0,12.0,39.0,1500000.0,200000.0,63539.0,4.0,1.0,1.0,2.0,1292022.0,1.0,0.0
2798952.0,18.0,39.0,1500000.0,500000.0,154352.0,1.0,0.0,0.0,1.0,1082741.0,1.0,0.0
630000.0,6.0,48.0,2500000.0,300000.0,94703.0,3.0,2.0,0.0,0.0,954263.0,0.0,1.0
9358082.4,36.0,45.0,4500000.0,700000.0,324896.0,6.0,3.0,0.0,2.0,1000000.0,1.0,0.0
3230280.0,24.0,27.0,1500000.0,800000.0,143161.0,4.0,4.0,0.0,0.0,937300.0,1.0,0.0
904680.0,6.0,41.0,1500000.0,600000.0,134278.0,3.0,1.0,0.0,1.0,1447808.0,1.0,0.0
1208160.0,6.0,29.0,1658000.0,120000.0,184513.0,1.0,1.0,0.0,0.0,1303939.0,0.0,1.0
6576000.0,6.0,36.0,15000000.0,6000000.0,977382.0,7.0,3.0,0.0,3.0,925157.0,0.0,1.0
6830221.2,36.0,42.0,4170000.0,824000.0,234207.0,9.0,4.0,0.0,2.0,5600711.0,1.0,0.0
2190720.0,18.0,37.0,8000000.0,1000000.0,121035.0,7.0,4.0,0.0,0.0,908526.0,0.0,1.0
1211880.0,12.0,22.0,1890000.0,496000.0,100142.0,6.0,1.0,0.0,4.0,979319.0,0.0,1.0
2829360.0,36.0,40.0,10000000.0,3500000.0,93275.0,11.0,7.0,0.0,2.0,2466666.0,1.0,0.0
3664548.0,12.0,44.0,1300000.0,800000.0,254483.0,10.0,2.0,0.0,3.0,1210000.0,0.0,1.0
4640400.0,24.0,36.0,5185000.0,1757000.0,224907.0,5.0,2.0,1.0,1.0,3307496.0,1.0,0.0
1269000.0,5.0,47.0,5000000.0,2000000.0,205810.0,6.0,4.0,0.0,1.0,961442.0,0.0,1.0
1056360.0,6.0,54.0,12320000.0,9092000.0,158204.0,7.0,3.0,0.0,1.0,1210000.0,0.0,1.0
600000.0,6.0,68.0,3500000.0,1000000.0,89197.0,7.0,3.0,1.0,2.0,1210000.0,0.0,1.0
2158435.1999999997,9.0,51.0,8333000.0,3800000.0,201869.0,8.0,6.0,0.0,0.0,931394.0,0.0,1.0
3426804.0,12.0,45.0,8000000.0,4000000.0,267994.0,2.0,2.0,0.0,0.0,1210000.0,1.0,0.0
1020744.0,9.0,30.0,1500000.0,500000.0,95329.0,6.0,2.0,0.0,0.0,1577537.0,1.0,0.0
1232760.0,10.0,29.0,2300000.0,1000000.0,114075.0,7.0,4.0,0.0,1.0,600000.0,1.0,0.0
2006145.5999999999,6.0,68.0,1526000.0,400000.0,297967.0,0.0,0.0,0.0,0.0,1494375.0,1.0,0.0
3025920.0,18.0,40.0,3300000.0,1543000.0,174920.0,8.0,4.0,0.0,1.0,1194750.0,1.0,0.0
3645600.0,6.0,44.0,14000000.0,3500000.0,541840.0,9.0,4.0,1.0,3.0,1210000.0,0.0,1.0
3874680.0,36.0,33.0,2000000.0,1000000.0,125282.0,1.0,1.0,0.0,0.0,2019197.0,1.0,0.0
8890752.0,9.0,122.0,18756573.0,18711542.0,830319.0,0.0,0.0,0.0,0.0,1210000.0,1.0,0.0
7459752.0,9.0,122.0,9843138.0,12128679.0,698011.0,0.0,0.0,0.0,0.0,1210000.0,1.0,0.0
557998.7999999999,6.0,30.0,1300000.0,250000.0,82734.0,6.0,5.0,0.0,0.0,152946.0,1.0,0.0
4824000.0,6.0,53.0,9000000.0,5000000.0,716463.0,9.0,5.0,0.0,1.0,6876984.0,1.0,0.0
3000000.0,10.0,38.0,6000000.0,1500000.0,279072.0,5.0,3.0,0.0,0.0,442454.0,1.0,0.0
2849280.0,12.0,69.0,6000000.0,3000000.0,223573.0,5.0,3.0,2.0,0.0,1210000.0,1.0,0.0
2304000.0,6.0,31.0,6500000.0,2300000.0,342191.0,1.0,1.0,0.0,0.0,916148.0,0.0,1.0
4389720.0,12.0,41.0,5000000.0,1000000.0,343788.0,11.0,4.0,0.0,0.0,659025.0,0.0,1.0
1560000.0,6.0,51.0,2250000.0,785000.0,235619.0,9.0,0.0,6.0,1.0,1210000.0,0.0,1.0
622680.0,6.0,58.0,1200000.0,0.0,92485.0,4.0,1.0,1.0,1.0,1210000.0,1.0,0.0
2377152.0,12.0,45.0,3000000.0,1000000.0,185828.0,7.0,3.0,0.0,2.0,1210000.0,0.0,1.0
4583155.2,9.0,122.0,9410093.0,1232647.0,428437.0,0.0,0.0,0.0,0.0,1210000.0,1.0,0.0
2453278.8,10.0,39.0,7000000.0,5000000.0,208076.0,3.0,1.0,0.0,0.0,820701.0,0.0,1.0
1997880.0,12.0,54.0,1700000.0,600000.0,138742.0,4.0,2.0,1.0,1.0,1210000.0,0.0,1.0
3098661.6,11.0,38.0,2238000.0,186000.0,244814.0,1.0,1.0,0.0,0.0,1210000.0,1.0,0.0
932280.0,6.0,40.0,8000000.0,4000000.0,138595.0,4.0,3.0,0.0,0.0,2400000.0,0.0,1.0
2687328.0,10.0,34.0,5000000.0,2400000.0,231372.0,26.0,7.0,0.0,7.0,954263.0,1.0,0.0
2050204.7999999998,12.0,60.0,2000000.0,100000.0,161555.0,6.0,3.0,1.0,2.0,817673.0,1.0,0.0
939600.0,6.0,34.0,3000000.0,600000.0,139314.0,1.0,0.0,0.0,0.0,1210000.0,1.0,0.0
2400000.0,6.0,44.0,3000000.0,1500000.0,356709.0,4.0,1.0,0.0,1.0,1210000.0,1.0,0.0
821208.0,2.0,59.0,3200000.0,2000000.0,323844.0,6.0,3.0,0.0,3.0,783063.0,0.0,1.0
4189620.0,6.0,34.0,30000000.0,15000000.0,621848.0,7.0,5.0,1.0,1.0,916841.0,0.0,1.0
360000.0,6.0,31.0,2300000.0,500000.0,54119.0,5.0,2.0,1.0,0.0,2061537.0,1.0,0.0
2153708.4,10.0,40.0,5000000.0,2500000.0,183147.0,3.0,0.0,3.0,0.0,846305.0,0.0,1.0
2040000.0,12.0,48.0,3500000.0,600000.0,159569.0,17.0,9.0,1.0,4.0,3898592.0,1.0,0.0
5079360.0,6.0,24.0,2800000.0,500000.0,753908.0,3.0,0.0,1.0,2.0,1773085.0,1.0,0.0
1208400.0,10.0,36.0,2200000.0,800000.0,113266.0,5.0,0.0,1.0,4.0,1210000.0,0.0,1.0
3788784.0,18.0,49.0,2200000.0,800000.0,208703.0,4.0,2.0,1.0,1.0,2121131.0,1.0,0.0
7344000.0,6.0,37.0,15000000.0,3000000.0,1096209.0,3.0,1.0,0.0,0.0,1817052.0,1.0,0.0
653323.2,6.0,43.0,1330743.0,599000.0,98446.0,4.0,2.0,0.0,0.0,1327356.0,0.0,1.0
2496000.0,36.0,40.0,2460000.0,100000.0,82921.0,6.0,2.0,0.0,3.0,1420589.0,1.0,0.0
1663200.0,24.0,59.0,3224000.0,784000.0,83280.0,6.0,4.0,2.0,0.0,1210000.0,0.0,1.0
994980.0,6.0,48.0,2300000.0,1100000.0,147580.0,8.0,4.0,0.0,2.0,1210000.0,1.0,0.0
984000.0,12.0,46.0,4000000.0,750000.0,78494.0,8.0,2.0,2.0,2.0,5190649.0,1.0,0.0
2869620.0,12.0,48.0,3000000.0,500000.0,224739.0,3.0,0.0,0.0,1.0,909000.0,0.0,1.0
1772553.5999999999,9.0,48.0,1500000.0,700000.0,165700.0,8.0,6.0,0.0,1.0,30285.0,1.0,0.0
6804000.0,36.0,64.0,1200000.0,0.0,225980.0,9.0,2.0,0.0,2.0,908526.0,1.0,0.0
892801.2,12.0,22.0,1600000.0,500000.0,70142.0,5.0,3.0,0.0,2.0,1616257.0,1.0,0.0
1712828.4,9.0,50.0,2000000.0,1600000.0,159963.0,6.0,1.0,0.0,2.0,2160603.0,1.0,0.0
2245200.0,6.0,39.0,5470000.0,3483000.0,337431.0,8.0,5.0,0.0,0.0,2579495.0,1.0,0.0
1031880.0,12.0,49.0,2000000.0,400000.0,81069.0,3.0,3.0,0.0,0.0,1210000.0,0.0,1.0
1131480.0,12.0,50.0,1500000.0,0.0,90244.0,1.0,1.0,0.0,0.0,1000000.0,1.0,0.0
505200.0,6.0,43.0,2800000.0,844000.0,76949.0,5.0,1.0,0.0,3.0,1210000.0,0.0,1.0
2329752.0,10.0,34.0,2400000.0,1800000.0,198118.0,8.0,5.0,0.0,3.0,2470823.0,1.0,0.0
2874600.0,20.0,69.0,1000000.0,200000.0,146194.0,8.0,1.0,1.0,6.0,762998.0,1.0,0.0
717914.4,10.0,48.0,2000000.0,750000.0,66386.0,5.0,3.0,0.0,0.0,1210000.0,0.0,1.0
1963200.0,6.0,31.0,2200000.0,400000.0,291871.0,4.0,2.0,0.0,1.0,1210000.0,1.0,0.0
1596000.0,6.0,49.0,4300000.0,1600000.0,237211.0,8.0,5.0,0.0,0.0,1210000.0,1.0,0.0
2640000.0,12.0,29.0,4000000.0,2000000.0,206501.0,4.0,1.0,0.0,1.0,908526.0,1.0,0.0
4971360.0,36.0,28.0,1800000.0,300000.0,167729.0,4.0,1.0,0.0,1.0,1856151.0,1.0,0.0
2079478.7999999998,12.0,56.0,4000000.0,600000.0,144408.0,8.0,5.0,0.0,1.0,916148.0,0.0,1.0
788400.0,6.0,68.0,4500000.0,1000000.0,116896.0,5.0,3.0,0.0,1.0,4859333.0,1.0,0.0
2346240.0,12.0,45.0,1400000.0,500000.0,184089.0,4.0,3.0,0.0,1.0,466667.0,1.0,0.0
372960.0,6.0,50.0,1800000.0,600000.0,55317.0,7.0,5.0,0.0,0.0,908526.0,0.0,1.0
937824.0,12.0,52.0,2500000.0,750000.0,73802.0,3.0,1.0,0.0,0.0,2452149.0,1.0,0.0
413592.0,6.0,41.0,5000000.0,2000000.0,56513.0,9.0,6.0,0.0,2.0,826757.0,1.0,0.0
792000.0,6.0,35.0,3000000.0,900000.0,118219.0,5.0,4.0,0.0,1.0,1210000.0,1.0,0.0
2024040.0,6.0,31.0,3527604.0,517000.0,303128.0,4.0,2.0,0.0,1.0,3291666.0,1.0,0.0
3950400.0,6.0,60.0,8000000.0,0.0,591627.0,7.0,1.0,0.0,0.0,1210000.0,1.0,0.0
9049999.2,12.0,33.0,7600000.0,1500000.0,711890.0,7.0,0.0,2.0,2.0,1015292.0,1.0,0.0
3583383.6,10.0,24.0,5000000.0,2000000.0,305043.0,4.0,1.0,3.0,0.0,941789.0,0.0,1.0
924000.0,6.0,47.0,1000000.0,300000.0,137145.0,5.0,0.0,0.0,5.0,1042583.0,1.0,0.0
1139880.0,12.0,44.0,1200000.0,0.0,89702.0,3.0,0.0,0.0,1.0,1210000.0,1.0,0.0
1161661.2,6.0,24.0,3300000.0,1000000.0,172695.0,8.0,7.0,0.0,1.0,1167504.0,1.0,0.0
720000.0,6.0,63.0,1200000.0,0.0,107013.0,2.0,1.0,1.0,0.0,1210000.0,0.0,1.0
2292000.0,6.0,31.0,3000000.0,1000000.0,340657.0,2.0,1.0,0.0,0.0,889831.0,1.0,0.0
4323945.6,36.0,29.0,7600000.0,0.0,149969.0,2.0,2.0,0.0,0.0,1837457.0,1.0,0.0
4249200.0,36.0,29.0,4000000.0,250000.0,140042.0,7.0,3.0,0.0,2.0,709174.0,1.0,0.0
669840.0,12.0,44.0,2000000.0,750000.0,52560.0,8.0,3.0,0.0,3.0,870039.0,1.0,0.0
2329618.8,10.0,33.0,10000000.0,3000000.0,198106.0,10.0,8.0,0.0,1.0,9000000.0,1.0,0.0
1548000.0,12.0,58.0,2328000.0,850000.0,121517.0,3.0,0.0,1.0,2.0,2766628.0,1.0,0.0
2340960.0,24.0,34.0,1700000.0,200000.0,102325.0,3.0,1.0,0.0,1.0,1715625.0,1.0,0.0
1028280.0,6.0,23.0,1800000.0,520000.0,152832.0,4.0,1.0,0.0,1.0,1210000.0,1.0,0.0
1993920.0,6.0,49.0,3000000.0,1500000.0,296421.0,5.0,3.0,0.0,0.0,935968.0,0.0,1.0
1496880.0,12.0,33.0,1700000.0,550000.0,117230.0,1.0,0.0,0.0,0.0,1438088.0,1.0,0.0
2803080.0,12.0,28.0,2500000.0,450000.0,219948.0,4.0,1.0,0.0,1.0,2005555.0,1.0,0.0
4800000.0,6.0,33.0,3804000.0,1206000.0,732283.0,8.0,4.0,0.0,3.0,2671454.0,1.0,0.0
2760000.0,12.0,54.0,3500000.0,2000000.0,216553.0,13.0,2.0,8.0,1.0,1210000.0,1.0,0.0
1708800.0,8.0,43.0,3000000.0,600000.0,193813.0,5.0,2.0,0.0,2.0,1210000.0,1.0,0.0
1211400.0,10.0,39.0,1500000.0,800000.0,112098.0,4.0,3.0,0.0,1.0,1765385.0,1.0,0.0
1009570.7999999999,9.0,63.0,4000000.0,2000000.0,94511.0,4.0,2.0,0.0,2.0,1307041.0,1.0,0.0
778680.0,6.0,55.0,5000000.0,2300000.0,115760.0,3.0,3.0,0.0,0.0,1210000.0,0.0,1.0
2060104.7999999998,10.0,42.0,10000000.0,7000000.0,175004.0,13.0,11.0,0.0,0.0,4595884.0,1.0,0.0
538680.0,5.0,48.0,5000000.0,2000000.0,87492.0,11.0,8.0,0.0,2.0,1210000.0,0.0,1.0
878880.0,5.0,55.0,5000000.0,2000000.0,142664.0,2.0,1.0,0.0,0.0,1000000.0,0.0,1.0
852382.7999999999,12.0,30.0,1600000.0,600000.0,59193.0,12.0,5.0,0.0,5.0,1518426.0,1.0,0.0
2160000.0,12.0,65.0,18000000.0,10000000.0,150000.0,11.0,8.0,0.0,1.0,5295154.0,1.0,0.0
1289400.0,6.0,61.0,1600000.0,700000.0,192463.0,4.0,2.0,1.0,1.0,2700459.0,1.0,0.0
480000.0,6.0,50.0,1200000.0,600000.0,71293.0,0.0,0.0,0.0,0.0,988985.0,1.0,0.0
1395480.0,12.0,62.0,2400000.0,1500000.0,109499.0,8.0,3.0,0.0,2.0,1210000.0,1.0,0.0
2542440.0,6.0,59.0,4000000.0,1000000.0,377965.0,6.0,3.0,0.0,0.0,1210000.0,0.0,1.0
1488000.0,6.0,35.0,1400000.0,100000.0,220908.0,0.0,0.0,0.0,0.0,998318.0,1.0,0.0
3600000.0,12.0,54.0,1900000.0,600000.0,250000.0,6.0,3.0,0.0,1.0,1210000.0,0.0,1.0
1268400.0,5.0,40.0,5000000.0,2000000.0,205892.0,23.0,16.0,0.0,4.0,852639.0,0.0,1.0
974280.0,6.0,40.0,1650000.0,400000.0,145190.0,2.0,0.0,0.0,0.0,1210000.0,0.0,1.0
1511880.0,6.0,33.0,733333.0,0.0,227566.0,1.0,1.0,0.0,0.0,469405.0,1.0,0.0
2459732.4,9.0,122.0,2737590.0,2737590.0,230268.0,0.0,0.0,0.0,0.0,1210000.0,1.0,0.0
2560800.0,18.0,29.0,3100000.0,900000.0,144824.0,7.0,6.0,0.0,1.0,3277971.0,1.0,0.0
2476320.0,12.0,41.0,5000000.0,1000000.0,171967.0,4.0,3.0,0.0,0.0,2130926.0,1.0,0.0
2295021.6,9.0,122.0,535237000.0,41425000.0,214540.0,0.0,0.0,0.0,0.0,1210000.0,1.0,0.0
878880.0,8.0,36.0,5000000.0,2000000.0,91783.0,13.0,7.0,1.0,4.0,1210000.0,0.0,1.0
2490150.0,10.0,26.0,1900000.0,200000.0,232207.0,4.0,4.0,0.0,0.0,1900000.0,1.0,0.0
1847880.0,12.0,61.0,1500000.0,300000.0,128325.0,7.0,3.0,0.0,3.0,916148.0,1.0,0.0
1156128.0,11.0,62.0,2800000.0,35000.0,92119.0,2.0,0.0,0.0,1.0,977131.0,1.0,0.0
2298960.0,6.0,35.0,10000000.0,4000000.0,340835.0,5.0,4.0,0.0,0.0,16027200.0,1.0,0.0
1031880.0,6.0,51.0,4080000.0,1491000.0,155853.0,10.0,1.0,0.0,6.0,5468530.0,1.0,0.0
2280000.0,24.0,28.0,2378000.0,792000.0,111949.0,8.0,3.0,1.0,3.0,1556884.0,1.0,0.0
538800.0,6.0,64.0,1500000.0,500000.0,79972.0,2.0,2.0,0.0,0.0,916148.0,1.0,0.0
877538.4,6.0,64.0,3200000.0,1000000.0,130338.0,3.0,1.0,0.0,0.0,1802753.0,1.0,0.0
2120280.0,8.0,29.0,1800000.0,800000.0,242240.0,10.0,4.0,0.0,2.0,1410695.0,1.0,0.0
3656215.1999999997,10.0,51.0,4000000.0,2000000.0,311243.0,2.0,1.0,0.0,0.0,1210000.0,0.0,1.0
3540000.0,24.0,30.0,1650000.0,500000.0,154736.0,7.0,4.0,0.0,0.0,1373206.0,1.0,0.0
1269480.0,10.0,49.0,3000000.0,500000.0,117638.0,8.0,5.0,0.0,0.0,1210000.0,1.0,0.0
1988499.5999999999,9.0,34.0,14000000.0,5000000.0,186331.0,6.0,5.0,0.0,0.0,9443195.0,1.0,0.0
1451221.2,6.0,51.0,2500000.0,1000000.0,215391.0,6.0,3.0,0.0,0.0,1210000.0,1.0,0.0
2019600.0,6.0,67.0,3000000.0,800000.0,299966.0,6.0,3.0,0.0,1.0,1238358.0,0.0,1.0
504720.0,6.0,42.0,1985000.0,200000.0,74965.0,5.0,2.0,0.0,3.0,2283086.0,1.0,0.0
1311600.0,10.0,56.0,3800000.0,1800000.0,122957.0,2.0,0.0,0.0,1.0,946640.0,0.0,1.0
931200.0,12.0,35.0,1500000.0,400000.0,73098.0,7.0,5.0,0.0,0.0,1210000.0,1.0,0.0
995509.2,6.0,25.0,1500000.0,450000.0,149105.0,3.0,1.0,0.0,0.0,1552973.0,1.0,0.0
5204714.399999999,10.0,122.0,33000000.0,3000000.0,477814.0,0.0,0.0,0.0,0.0,1210000.0,1.0,0.0
3702090.0,5.0,122.0,1842754.0,7944033.0,657377.0,0.0,0.0,0.0,0.0,1210000.0,1.0,0.0
1740000.0,12.0,32.0,1700000.0,550000.0,136523.0,1.0,0.0,0.0,0.0,1487292.0,1.0,0.0
4185646.8,11.0,28.0,3900000.0,1800000.0,333304.0,8.0,6.0,0.0,1.0,1384117.0,1.0,0.0
1199880.0,12.0,58.0,1800000.0,350000.0,83325.0,1.0,0.0,0.0,1.0,151421.0,0.0,1.0
3010560.0,24.0,35.0,3000000.0,1000000.0,132216.0,2.0,1.0,0.0,0.0,575400.0,1.0,0.0
1968000.0,6.0,35.0,2097860.0,101000.0,294735.0,4.0,3.0,0.0,1.0,2000462.0,1.0,0.0
2078280.0,12.0,57.0,2500000.0,430000.0,163143.0,5.0,3.0,0.0,2.0,950000.0,1.0,0.0
1543087.2,10.0,26.0,2500000.0,800000.0,142706.0,6.0,2.0,0.0,2.0,1210000.0,1.0,0.0
2013127.2,8.0,31.0,2600000.0,700000.0,232062.0,6.0,3.0,0.0,3.0,1210000.0,0.0,1.0
590400.0,12.0,51.0,1000000.0,300000.0,46327.0,13.0,4.0,0.0,4.0,923771.0,1.0,0.0
1847880.0,6.0,45.0,5000000.0,600000.0,274726.0,4.0,3.0,0.0,0.0,1210000.0,1.0,0.0
528000.0,6.0,38.0,3440000.0,952000.0,80149.0,6.0,3.0,0.0,0.0,975052.0,1.0,0.0
4484720.399999999,10.0,33.0,4000000.0,2000000.0,381972.0,4.0,1.0,0.0,0.0,783498.0,1.0,0.0
990000.0,6.0,35.0,4000000.0,2000000.0,146673.0,4.0,2.0,0.0,0.0,1210000.0,0.0,1.0
4039200.0,24.0,26.0,3890000.0,806000.0,192423.0,5.0,3.0,0.0,0.0,1210000.0,0.0,1.0
2315520.0,12.0,35.0,2000000.0,700000.0,181691.0,2.0,2.0,0.0,0.0,2625103.0,0.0,1.0
1977360.0,6.0,26.0,2000000.0,450000.0,274633.0,4.0,2.0,1.0,0.0,2161975.0,1.0,0.0
935690.4,10.0,45.0,2000000.0,800000.0,79569.0,7.0,6.0,0.0,0.0,3780000.0,1.0,0.0
3528000.0,18.0,61.0,2500000.0,800000.0,195729.0,2.0,1.0,0.0,0.0,1210000.0,0.0,1.0
1185660.0,8.0,37.0,4000000.0,1000000.0,123554.0,15.0,5.0,1.0,8.0,1118333.0,1.0,0.0
1200000.0,6.0,42.0,2500000.0,1000000.0,178164.0,5.0,2.0,0.0,3.0,2478457.0,1.0,0.0
2067489.5999999999,6.0,58.0,5000000.0,0.0,308103.0,3.0,1.0,0.0,1.0,866667.0,1.0,0.0
4101192.0,10.0,34.0,2500000.0,1000000.0,348392.0,9.0,3.0,0.0,4.0,1210000.0,0.0,1.0
1738462.8,6.0,26.0,2300000.0,1000000.0,258459.0,3.0,1.0,0.0,1.0,2053333.0,1.0,0.0
2781000.0,24.0,36.0,3600000.0,2000000.0,122227.0,5.0,2.0,0.0,1.0,4159466.0,1.0,0.0
2139436.8,6.0,41.0,1700000.0,400000.0,321606.0,3.0,0.0,0.0,3.0,1678051.0,1.0,0.0
3052560.0,12.0,34.0,4000000.0,1500000.0,211983.0,7.0,2.0,0.0,1.0,3173552.0,1.0,0.0
4477488.0,10.0,33.0,7000000.0,3000000.0,379162.0,13.0,5.0,2.0,6.0,1210000.0,0.0,1.0
2245200.0,12.0,60.0,1800000.0,200000.0,176378.0,2.0,1.0,0.0,1.0,939017.0,0.0,1.0
2498626.8,10.0,29.0,7000000.0,4000000.0,212144.0,9.0,1.0,1.0,4.0,1210000.0,0.0,1.0
3711600.0,6.0,28.0,6200000.0,900000.0,550504.0,4.0,3.0,0.0,1.0,5692048.0,1.0,0.0
1373220.0,12.0,47.0,2000000.0,333000.0,107886.0,2.0,2.0,0.0,0.0,211990.0,0.0,1.0
3840000.0,36.0,38.0,5010000.0,1335000.0,135593.0,14.0,8.0,0.0,3.0,1600000.0,1.0,0.0
9160620.0,9.0,122.0,732745574.0,1715477430.0,858391.0,0.0,0.0,0.0,0.0,1210000.0,1.0,0.0
1776000.0,6.0,52.0,7000000.0,3000000.0,265111.0,13.0,8.0,0.0,1.0,7339108.0,1.0,0.0
936000.0,6.0,44.0,2000000.0,1000000.0,139148.0,2.0,2.0,0.0,0.0,516667.0,1.0,0.0
1876680.0,12.0,41.0,2000000.0,500000.0,147609.0,4.0,1.0,0.0,0.0,1210000.0,1.0,0.0
3697080.0,12.0,54.0,3500000.0,900000.0,290078.0,4.0,2.0,0.0,2.0,1210000.0,0.0,1.0
3096000.0,6.0,57.0,1000000.0,969000.0,466005.0,7.0,4.0,0.0,1.0,969508.0,0.0,1.0
3104640.0,6.0,45.0,15000000.0,6000000.0,463417.0,6.0,5.0,0.0,1.0,954263.0,0.0,1.0
2782680.0,12.0,39.0,2500000.0,350000.0,193242.0,8.0,5.0,1.0,0.0,2585310.0,1.0,0.0
1803240.0,12.0,38.0,2500000.0,500000.0,125225.0,5.0,3.0,0.0,0.0,908526.0,1.0,0.0
1580880.0,6.0,32.0,1000000.0,201000.0,236780.0,2.0,1.0,0.0,1.0,1000000.0,0.0,1.0
1308000.0,24.0,31.0,1693000.0,50000.0,63670.0,1.0,0.0,0.0,1.0,1000000.0,1.0,0.0
1604400.0,9.0,39.0,8000000.0,4000000.0,150196.0,4.0,2.0,0.0,2.0,908526.0,0.0,1.0
1604491.2,6.0,26.0,1800000.0,1945000.0,220719.0,2.0,2.0,0.0,0.0,1733334.0,1.0,0.0
1694012.4,2.0,27.0,1750000.0,104000.0,671860.0,2.0,0.0,0.0,0.0,1210000.0,1.0,0.0
1993081.2,12.0,46.0,2000000.0,500000.0,138408.0,5.0,0.0,0.0,3.0,916149.0,1.0,0.0
1327568.4,10.0,36.0,3400000.0,1500000.0,113012.0,5.0,5.0,0.0,0.0,1617142.0,1.0,0.0
384000.0,6.0,33.0,1117000.0,300000.0,57724.0,7.0,0.0,0.0,4.0,1210000.0,0.0,1.0
1604400.0,2.0,59.0,5000000.0,2000000.0,633067.0,6.0,3.0,0.0,2.0,954263.0,1.0,0.0
6000000.0,6.0,45.0,3270000.0,558000.0,892580.0,2.0,0.0,1.0,0.0,1210000.0,0.0,1.0
1845480.0,6.0,29.0,2000000.0,400000.0,274353.0,1.0,0.0,1.0,0.0,2009312.0,1.0,0.0
976400.3999999999,10.0,22.0,2000000.0,800000.0,83118.0,0.0,0.0,0.0,0.0,1206025.0,1.0,0.0
1393756.8,6.0,47.0,5417617.0,3000000.0,207351.0,6.0,3.0,0.0,1.0,5783687.0,1.0,0.0
3048000.0,6.0,29.0,3000000.0,800000.0,454962.0,2.0,0.0,0.0,1.0,1210000.0,0.0,1.0
1679640.0,6.0,35.0,2700000.0,1500000.0,249699.0,4.0,3.0,0.0,0.0,1000000.0,0.0,1.0
1152840.0,10.0,27.0,1400000.0,300000.0,106792.0,2.0,0.0,0.0,0.0,772247.0,1.0,0.0
2148000.0,6.0,27.0,1800000.0,700000.0,319238.0,5.0,2.0,0.0,0.0,1803075.0,1.0,0.0
2972280.0,24.0,56.0,3000000.0,985000.0,130956.0,3.0,0.0,1.0,1.0,1210000.0,0.0,1.0
3750000.0,12.0,36.0,5000000.0,3000000.0,293270.0,1.0,0.0,0.0,0.0,1210000.0,0.0,1.0
720000.0,6.0,42.0,1000000.0,100000.0,107303.0,2.0,2.0,0.0,0.0,895984.0,0.0,1.0
7258800.0,18.0,55.0,2480000.0,1831000.0,410515.0,4.0,2.0,0.0,2.0,1210000.0,0.0,1.0
1080000.0,6.0,20.0,7720000.0,2563000.0,163121.0,6.0,3.0,0.0,0.0,1210000.0,1.0,0.0
1139880.0,6.0,39.0,5000000.0,0.0,169457.0,4.0,0.0,0.0,4.0,1210000.0,1.0,0.0
2753640.0,12.0,43.0,2000000.0,800000.0,191225.0,2.0,1.0,0.0,0.0,1210000.0,0.0,1.0
614628.0,12.0,34.0,2800000.0,1500000.0,48288.0,6.0,2.0,2.0,0.0,2241919.0,1.0,0.0
962844.0,10.0,37.0,4500000.0,1000000.0,88909.0,3.0,2.0,0.0,0.0,4647897.0,1.0,0.0
2373600.0,6.0,39.0,10000000.0,3000000.0,351901.0,8.0,3.0,0.0,2.0,1200000.0,0.0,1.0
512016.0,6.0,52.0,3800000.0,500000.0,76173.0,22.0,15.0,1.0,1.0,925157.0,0.0,1.0
900000.0,12.0,48.0,2400000.0,1000000.0,70649.0,4.0,0.0,1.0,3.0,1687655.0,1.0,0.0
3169874.4,9.0,43.0,12115000.0,6000000.0,296748.0,30.0,27.0,3.0,0.0,381691.0,1.0,0.0
7127763.6,12.0,59.0,10000000.0,2000000.0,494984.0,8.0,3.0,0.0,0.0,1210000.0,0.0,1.0
1567200.0,6.0,30.0,6000000.0,0.0,232984.0,7.0,4.0,0.0,2.0,1210000.0,0.0,1.0
2757123.6,9.0,39.0,3500000.0,1800000.0,258478.0,11.0,6.0,0.0,1.0,1052720.0,1.0,0.0
5151480.0,36.0,46.0,7300000.0,3300000.0,166804.0,19.0,9.0,0.0,8.0,5051457.0,1.0,0.0
1185660.0,5.0,33.0,5000000.0,2000000.0,192629.0,5.0,0.0,0.0,3.0,1210000.0,0.0,1.0
1560000.0,6.0,54.0,1770000.0,767000.0,234452.0,8.0,3.0,0.0,1.0,1210000.0,0.0,1.0
650400.0,10.0,31.0,1000000.0,328000.0,60964.0,8.0,2.0,2.0,2.0,952199.0,1.0,0.0
2293200.0,12.0,43.0,4673700.0,1000000.0,180014.0,4.0,2.0,0.0,0.0,2702222.0,1.0,0.0
1343520.0,12.0,53.0,3500000.0,10000.0,105421.0,3.0,2.0,0.0,1.0,1210000.0,1.0,0.0
587520.0,6.0,26.0,2410000.0,0.0,88851.0,8.0,1.0,0.0,3.0,1210000.0,1.0,0.0
1657200.0,6.0,21.0,1000000.0,200000.0,245803.0,5.0,1.0,0.0,0.0,1184676.0,1.0,0.0
1710900.0,6.0,33.0,4800000.0,1000000.0,254462.0,5.0,5.0,0.0,0.0,4925480.0,1.0,0.0
1168680.0,6.0,49.0,3000000.0,2000000.0,159148.0,9.0,6.0,0.0,1.0,1059000.0,0.0,1.0
2383657.1999999997,9.0,45.0,3000000.0,1000000.0,222826.0,7.0,4.0,0.0,2.0,923771.0,0.0,1.0
1876320.0,8.0,29.0,2440000.0,647000.0,216215.0,5.0,2.0,0.0,1.0,2706000.0,1.0,0.0
1200000.0,6.0,52.0,1334000.0,472000.0,183267.0,6.0,0.0,2.0,1.0,1822682.0,1.0,0.0
3159481.1999999997,12.0,27.0,2500000.0,300000.0,219408.0,7.0,4.0,0.0,2.0,1210000.0,0.0,1.0
1320000.0,6.0,29.0,1800000.0,350000.0,196190.0,2.0,1.0,0.0,1.0,1365685.0,1.0,0.0
1416000.0,6.0,56.0,2200000.0,0.0,213871.0,0.0,0.0,0.0,0.0,4331849.0,0.0,1.0
6743640.0,10.0,55.0,3500000.0,650000.0,622353.0,8.0,5.0,0.0,0.0,908526.0,0.0,1.0
887640.0,12.0,46.0,1800000.0,450000.0,61642.0,4.0,1.0,0.0,2.0,908526.0,1.0,0.0
5417760.0,24.0,37.0,2500000.0,100000.0,188117.0,6.0,4.0,0.0,1.0,1826033.0,1.0,0.0
1397150.4,12.0,46.0,1200000.0,500000.0,109948.0,3.0,2.0,0.0,1.0,1210000.0,0.0,1.0
2451360.0,6.0,40.0,4000000.0,2000000.0,363596.0,7.0,5.0,0.0,1.0,7797803.0,1.0,0.0
1764000.0,8.0,34.0,1700000.0,700000.0,199892.0,1.0,1.0,0.0,0.0,1113034.0,1.0,0.0
1313880.0,12.0,33.0,2300000.0,180000.0,91242.0,8.0,3.0,0.0,3.0,2234575.0,1.0,0.0
1151640.0,6.0,36.0,1600000.0,500000.0,171901.0,5.0,1.0,2.0,0.0,1693183.0,1.0,0.0
4152000.0,6.0,43.0,15000000.0,3000000.0,617282.0,3.0,2.0,0.0,0.0,32724.0,0.0,1.0
2534280.0,12.0,35.0,4000000.0,2000000.0,175992.0,5.0,2.0,0.0,2.0,2496752.0,1.0,0.0
1843200.0,12.0,34.0,2850000.0,4281000.0,149285.0,12.0,5.0,0.0,4.0,838889.0,0.0,1.0
1389480.0,12.0,24.0,1250000.0,400000.0,96492.0,4.0,2.0,0.0,1.0,1631835.0,1.0,0.0
2400000.0,6.0,37.0,7500000.0,700000.0,333333.0,12.0,3.0,0.0,6.0,2927272.0,0.0,1.0
1380000.0,12.0,37.0,4250000.0,1000000.0,108610.0,4.0,4.0,0.0,0.0,3523873.0,1.0,0.0
5746080.0,12.0,38.0,10500000.0,4000000.0,399033.0,4.0,2.0,0.0,0.0,7699999.0,1.0,0.0
1212000.0,12.0,41.0,4000000.0,1300000.0,95141.0,6.0,5.0,0.0,1.0,5672970.0,1.0,0.0
1466280.0,6.0,56.0,2800000.0,1000000.0,203650.0,4.0,3.0,0.0,0.0,4066384.0,1.0,0.0
1320000.0,24.0,55.0,7000000.0,3000000.0,57501.0,13.0,3.0,0.0,5.0,1210000.0,1.0,0.0
1006039.2,2.0,63.0,16000000.0,8000000.0,396674.0,9.0,2.0,2.0,1.0,3959510.0,1.0,0.0
1475880.0,6.0,42.0,11230000.0,1694000.0,222915.0,2.0,2.0,0.0,0.0,5978283.0,1.0,0.0
2479152.0,24.0,45.0,1606000.0,91000.0,112998.0,3.0,1.0,0.0,1.0,896743.0,1.0,0.0
1658634.0,9.0,41.0,2000000.0,1000000.0,156361.0,2.0,0.0,1.0,0.0,1807624.0,1.0,0.0
1977600.0,12.0,39.0,4000000.0,1340000.0,157729.0,6.0,2.0,0.0,1.0,1210000.0,0.0,1.0
1498992.0,5.0,46.0,4000000.0,2000000.0,243323.0,13.0,2.0,0.0,8.0,1661038.0,0.0,1.0
7258800.0,6.0,45.0,2060000.0,699000.0,1087105.0,3.0,3.0,0.0,0.0,1210000.0,0.0,1.0
1356841.2,24.0,31.0,2000000.0,500000.0,59634.0,3.0,1.0,0.0,0.0,1282677.0,1.0,0.0
4121079.5999999996,11.0,40.0,6000000.0,2500000.0,320631.0,11.0,8.0,1.0,0.0,987895.0,1.0,0.0
3232504.8,10.0,31.0,2690000.0,1960000.0,283601.0,7.0,4.0,0.0,2.0,4110342.0,1.0,0.0
2465599.1999999997,10.0,34.0,3870000.0,698000.0,216317.0,3.0,2.0,0.0,0.0,1068087.0,0.0,1.0
1456560.0,9.0,36.0,9000000.0,5600000.0,136160.0,4.0,3.0,0.0,0.0,923771.0,1.0,0.0
946086.0,6.0,34.0,2500000.0,1000000.0,140656.0,9.0,4.0,0.0,2.0,2580283.0,1.0,0.0
3600000.0,12.0,59.0,1500000.0,200000.0,284583.0,3.0,2.0,0.0,1.0,931394.0,1.0,0.0
2028960.0,10.0,30.0,3000000.0,1500000.0,189201.0,3.0,1.0,0.0,0.0,2696318.0,1.0,0.0
1574400.0,10.0,54.0,3000000.0,1000000.0,145145.0,5.0,5.0,0.0,0.0,1210000.0,0.0,1.0
860400.0,6.0,30.0,2200000.0,800000.0,127909.0,2.0,1.0,0.0,0.0,2361605.0,1.0,0.0
1200000.0,6.0,58.0,2930000.0,141000.0,182158.0,3.0,2.0,0.0,0.0,1727272.0,1.0,0.0
1604400.0,8.0,44.0,5000000.0,2000000.0,167190.0,10.0,8.0,0.0,1.0,5587797.0,0.0,1.0
1657200.0,8.0,46.0,4800000.0,250000.0,187796.0,5.0,1.0,1.0,1.0,1210000.0,1.0,0.0
452700.0,6.0,37.0,3000000.0,1000000.0,67299.0,5.0,2.0,0.0,1.0,1210000.0,1.0,0.0
1797600.0,6.0,44.0,4530000.0,3097000.0,270572.0,8.0,6.0,0.0,1.0,1408333.0,0.0,1.0
2389918.8,6.0,59.0,3040000.0,2408000.0,360967.0,6.0,4.0,0.0,1.0,977131.0,1.0,0.0
1122853.2,10.0,52.0,4500000.0,2500000.0,95335.0,7.0,7.0,0.0,0.0,7521280.0,1.0,0.0
2400000.0,6.0,63.0,2000000.0,0.0,359987.0,2.0,2.0,0.0,0.0,1210000.0,1.0,0.0
952022.3999999999,9.0,32.0,4280000.0,2331000.0,93654.0,12.0,5.0,4.0,3.0,1210000.0,1.0,0.0
3116400.0,6.0,28.0,6000000.0,2000000.0,462237.0,9.0,1.0,0.0,1.0,1210000.0,1.0,0.0
1902867.5999999999,10.0,36.0,3000000.0,1500000.0,161138.0,19.0,5.0,1.0,11.0,1210000.0,0.0,1.0
670200.0,2.0,27.0,5000000.0,2000000.0,264255.0,3.0,1.0,0.0,2.0,1210000.0,1.0,0.0
892920.0,8.0,30.0,3890000.0,0.0,102443.0,6.0,3.0,0.0,0.0,790129.0,1.0,0.0
1637880.0,12.0,68.0,2200000.0,500000.0,113742.0,6.0,3.0,1.0,1.0,1210000.0,1.0,0.0
3297499.1999999997,12.0,54.0,3500000.0,900000.0,257882.0,8.0,0.0,1.0,4.0,1210000.0,1.0,0.0
1185660.0,8.0,49.0,5000000.0,2000000.0,123874.0,9.0,6.0,0.0,1.0,4789230.0,0.0,1.0
360000.0,12.0,34.0,2000000.0,600000.0,28540.0,4.0,3.0,0.0,1.0,1588713.0,1.0,0.0
1747200.0,12.0,53.0,1500000.0,700000.0,137438.0,8.0,3.0,0.0,3.0,1264818.0,1.0,0.0
1674078.0,9.0,63.0,1500000.0,600000.0,156869.0,3.0,1.0,0.0,2.0,641864.0,1.0,0.0
1584000.0,6.0,44.0,5000000.0,1400000.0,235481.0,3.0,1.0,0.0,2.0,939017.0,0.0,1.0
1193589.5999999999,9.0,50.0,3742000.0,1742000.0,111738.0,4.0,2.0,1.0,0.0,1210000.0,0.0,1.0
1446000.0,6.0,52.0,1000000.0,354000.0,217650.0,1.0,0.0,1.0,0.0,961885.0,1.0,0.0
8400000.0,6.0,40.0,5000000.0,1500000.0,1245922.0,6.0,3.0,0.0,0.0,1200000.0,1.0,0.0
3106262.4,11.0,54.0,11217000.0,3028000.0,253549.0,5.0,4.0,0.0,1.0,6493333.0,1.0,0.0
5565854.399999999,36.0,35.0,2119000.0,100000.0,180512.0,4.0,4.0,0.0,0.0,3326996.0,1.0,0.0
1197481.2,10.0,42.0,1200000.0,550000.0,110810.0,10.0,6.0,0.0,2.0,726821.0,1.0,0.0
2641018.8,12.0,28.0,4500000.0,500000.0,207490.0,3.0,0.0,0.0,2.0,1310666.0,0.0,1.0
2190312.0,9.0,64.0,4000000.0,2000000.0,205046.0,3.0,1.0,0.0,1.0,1391048.0,1.0,0.0
1376510.4,12.0,34.0,900000.0,200000.0,108055.0,0.0,0.0,0.0,0.0,1210000.0,1.0,0.0
1758360.0,10.0,41.0,2500000.0,1000000.0,149684.0,7.0,5.0,0.0,1.0,1338538.0,1.0,0.0
720000.0,6.0,40.0,1500000.0,150000.0,107007.0,3.0,0.0,2.0,0.0,1210000.0,0.0,1.0
1435200.0,12.0,52.0,2400000.0,400000.0,112240.0,5.0,3.0,0.0,2.0,2182000.0,1.0,0.0
1342681.2,12.0,41.0,6000000.0,400000.0,93242.0,6.0,3.0,1.0,2.0,908526.0,0.0,1.0
4392000.0,12.0,30.0,8000000.0,3500000.0,343478.0,4.0,3.0,0.0,1.0,908526.0,1.0,0.0
2626800.0,6.0,38.0,3000000.0,1500000.0,389475.0,3.0,2.0,0.0,0.0,1210000.0,1.0,0.0
4774740.0,12.0,57.0,2400000.0,1400000.0,374658.0,8.0,5.0,1.0,1.0,1210000.0,1.0,0.0
2241538.8,10.0,63.0,2400000.0,0.0,192821.0,2.0,1.0,0.0,0.0,1000000.0,0.0,1.0
4200000.0,6.0,35.0,8000000.0,2200000.0,629008.0,3.0,1.0,0.0,1.0,1210000.0,0.0,1.0
1836661.2,5.0,39.0,4500000.0,2800000.0,298395.0,10.0,3.0,5.0,0.0,1025095.0,1.0,0.0
3504123.6,10.0,35.0,3000000.0,1500000.0,298296.0,9.0,4.0,4.0,1.0,933473.0,1.0,0.0
1522932.0,9.0,46.0,3500000.0,1500000.0,142365.0,5.0,4.0,0.0,0.0,1001284.0,0.0,1.0
4454400.0,36.0,51.0,9800000.0,430000.0,147943.0,8.0,5.0,0.0,1.0,4062161.0,1.0,0.0
540000.0,6.0,32.0,2990000.0,578000.0,81838.0,8.0,6.0,0.0,1.0,1378938.0,1.0,0.0
1696083.5999999999,12.0,62.0,3000000.0,1000000.0,133405.0,3.0,0.0,0.0,0.0,30793.0,1.0,0.0
2113460.4,10.0,45.0,3000000.0,1500000.0,179725.0,6.0,2.0,1.0,1.0,939017.0,0.0,1.0
1482234.0,10.0,58.0,3000000.0,1000000.0,125848.0,3.0,0.0,0.0,2.0,1210000.0,0.0,1.0
7200000.0,6.0,36.0,42000000.0,21000000.0,1070126.0,9.0,5.0,0.0,1.0,469443.0,0.0,1.0
2992279.1999999997,11.0,28.0,1000000.0,340000.0,234404.0,2.0,0.0,0.0,2.0,1210000.0,1.0,0.0
3038880.0,12.0,34.0,2607000.0,1296000.0,243922.0,5.0,4.0,0.0,0.0,1939366.0,0.0,1.0
1972792.7999999998,10.0,60.0,3000000.0,1200000.0,167762.0,6.0,1.0,0.0,1.0,1210000.0,0.0,1.0
2215080.0,12.0,64.0,5000000.0,3000000.0,153825.0,10.0,5.0,0.0,0.0,1210000.0,0.0,1.0
1109160.0,5.0,46.0,2000000.0,1200000.0,179887.0,7.0,3.0,0.0,1.0,1210000.0,0.0,1.0
1200000.0,8.0,21.0,2960000.0,968000.0,140659.0,7.0,2.0,0.0,3.0,1155260.0,1.0,0.0
4800000.0,8.0,29.0,1111122.0,15000.0,550693.0,4.0,1.0,0.0,1.0,1168530.0,1.0,0.0
2959911.6,10.0,30.0,14000000.0,3000000.0,251705.0,15.0,12.0,0.0,1.0,1656232.0,0.0,1.0
952800.0,12.0,54.0,1200000.0,800000.0,74794.0,1.0,0.0,1.0,0.0,1541920.0,1.0,0.0
693600.0,6.0,43.0,1890000.0,1144000.0,104760.0,6.0,3.0,0.0,2.0,33334.0,0.0,1.0
5205878.399999999,9.0,32.0,6000000.0,4000000.0,487348.0,6.0,4.0,0.0,1.0,3069513.0,0.0,1.0
1766100.0,6.0,37.0,2120000.0,529000.0,267089.0,10.0,2.0,0.0,5.0,1210000.0,1.0,0.0
7650960.0,36.0,65.0,2146000.0,300000.0,288684.0,1.0,0.0,0.0,1.0,1210000.0,0.0,1.0
2916000.0,24.0,27.0,2500000.0,400000.0,127460.0,5.0,1.0,0.0,4.0,1958333.0,1.0,0.0
1224000.0,6.0,53.0,2343000.0,410000.0,188165.0,7.0,1.0,0.0,4.0,33334.0,1.0,0.0
1385160.0,12.0,58.0,2000000.0,800000.0,108548.0,6.0,1.0,0.0,4.0,1210000.0,1.0,0.0
1200000.0,10.0,43.0,4800000.0,4000000.0,111043.0,9.0,7.0,0.0,0.0,6198209.0,1.0,0.0
7080000.0,36.0,59.0,7000000.0,3000000.0,230666.0,9.0,5.0,0.0,0.0,7537816.0,1.0,0.0
2950263.6,11.0,30.0,6250000.0,1037000.0,258844.0,3.0,3.0,0.0,0.0,7997221.0,1.0,0.0
1499641.2,6.0,49.0,3050000.0,1500000.0,222577.0,7.0,4.0,1.0,1.0,1210000.0,1.0,0.0
1414800.0,6.0,41.0,6020000.0,2672000.0,212954.0,13.0,12.0,0.0,0.0,669000.0,1.0,0.0
2535481.1999999997,12.0,45.0,2000000.0,0.0,176075.0,7.0,5.0,0.0,0.0,916148.0,1.0,0.0
4679839.2,9.0,57.0,1600000.0,1000000.0,438732.0,0.0,0.0,0.0,0.0,1210000.0,0.0,1.0
4189555.1999999997,11.0,31.0,3100000.0,1780000.0,325959.0,4.0,0.0,0.0,4.0,1210000.0,1.0,0.0
1607880.0,6.0,28.0,3150000.0,1866000.0,242850.0,7.0,2.0,0.0,2.0,1210000.0,0.0,1.0
1827600.0,12.0,38.0,2300000.0,1600000.0,143822.0,2.0,2.0,0.0,0.0,2000000.0,0.0,1.0
1726200.0,18.0,41.0,6000000.0,1000000.0,96797.0,3.0,2.0,0.0,0.0,1282809.0,0.0,1.0
4044000.0,36.0,38.0,4160000.0,3622000.0,146447.0,2.0,2.0,0.0,0.0,1000000.0,0.0,1.0
680400.0,6.0,20.0,1000000.0,120000.0,100920.0,1.0,0.0,0.0,1.0,778736.0,0.0,1.0
2358961.1999999997,12.0,27.0,3000000.0,2000000.0,185560.0,2.0,2.0,0.0,0.0,1210000.0,0.0,1.0
1680000.0,6.0,66.0,5000000.0,2000000.0,233333.0,7.0,7.0,0.0,0.0,4000000.0,1.0,0.0
780000.0,6.0,37.0,2000000.0,350000.0,117259.0,4.0,3.0,0.0,1.0,482398.0,1.0,0.0
11250754.799999999,10.0,53.0,1890000.0,0.0,1002428.0,2.0,1.0,0.0,0.0,1210000.0,0.0,1.0
3436416.0,6.0,59.0,4398643.0,2470000.0,509470.0,6.0,5.0,1.0,0.0,4528680.0,1.0,0.0
3473100.0,18.0,51.0,2800000.0,1000000.0,192684.0,3.0,3.0,0.0,0.0,30285.0,0.0,1.0
1603200.0,12.0,47.0,2140000.0,191000.0,129847.0,4.0,4.0,0.0,0.0,1210000.0,0.0,1.0
3090600.0,24.0,36.0,4000000.0,1200000.0,135420.0,6.0,4.0,0.0,0.0,1200000.0,1.0,0.0
3144000.0,6.0,35.0,120000000.0,80000000.0,468556.0,18.0,13.0,0.0,4.0,6965909.0,0.0,1.0
3736800.0,6.0,52.0,8513889.0,8332000.0,564397.0,10.0,7.0,0.0,2.0,8513889.0,0.0,1.0
3473760.0,20.0,57.0,5000000.0,1200000.0,176550.0,0.0,0.0,0.0,0.0,3316820.0,1.0,0.0
1992000.0,12.0,31.0,2000000.0,500000.0,156776.0,5.0,3.0,1.0,1.0,1493940.0,1.0,0.0
971280.0,12.0,40.0,5000000.0,700000.0,76213.0,14.0,8.0,0.0,5.0,4595957.0,1.0,0.0
876000.0,6.0,53.0,7000000.0,3500000.0,130757.0,4.0,2.0,2.0,2.0,1210000.0,0.0,1.0
3878400.0,24.0,58.0,1000000.0,305000.0,134667.0,2.0,1.0,0.0,1.0,982116.0,1.0,0.0
1991880.0,12.0,68.0,1500000.0,700000.0,156750.0,0.0,0.0,0.0,0.0,1210000.0,0.0,1.0
6332860.8,9.0,37.0,2500000.0,1600000.0,592001.0,5.0,3.0,0.0,0.0,1599638.0,1.0,0.0
1800000.0,24.0,29.0,2308000.0,797000.0,84799.0,5.0,2.0,0.0,2.0,1210000.0,1.0,0.0
851880.0,10.0,38.0,2800000.0,1000000.0,78607.0,2.0,0.0,0.0,1.0,60569.0,1.0,0.0
1645200.0,6.0,55.0,2200000.0,500000.0,244357.0,0.0,0.0,0.0,0.0,2367964.0,1.0,0.0
2932291.1999999997,9.0,56.0,3000000.0,1500000.0,274506.0,9.0,7.0,0.0,1.0,1520000.0,0.0,1.0
2480160.0,6.0,34.0,3500000.0,800000.0,368120.0,2.0,1.0,0.0,0.0,1210000.0,0.0,1.0
1238640.0,6.0,24.0,1600000.0,799000.0,186841.0,1.0,0.0,0.0,1.0,871428.0,1.0,0.0
995880.0,6.0,21.0,1400000.0,113000.0,149898.0,2.0,1.0,0.0,0.0,936278.0,1.0,0.0
2946504.0,6.0,68.0,2090000.0,0.0,443504.0,1.0,0.0,0.0,0.0,969508.0,0.0,1.0
3871200.0,36.0,40.0,2000000.0,1000000.0,125169.0,6.0,1.0,0.0,1.0,520888.0,1.0,0.0
1319760.0,8.0,47.0,3000000.0,600000.0,149993.0,14.0,10.0,0.0,4.0,939017.0,1.0,0.0
1199880.0,18.0,36.0,2290000.0,1100000.0,66095.0,10.0,7.0,0.0,1.0,1210000.0,1.0,0.0
1723200.0,6.0,42.0,4200000.0,2000000.0,257215.0,2.0,2.0,0.0,0.0,516667.0,0.0,1.0
1913324.4,10.0,59.0,2000000.0,1000000.0,162705.0,11.0,5.0,0.0,4.0,1210000.0,0.0,1.0
719397.6,6.0,30.0,2300000.0,182000.0,109026.0,9.0,3.0,0.0,4.0,1934300.0,1.0,0.0
5040000.0,12.0,35.0,14000000.0,8000000.0,350000.0,16.0,10.0,0.0,2.0,9437420.0,1.0,0.0
7303699.2,10.0,35.0,7000000.0,5000000.0,674039.0,16.0,12.0,0.0,0.0,935968.0,0.0,1.0
4193427.5999999996,10.0,122.0,4663274549.0,934303642.0,355667.0,0.0,0.0,0.0,0.0,1210000.0,1.0,0.0
1711020.0,24.0,63.0,4000000.0,450000.0,74627.0,3.0,2.0,0.0,1.0,1124776.0,1.0,0.0
1124761.2,8.0,34.0,937301.0,1800000.0,127683.0,0.0,0.0,0.0,0.0,926879.0,1.0,0.0
836685.6,6.0,39.0,1790000.0,700000.0,125773.0,5.0,0.0,0.0,3.0,1755198.0,1.0,0.0
1559587.2,9.0,42.0,1000000.0,500000.0,145861.0,10.0,4.0,3.0,1.0,1165368.0,1.0,0.0
1309854.0,10.0,49.0,3000000.0,2000000.0,111504.0,0.0,0.0,0.0,0.0,1210000.0,0.0,1.0
2012280.0,12.0,27.0,2145000.0,300000.0,158080.0,6.0,1.0,1.0,0.0,1640425.0,1.0,0.0
1950961.2,6.0,24.0,2000000.0,700000.0,289969.0,4.0,2.0,0.0,2.0,1935625.0,1.0,0.0
1915200.0,6.0,27.0,2000000.0,500000.0,284254.0,3.0,3.0,0.0,0.0,1982008.0,1.0,0.0
3671400.0,6.0,36.0,1990000.0,90000.0,551774.0,1.0,0.0,0.0,0.0,366667.0,1.0,0.0
3160777.1999999997,9.0,29.0,3200000.0,1000000.0,295896.0,4.0,3.0,0.0,0.0,1210000.0,0.0,1.0
2100000.0,12.0,28.0,8000000.0,3200000.0,165175.0,5.0,2.0,0.0,1.0,657600.0,0.0,1.0
1115880.0,12.0,31.0,2500000.0,800000.0,87814.0,5.0,2.0,0.0,2.0,1068826.0,0.0,1.0
1224000.0,12.0,60.0,2000000.0,500000.0,97623.0,2.0,0.0,0.0,2.0,1210000.0,0.0,1.0
1397640.0,8.0,24.0,1500000.0,300000.0,158514.0,2.0,0.0,0.0,1.0,1210000.0,1.0,0.0
759512.4,12.0,59.0,1000000.0,500000.0,59843.0,3.0,2.0,0.0,1.0,923771.0,1.0,0.0
1348957.2,10.0,27.0,2800000.0,800000.0,124753.0,3.0,1.0,0.0,0.0,2524912.0,1.0,0.0
2166861.6,10.0,66.0,2100000.0,840000.0,184459.0,1.0,1.0,0.0,0.0,1210000.0,1.0,0.0
1607881.2,12.0,40.0,2000000.0,1200000.0,111658.0,5.0,1.0,0.0,0.0,1210000.0,1.0,0.0
1260000.0,10.0,23.0,3000000.0,1000000.0,118786.0,3.0,2.0,0.0,0.0,1000000.0,0.0,1.0
4454400.0,36.0,31.0,1800000.0,500000.0,147943.0,5.0,4.0,0.0,0.0,1650000.0,1.0,0.0
1559880.0,6.0,34.0,3000000.0,1000000.0,231895.0,5.0,2.0,0.0,0.0,1145224.0,0.0,1.0
1883638.8,12.0,29.0,1800000.0,500000.0,147803.0,6.0,1.0,2.0,0.0,1239200.0,1.0,0.0
1800000.0,12.0,57.0,1800000.0,500000.0,125000.0,4.0,1.0,0.0,2.0,908526.0,1.0,0.0
2524560.0,12.0,42.0,1500000.0,400000.0,175317.0,6.0,5.0,0.0,1.0,458074.0,1.0,0.0
3134607.6,10.0,26.0,3120000.0,969000.0,276434.0,5.0,2.0,0.0,2.0,1319732.0,1.0,0.0
672240.0,6.0,37.0,1200000.0,300000.0,99709.0,0.0,0.0,0.0,0.0,1210000.0,1.0,0.0
1302841.2,6.0,68.0,2600000.0,500000.0,180950.0,5.0,3.0,0.0,1.0,2566278.0,1.0,0.0
1544281.2,12.0,24.0,2400000.0,800000.0,107242.0,3.0,0.0,2.0,0.0,2332412.0,1.0,0.0
6238800.0,36.0,30.0,3650000.0,1135000.0,213985.0,3.0,2.0,0.0,0.0,1210000.0,0.0,1.0
821788.7999999999,9.0,51.0,5000000.0,3000000.0,77042.0,7.0,4.0,0.0,1.0,2570581.0,0.0,1.0
900000.0,6.0,29.0,2500000.0,900000.0,135290.0,2.0,0.0,0.0,0.0,1249478.0,1.0,0.0
2307660.0,10.0,49.0,4000000.0,2000000.0,195417.0,9.0,5.0,1.0,2.0,1210000.0,1.0,0.0
2412000.0,36.0,31.0,1960000.0,503000.0,92085.0,5.0,1.0,1.0,1.0,1580338.0,1.0,0.0
10080000.0,18.0,62.0,5927000.0,1824000.0,620085.0,3.0,2.0,0.0,1.0,1210000.0,1.0,0.0
5498400.0,36.0,44.0,1900000.0,763000.0,200638.0,6.0,0.0,0.0,5.0,983368.0,1.0,0.0
480000.0,6.0,40.0,1000000.0,250000.0,71242.0,4.0,1.0,0.0,0.0,30285.0,0.0,1.0
2317680.0,12.0,56.0,6000000.0,4000000.0,182087.0,8.0,5.0,1.0,0.0,5720431.0,1.0,0.0
2350680.0,10.0,39.0,2000000.0,600000.0,217829.0,0.0,0.0,0.0,0.0,1981983.0,1.0,0.0
1511968.8,24.0,28.0,2000000.0,250000.0,67373.0,5.0,0.0,0.0,4.0,1634650.0,0.0,1.0
3218400.0,12.0,50.0,2500000.0,250000.0,253584.0,4.0,3.0,0.0,0.0,989189.0,1.0,0.0
1731480.0,6.0,51.0,1840000.0,350000.0,240483.0,0.0,0.0,0.0,0.0,1662459.0,1.0,0.0
1319110.8,10.0,46.0,2000000.0,0.0,112057.0,1.0,1.0,0.0,0.0,1210000.0,1.0,0.0
909600.0,6.0,63.0,3500000.0,900000.0,135772.0,4.0,3.0,0.0,1.0,1210000.0,0.0,1.0
600000.0,6.0,43.0,2204000.0,306000.0,91989.0,4.0,2.0,0.0,1.0,1210000.0,0.0,1.0
6430682.399999999,12.0,42.0,8000000.0,4000000.0,446575.0,4.0,2.0,0.0,1.0,9277316.0,1.0,0.0
439623.6,6.0,38.0,4000000.0,1500000.0,65249.0,1.0,1.0,0.0,0.0,4917333.0,1.0,0.0
637281.6,9.0,64.0,2000000.0,1500000.0,59659.0,4.0,1.0,0.0,0.0,1210000.0,1.0,0.0
2138400.0,24.0,42.0,1100000.0,500000.0,93152.0,5.0,3.0,0.0,1.0,1082366.0,1.0,0.0
3566400.0,6.0,54.0,2900000.0,1000000.0,528790.0,4.0,2.0,0.0,0.0,2700033.0,1.0,0.0
3759960.0,24.0,32.0,2200000.0,700000.0,163977.0,10.0,5.0,0.0,1.0,1686151.0,1.0,0.0
878880.0,3.0,48.0,5000000.0,2000000.0,233237.0,8.0,2.0,0.0,3.0,931394.0,0.0,1.0
4435440.0,10.0,27.0,12000000.0,40000000.0,377181.0,7.0,3.0,0.0,2.0,918689.0,0.0,1.0
6080058.0,10.0,31.0,1500000.0,5775000.0,518935.0,5.0,5.0,0.0,0.0,1500000.0,1.0,0.0
997320.0,11.0,50.0,2500000.0,1200000.0,77461.0,8.0,6.0,1.0,1.0,1704055.0,1.0,0.0
1169280.0,6.0,42.0,4000000.0,1500000.0,173662.0,3.0,2.0,0.0,0.0,836027.0,1.0,0.0
1039200.0,6.0,28.0,3000000.0,1000000.0,154499.0,2.0,1.0,0.0,1.0,1210000.0,0.0,1.0
4742400.0,12.0,30.0,6000000.0,500000.0,370881.0,5.0,3.0,0.0,1.0,4721826.0,1.0,0.0
621811.2,6.0,64.0,2890000.0,730000.0,93125.0,9.0,3.0,1.0,5.0,242274.0,1.0,0.0
925800.0,12.0,40.0,2080000.0,312000.0,76133.0,3.0,2.0,1.0,0.0,1567421.0,1.0,0.0
2065080.0,24.0,35.0,2130000.0,587000.0,96767.0,5.0,2.0,0.0,1.0,1489878.0,1.0,0.0
1021020.0,6.0,47.0,2000000.0,1000000.0,151787.0,4.0,0.0,1.0,0.0,1210000.0,0.0,1.0
1800000.0,12.0,64.0,3000000.0,420000.0,141404.0,5.0,4.0,0.0,0.0,1210000.0,0.0,1.0
2729220.0,24.0,65.0,4500000.0,2000000.0,119567.0,4.0,2.0,0.0,0.0,1338952.0,0.0,1.0
2662500.0,12.0,51.0,8000000.0,4000000.0,208222.0,6.0,3.0,1.0,1.0,1210000.0,0.0,1.0
1185660.0,5.0,51.0,5000000.0,2000000.0,192350.0,12.0,8.0,0.0,3.0,933473.0,0.0,1.0
2880000.0,12.0,50.0,4500000.0,2800000.0,226108.0,2.0,1.0,0.0,1.0,5099977.0,1.0,0.0
1978020.0,12.0,69.0,1400000.0,200000.0,155015.0,2.0,1.0,0.0,0.0,1210000.0,0.0,1.0
1861051.2,11.0,40.0,3300000.0,1400000.0,144795.0,8.0,1.0,0.0,7.0,1210000.0,0.0,1.0
945240.0,6.0,30.0,1100000.0,500000.0,131283.0,4.0,1.0,1.0,0.0,868147.0,1.0,0.0
1704000.0,6.0,51.0,2940000.0,903000.0,257370.0,9.0,0.0,6.0,0.0,4016932.0,1.0,0.0
2112000.0,10.0,37.0,5000000.0,1500000.0,194911.0,4.0,2.0,0.0,1.0,905733.0,0.0,1.0
1814400.0,12.0,67.0,1500000.0,0.0,143839.0,11.0,2.0,0.0,5.0,1210000.0,0.0,1.0
2719080.0,12.0,50.0,10000000.0,4000000.0,213623.0,6.0,5.0,0.0,0.0,923771.0,0.0,1.0
2944532.4,9.0,53.0,3500000.0,1200000.0,275257.0,6.0,2.0,0.0,3.0,923771.0,1.0,0.0
3042357.6,6.0,32.0,5000000.0,2000000.0,450738.0,9.0,4.0,0.0,2.0,908960.0,0.0,1.0
829597.2,9.0,53.0,5500000.0,2000000.0,77477.0,4.0,4.0,0.0,0.0,894109.0,1.0,0.0
555121.2,6.0,47.0,2890000.0,1099000.0,83844.0,6.0,4.0,0.0,1.0,1082636.0,1.0,0.0
1308720.0,24.0,37.0,1500000.0,500000.0,57010.0,5.0,1.0,0.0,3.0,1398223.0,1.0,0.0
2239777.1999999997,11.0,56.0,3000000.0,2300000.0,175057.0,6.0,2.0,0.0,2.0,1210000.0,0.0,1.0
878880.0,8.0,56.0,5000000.0,2000000.0,91783.0,4.0,1.0,0.0,2.0,1014727.0,0.0,1.0
2401200.0,36.0,23.0,3793000.0,3341000.0,91673.0,10.0,4.0,0.0,3.0,1248500.0,1.0,0.0
1260240.0,2.0,31.0,5000000.0,2000000.0,497268.0,8.0,2.0,0.0,3.0,1144000.0,0.0,1.0
7346829.6,6.0,41.0,5000000.0,2000000.0,1004202.0,12.0,10.0,0.0,0.0,950105.0,1.0,0.0
3607200.0,24.0,26.0,4300000.0,450000.0,125250.0,1.0,0.0,0.0,0.0,1096580.0,0.0,1.0
4691280.0,10.0,28.0,4300000.0,1800000.0,434572.0,7.0,6.0,0.0,0.0,4751953.0,1.0,0.0
1612200.0,10.0,28.0,2300000.0,900000.0,149344.0,1.0,1.0,0.0,0.0,1006310.0,1.0,0.0
696000.0,6.0,32.0,1900000.0,1100000.0,103720.0,4.0,3.0,0.0,1.0,2760286.0,1.0,0.0
4980000.0,36.0,38.0,3800000.0,950000.0,162294.0,10.0,7.0,0.0,1.0,2200443.0,1.0,0.0
3600000.0,6.0,43.0,30000000.0,15000000.0,534313.0,6.0,3.0,0.0,2.0,1219518.0,0.0,1.0
1021320.0,6.0,27.0,908526.0,0.0,151417.0,3.0,1.0,1.0,0.0,931394.0,1.0,0.0
2496000.0,6.0,45.0,8000000.0,4000000.0,369456.0,7.0,1.0,0.0,1.0,905112.0,0.0,1.0
799680.0,11.0,41.0,3100000.0,1500000.0,62324.0,7.0,4.0,0.0,2.0,1272166.0,1.0,0.0
8720904.0,10.0,122.0,635000000.0,426000000.0,744332.0,0.0,0.0,0.0,0.0,1210000.0,1.0,0.0
983880.0,8.0,33.0,2000000.0,650000.0,111592.0,2.0,1.0,0.0,1.0,1210000.0,1.0,0.0
486000.0,8.0,53.0,4500000.0,2000000.0,55171.0,12.0,6.0,0.0,4.0,925157.0,1.0,0.0
2598240.0,24.0,51.0,4790000.0,696000.0,105633.0,4.0,1.0,1.0,0.0,1210000.0,0.0,1.0
2436819.6,12.0,48.0,8000000.0,300000.0,192633.0,6.0,4.0,1.0,0.0,1000000.0,0.0,1.0
1416000.0,12.0,53.0,3500000.0,1400000.0,110739.0,10.0,2.0,2.0,3.0,3448363.0,1.0,0.0
1220160.0,10.0,57.0,2500000.0,600000.0,113028.0,6.0,1.0,0.0,2.0,1177093.0,1.0,0.0
2059200.0,12.0,43.0,4000000.0,1000000.0,161780.0,6.0,4.0,1.0,0.0,816667.0,0.0,1.0
2809506.0,9.0,63.0,3000000.0,1400000.0,263012.0,3.0,2.0,0.0,0.0,3423076.0,1.0,0.0
2551560.0,10.0,40.0,6000000.0,3000000.0,216980.0,4.0,2.0,0.0,1.0,902469.0,0.0,1.0
3086401.1999999997,6.0,46.0,4000000.0,1000000.0,458415.0,8.0,5.0,0.0,0.0,1350000.0,0.0,1.0
1695480.0,6.0,57.0,1600000.0,600000.0,235483.0,5.0,2.0,1.0,2.0,1210000.0,0.0,1.0
2064000.0,6.0,34.0,2000000.0,600000.0,306839.0,5.0,2.0,0.0,1.0,934090.0,0.0,1.0
2500390.8,10.0,42.0,11942388.0,2386000.0,215087.0,6.0,4.0,0.0,2.0,11171740.0,1.0,0.0
2099956.8,9.0,51.0,3300000.0,600000.0,196306.0,4.0,0.0,1.0,3.0,3266666.0,1.0,0.0
1686816.0,10.0,38.0,1100000.0,500000.0,143068.0,7.0,0.0,2.0,1.0,1372208.0,1.0,0.0
2417400.0,12.0,63.0,1500000.0,1300000.0,189685.0,6.0,0.0,0.0,4.0,1210000.0,0.0,1.0
1728000.0,24.0,44.0,4000000.0,2000000.0,77847.0,10.0,8.0,0.0,1.0,1210000.0,1.0,0.0
2225640.0,6.0,28.0,1500000.0,500000.0,330794.0,2.0,1.0,0.0,0.0,1018181.0,1.0,0.0
927433.2,10.0,30.0,1500000.0,800000.0,78661.0,6.0,3.0,0.0,2.0,1210000.0,1.0,0.0
2228280.0,6.0,45.0,12000000.0,3500000.0,330356.0,5.0,2.0,2.0,1.0,961885.0,1.0,0.0
15600000.0,12.0,49.0,20000000.0,12000000.0,1227126.0,6.0,1.0,2.0,2.0,2445272.0,0.0,1.0
995880.0,6.0,57.0,1000000.0,350000.0,148050.0,4.0,2.0,0.0,0.0,933473.0,1.0,0.0
960000.0,24.0,48.0,3422000.0,0.0,47238.0,3.0,0.0,0.0,3.0,1000000.0,1.0,0.0
1005000.0,12.0,32.0,1850000.0,380000.0,81596.0,4.0,1.0,0.0,1.0,1210000.0,1.0,0.0
3168000.0,6.0,49.0,4690000.0,3306000.0,476843.0,6.0,5.0,0.0,0.0,1210000.0,0.0,1.0
3216000.0,6.0,35.0,7000000.0,3000000.0,477990.0,7.0,4.0,0.0,0.0,2400000.0,0.0,1.0
2308680.0,6.0,40.0,5000000.0,1000000.0,342902.0,4.0,2.0,0.0,0.0,1210000.0,1.0,0.0
768000.0,6.0,42.0,1200000.0,400000.0,114636.0,3.0,1.0,0.0,2.0,1210000.0,1.0,0.0
1372681.2,12.0,23.0,1300000.0,580000.0,108022.0,7.0,2.0,0.0,5.0,733334.0,1.0,0.0
2549998.8,10.0,44.0,1700000.0,700000.0,216506.0,4.0,3.0,0.0,0.0,653449.0,1.0,0.0
935040.0,12.0,64.0,2000000.0,0.0,73674.0,5.0,2.0,0.0,2.0,923771.0,0.0,1.0
2533080.0,12.0,56.0,1800000.0,300000.0,199010.0,4.0,1.0,0.0,0.0,1011084.0,1.0,0.0
3446404.8,10.0,36.0,4700000.0,2000000.0,292768.0,7.0,4.0,0.0,2.0,1404313.0,0.0,1.0
1913880.0,6.0,61.0,13000000.0,4000000.0,285677.0,6.0,3.0,0.0,2.0,1287500.0,1.0,0.0
2038140.0,24.0,33.0,1708000.0,800000.0,89305.0,5.0,1.0,0.0,2.0,2567508.0,1.0,0.0
2137198.8,8.0,26.0,2000000.0,400000.0,242049.0,10.0,2.0,1.0,3.0,1210000.0,1.0,0.0
2068459.2,10.0,40.0,3400000.0,1200000.0,176174.0,5.0,3.0,1.0,0.0,1210000.0,1.0,0.0
2018306.4,11.0,53.0,3000000.0,1500000.0,157478.0,6.0,6.0,0.0,0.0,1210000.0,0.0,1.0
1232281.2,12.0,24.0,4000000.0,1000000.0,85575.0,3.0,1.0,0.0,1.0,2266174.0,1.0,0.0
4605172.8,11.0,43.0,4000000.0,1000000.0,358704.0,6.0,3.0,0.0,1.0,1210000.0,0.0,1.0
1451772.0,6.0,30.0,1700000.0,200000.0,215628.0,0.0,0.0,0.0,0.0,915648.0,1.0,0.0
1800000.0,12.0,57.0,1500000.0,347000.0,141825.0,15.0,0.0,0.0,13.0,916841.0,0.0,1.0
1280280.0,12.0,56.0,1300000.0,300000.0,100459.0,11.0,5.0,0.0,2.0,1077803.0,1.0,0.0
733080.0,6.0,51.0,1500000.0,600000.0,108988.0,9.0,5.0,1.0,1.0,1408305.0,1.0,0.0
1848000.0,6.0,41.0,6000000.0,2000000.0,274728.0,7.0,3.0,0.0,1.0,1210000.0,0.0,1.0
1307580.0,12.0,44.0,5000000.0,1000000.0,102729.0,6.0,1.0,0.0,5.0,31809.0,0.0,1.0
791157.6,10.0,32.0,2500000.0,1500000.0,67208.0,3.0,1.0,2.0,0.0,2101250.0,1.0,0.0
1668000.0,12.0,35.0,1800000.0,800000.0,133036.0,2.0,0.0,2.0,0.0,1903174.0,1.0,0.0
3705780.0,6.0,38.0,20000000.0,7000000.0,550409.0,7.0,4.0,0.0,2.0,14026907.0,1.0,0.0
1185660.0,5.0,47.0,5000000.0,2000000.0,192462.0,17.0,12.0,0.0,5.0,3385872.0,0.0,1.0
7299999.6,12.0,32.0,3000000.0,2000000.0,574469.0,2.0,1.0,1.0,0.0,1210000.0,0.0,1.0
6801600.0,8.0,35.0,5000000.0,1500000.0,768744.0,4.0,4.0,0.0,0.0,302842.0,0.0,1.0
1049280.0,6.0,37.0,1500000.0,500000.0,155634.0,3.0,2.0,0.0,0.0,1154719.0,1.0,0.0
1540812.0,10.0,31.0,2500000.0,1000000.0,131165.0,3.0,1.0,0.0,0.0,1126708.0,1.0,0.0
516000.0,6.0,23.0,2000000.0,700000.0,77278.0,2.0,1.0,0.0,0.0,454263.0,0.0,1.0
1313760.0,12.0,27.0,2000000.0,300000.0,91233.0,2.0,0.0,0.0,1.0,1661175.0,1.0,0.0
1948143.5999999999,10.0,43.0,3000000.0,1200000.0,165666.0,1.0,1.0,0.0,0.0,931394.0,1.0,0.0
1440000.0,12.0,63.0,2500000.0,1000000.0,100000.0,5.0,5.0,0.0,0.0,916148.0,1.0,0.0
2160000.0,6.0,49.0,1800000.0,500000.0,321909.0,3.0,0.0,0.0,0.0,1210000.0,0.0,1.0
666000.0,12.0,40.0,2210000.0,602000.0,55424.0,4.0,0.0,3.0,1.0,1173076.0,1.0,0.0
6744000.0,6.0,42.0,6000000.0,300000.0,1010007.0,4.0,0.0,0.0,2.0,1210000.0,0.0,1.0
3626463.6,11.0,21.0,6150000.0,3107000.0,296010.0,11.0,4.0,2.0,3.0,1210000.0,0.0,1.0
1244425.2,12.0,25.0,1200000.0,150000.0,98373.0,2.0,1.0,0.0,0.0,1231226.0,1.0,0.0
3138074.4,36.0,34.0,2070000.0,102000.0,111875.0,2.0,0.0,0.0,1.0,1275399.0,1.0,0.0
1525764.0,12.0,36.0,6000000.0,2800000.0,120069.0,16.0,3.0,2.0,10.0,1210000.0,0.0,1.0
3550560.0,24.0,59.0,3677000.0,1264000.0,174737.0,9.0,6.0,0.0,1.0,1932958.0,1.0,0.0
802800.0,6.0,35.0,1000000.0,1665000.0,121097.0,11.0,7.0,1.0,1.0,966736.0,1.0,0.0
1939576.7999999998,10.0,61.0,2000000.0,1000000.0,165111.0,4.0,2.0,0.0,1.0,1977155.0,1.0,0.0
1948680.0,12.0,28.0,6000000.0,2500000.0,135325.0,13.0,6.0,1.0,1.0,797484.0,0.0,1.0
1603920.0,12.0,41.0,1500000.0,300000.0,125592.0,1.0,0.0,0.0,1.0,1210000.0,0.0,1.0
1579080.0,6.0,43.0,2500000.0,1000000.0,236510.0,5.0,2.0,0.0,3.0,808397.0,0.0,1.0
1269000.0,5.0,58.0,4000000.0,2000000.0,205810.0,18.0,13.0,0.0,3.0,923771.0,0.0,1.0
768000.0,6.0,31.0,2000000.0,800000.0,115019.0,9.0,5.0,0.0,3.0,1210000.0,0.0,1.0
3136789.1999999997,6.0,36.0,4900000.0,2000000.0,435665.0,6.0,5.0,0.0,0.0,5233784.0,1.0,0.0
667800.0,6.0,56.0,2500000.0,1500000.0,91402.0,5.0,3.0,1.0,0.0,954263.0,1.0,0.0
8208000.0,12.0,51.0,3500000.0,1500000.0,642030.0,5.0,4.0,1.0,0.0,1517852.0,1.0,0.0
2131800.0,12.0,30.0,3000000.0,1000000.0,166955.0,5.0,1.0,0.0,1.0,1210000.0,0.0,1.0
1565880.0,6.0,28.0,3900000.0,1000000.0,232417.0,8.0,5.0,0.0,2.0,3072311.0,1.0,0.0
1460986.8,9.0,66.0,0.0,0.0,141386.0,1.0,1.0,0.0,0.0,1210000.0,0.0,1.0
4224000.0,6.0,41.0,0.0,0.0,627775.0,7.0,5.0,1.0,1.0,925157.0,0.0,1.0
3943680.0,24.0,61.0,3000000.0,300000.0,171793.0,7.0,6.0,0.0,1.0,1210000.0,0.0,1.0
5613600.0,6.0,59.0,2934000.0,1516000.0,864964.0,9.0,4.0,0.0,3.0,1589090.0,1.0,0.0
2799360.0,12.0,27.0,3400000.0,500000.0,194400.0,6.0,2.0,0.0,3.0,1210000.0,1.0,0.0
3524919.6,6.0,43.0,8070000.0,426000.0,534183.0,4.0,3.0,0.0,1.0,1193771.0,1.0,0.0
1492800.0,12.0,40.0,1500000.0,354000.0,119870.0,8.0,4.0,0.0,0.0,1321085.0,1.0,0.0
7200000.0,36.0,47.0,2098000.0,340000.0,273894.0,10.0,2.0,0.0,5.0,1210000.0,0.0,1.0
3600000.0,6.0,32.0,13000000.0,6500000.0,535577.0,5.0,4.0,0.0,1.0,5927931.0,1.0,0.0
1282879.2,10.0,28.0,4512000.0,1258000.0,113718.0,7.0,4.0,1.0,1.0,1199308.0,1.0,0.0
12096000.0,6.0,49.0,30000000.0,10000000.0,1802690.0,25.0,19.0,2.0,4.0,1600000.0,0.0,1.0
4248000.0,12.0,61.0,3000000.0,800000.0,333741.0,4.0,4.0,0.0,0.0,1625613.0,0.0,1.0
9772800.0,6.0,45.0,7822000.0,5235000.0,1481084.0,5.0,4.0,0.0,0.0,1499416.0,0.0,1.0
1713600.0,6.0,62.0,6000000.0,2000000.0,254075.0,6.0,3.0,2.0,0.0,1210000.0,0.0,1.0
2678400.0,12.0,59.0,4110000.0,1500000.0,210252.0,3.0,2.0,1.0,0.0,1210000.0,1.0,0.0
7144904.399999999,10.0,56.0,20000000.0,5000000.0,608226.0,12.0,12.0,0.0,0.0,2937500.0,1.0,0.0
1853640.0,12.0,35.0,2300000.0,850000.0,145630.0,5.0,3.0,0.0,1.0,1210000.0,0.0,1.0
1509253.2,9.0,55.0,1500000.0,900000.0,141424.0,3.0,3.0,0.0,0.0,3364198.0,1.0,0.0
954000.0,6.0,40.0,3000000.0,1000000.0,141824.0,5.0,2.0,0.0,1.0,1210000.0,0.0,1.0
1430160.0,8.0,46.0,2000000.0,800000.0,162342.0,8.0,4.0,0.0,3.0,939017.0,1.0,0.0
1632000.0,12.0,41.0,2000000.0,1500000.0,128588.0,3.0,2.0,0.0,0.0,1210000.0,1.0,0.0
1701600.0,12.0,44.0,1350000.0,400000.0,134072.0,9.0,7.0,0.0,1.0,1906036.0,1.0,0.0
2102653.1999999997,9.0,61.0,5780000.0,4055000.0,203483.0,9.0,5.0,0.0,2.0,2617734.0,1.0,0.0
779880.0,24.0,65.0,1500000.0,350000.0,34172.0,4.0,0.0,0.0,1.0,1210000.0,0.0,1.0
3444000.0,36.0,44.0,4199000.0,455000.0,131065.0,8.0,3.0,0.0,3.0,1139456.0,1.0,0.0
2187180.0,6.0,55.0,4590000.0,2367000.0,335326.0,9.0,6.0,2.0,0.0,992377.0,0.0,1.0
3255758.4,6.0,66.0,8865000.0,4465000.0,492685.0,14.0,11.0,2.0,1.0,1322641.0,0.0,1.0
2492400.0,12.0,33.0,6590000.0,3828000.0,198788.0,12.0,7.0,0.0,2.0,5804974.0,1.0,0.0
2332857.6,10.0,61.0,4350000.0,2344000.0,199110.0,11.0,6.0,0.0,3.0,1210000.0,1.0,0.0
600000.0,6.0,23.0,1300000.0,500000.0,89419.0,4.0,1.0,0.0,0.0,436352.0,1.0,0.0
2948280.0,12.0,30.0,2800000.0,500000.0,232038.0,8.0,5.0,0.0,0.0,716667.0,1.0,0.0
2215200.0,18.0,43.0,2320000.0,338000.0,133963.0,1.0,0.0,0.0,1.0,1210000.0,0.0,1.0
3282841.1999999997,6.0,42.0,4813000.0,1700000.0,487258.0,5.0,3.0,1.0,0.0,3515200.0,1.0,0.0
1132717.2,8.0,26.0,1300000.0,350000.0,129134.0,2.0,2.0,0.0,0.0,934661.0,1.0,0.0
1284000.0,12.0,64.0,1200000.0,500000.0,100793.0,7.0,3.0,0.0,1.0,908526.0,0.0,1.0
494400.0,6.0,57.0,3200000.0,1500000.0,73499.0,3.0,2.0,0.0,0.0,1210000.0,0.0,1.0
3388212.0,10.0,39.0,3000000.0,1000000.0,287825.0,11.0,5.0,0.0,5.0,931763.0,1.0,0.0
516000.0,6.0,56.0,2500000.0,700000.0,76900.0,6.0,3.0,0.0,1.0,886727.0,1.0,0.0
3564657.6,10.0,41.0,2900000.0,1000000.0,329836.0,6.0,1.0,0.0,1.0,1210000.0,0.0,1.0
1345080.0,12.0,30.0,2000000.0,1000000.0,105544.0,2.0,2.0,0.0,0.0,908526.0,1.0,0.0
1498992.0,2.0,58.0,5000000.0,2000000.0,591562.0,6.0,4.0,0.0,1.0,950105.0,0.0,1.0
1645200.0,12.0,22.0,1200000.0,500000.0,129254.0,3.0,1.0,0.0,1.0,1002257.0,1.0,0.0
3169874.4,9.0,34.0,4800000.0,2000000.0,297173.0,3.0,3.0,0.0,0.0,950105.0,1.0,0.0
4320000.0,6.0,46.0,7000000.0,4000000.0,647038.0,11.0,3.0,0.0,4.0,1210000.0,0.0,1.0
2485080.0,6.0,26.0,2000000.0,800000.0,368836.0,1.0,0.0,0.0,0.0,1384106.0,1.0,0.0
880034.4,10.0,36.0,1500000.0,800000.0,74836.0,9.0,1.0,0.0,8.0,1210000.0,1.0,0.0
1829054.4,9.0,40.0,8000000.0,3800000.0,171227.0,11.0,3.0,2.0,4.0,1210000.0,0.0,1.0
3739200.0,36.0,61.0,4000000.0,1200000.0,120901.0,8.0,7.0,0.0,1.0,916841.0,0.0,1.0
5976000.0,6.0,52.0,22000000.0,10000000.0,890615.0,9.0,7.0,0.0,1.0,941789.0,0.0,1.0
2276926.8,11.0,54.0,3100000.0,1500000.0,177353.0,1.0,0.0,0.0,0.0,1075277.0,1.0,0.0
1593360.0,12.0,66.0,3500000.0,1000000.0,125389.0,8.0,6.0,0.0,1.0,2354723.0,1.0,0.0
4200000.0,6.0,57.0,3600000.0,500000.0,623388.0,2.0,2.0,0.0,0.0,1815633.0,1.0,0.0
4206240.0,6.0,41.0,2740000.0,989000.0,635305.0,4.0,1.0,0.0,1.0,1210000.0,0.0,1.0
1755480.0,18.0,46.0,3800000.0,800000.0,97407.0,9.0,9.0,0.0,0.0,1433333.0,1.0,0.0
2193120.0,12.0,27.0,4560000.0,946000.0,177629.0,3.0,2.0,0.0,0.0,1210000.0,1.0,0.0
1200000.0,6.0,40.0,3915000.0,2077000.0,177907.0,3.0,1.0,0.0,0.0,3772083.0,0.0,1.0
4679368.8,11.0,37.0,4690000.0,1312000.0,376902.0,2.0,1.0,0.0,0.0,975052.0,0.0,1.0
1071360.0,6.0,41.0,7000000.0,3000000.0,148800.0,5.0,2.0,0.0,0.0,3274258.0,1.0,0.0
4974999.6,6.0,44.0,3000000.0,1600000.0,739427.0,6.0,1.0,0.0,3.0,837278.0,0.0,1.0
3230340.0,6.0,40.0,3000000.0,400000.0,479137.0,2.0,1.0,0.0,0.0,972900.0,1.0,0.0
600000.0,6.0,36.0,3650000.0,462000.0,90169.0,7.0,3.0,0.0,1.0,977131.0,1.0,0.0
1797600.0,6.0,38.0,3000000.0,600000.0,267883.0,9.0,3.0,0.0,2.0,1210000.0,0.0,1.0
1200000.0,6.0,66.0,1000000.0,300000.0,178354.0,1.0,1.0,0.0,0.0,469405.0,1.0,0.0
4496803.2,9.0,31.0,3000000.0,1800000.0,421572.0,10.0,8.0,0.0,1.0,1992409.0,0.0,1.0
1416000.0,12.0,60.0,2000000.0,600000.0,111155.0,3.0,1.0,0.0,0.0,908526.0,1.0,0.0
6262020.0,12.0,49.0,1560000.0,230000.0,499445.0,6.0,1.0,0.0,1.0,966736.0,0.0,1.0
3338280.0,36.0,37.0,6000000.0,1500000.0,108093.0,8.0,4.0,0.0,4.0,1210000.0,0.0,1.0
1148160.0,6.0,43.0,2000000.0,450000.0,170649.0,3.0,3.0,0.0,0.0,1014727.0,0.0,1.0
3978240.0,12.0,62.0,1800000.0,200000.0,315381.0,6.0,0.0,2.0,2.0,1210000.0,0.0,1.0
5520000.0,6.0,59.0,30000000.0,0.0,820388.0,12.0,12.0,0.0,0.0,1300000.0,1.0,0.0
945360.0,6.0,26.0,3428000.0,1500000.0,140168.0,4.0,3.0,0.0,0.0,4051815.0,1.0,0.0
1791360.0,10.0,56.0,1600000.0,700000.0,165590.0,2.0,2.0,0.0,0.0,1238166.0,1.0,0.0
3282000.0,12.0,30.0,2000000.0,1000000.0,258275.0,5.0,2.0,0.0,1.0,1210000.0,0.0,1.0
577356.0,6.0,28.0,1500000.0,500000.0,85518.0,1.0,1.0,0.0,0.0,971334.0,1.0,0.0
2259052.8,10.0,30.0,5200000.0,2000000.0,191301.0,4.0,3.0,0.0,0.0,3240964.0,1.0,0.0
941878.7999999999,6.0,48.0,1500000.0,500000.0,139895.0,6.0,1.0,2.0,2.0,1210000.0,0.0,1.0
1920000.0,12.0,29.0,1500000.0,750000.0,151778.0,4.0,2.0,0.0,2.0,1210000.0,0.0,1.0
763200.0,12.0,46.0,3000000.0,700000.0,61284.0,11.0,6.0,0.0,3.0,1041014.0,0.0,1.0
2289600.0,18.0,48.0,1920000.0,472000.0,129486.0,5.0,0.0,2.0,3.0,1210000.0,0.0,1.0
1307580.0,10.0,26.0,1400000.0,600000.0,120998.0,7.0,3.0,1.0,2.0,1230486.0,1.0,0.0
5316000.0,12.0,29.0,5000000.0,500000.0,416331.0,7.0,6.0,0.0,0.0,6356666.0,1.0,0.0
1278000.0,12.0,34.0,1200000.0,400000.0,100335.0,3.0,1.0,0.0,0.0,1916550.0,1.0,0.0
996072.0,6.0,46.0,3400000.0,1000000.0,147687.0,6.0,4.0,0.0,0.0,965763.0,1.0,0.0
1769335.2,10.0,61.0,2000000.0,1000000.0,150619.0,18.0,14.0,0.0,2.0,1936348.0,1.0,0.0
1808514.0,11.0,52.0,1599000.0,244000.0,141672.0,2.0,0.0,0.0,2.0,133334.0,1.0,0.0
1703762.4,12.0,35.0,4000000.0,1500000.0,118317.0,3.0,1.0,0.0,0.0,4092337.0,1.0,0.0
600000.0,12.0,32.0,1380000.0,400000.0,46990.0,4.0,0.0,1.0,1.0,1382494.0,1.0,0.0
4635362.399999999,12.0,40.0,2500000.0,1000000.0,364627.0,5.0,0.0,0.0,1.0,1210000.0,1.0,0.0
1662360.0,12.0,27.0,3000000.0,1500000.0,130818.0,2.0,0.0,1.0,1.0,1210000.0,0.0,1.0
869060.4,10.0,36.0,2000000.0,800000.0,73903.0,4.0,3.0,0.0,1.0,1613187.0,1.0,0.0
1248000.0,6.0,29.0,4000000.0,1850000.0,185531.0,13.0,1.0,0.0,10.0,908526.0,0.0,1.0
696000.0,6.0,42.0,908527.0,251000.0,104236.0,7.0,1.0,0.0,4.0,782664.0,0.0,1.0
2778360.0,6.0,53.0,2800000.0,1000000.0,412644.0,8.0,4.0,0.0,0.0,3047328.0,1.0,0.0
9260383.2,5.0,122.0,68739133.0,86518635.0,1500131.0,0.0,0.0,0.0,0.0,1210000.0,1.0,0.0
3950400.0,36.0,45.0,2800000.0,1000000.0,127730.0,4.0,4.0,0.0,0.0,3565211.0,1.0,0.0
3488659.1999999997,6.0,45.0,1620000.0,0.0,525160.0,2.0,2.0,0.0,0.0,1210000.0,0.0,1.0
7820460.0,12.0,25.0,3000000.0,500000.0,612369.0,5.0,3.0,0.0,1.0,908526.0,1.0,0.0
2893800.0,12.0,33.0,4700000.0,2200000.0,226783.0,5.0,5.0,0.0,0.0,4287499.0,1.0,0.0
1145880.0,12.0,39.0,4000000.0,1800000.0,79575.0,6.0,3.0,0.0,0.0,3946359.0,1.0,0.0
4923840.0,6.0,46.0,3080000.0,2929000.0,744637.0,6.0,1.0,3.0,1.0,1414200.0,1.0,0.0
672000.0,6.0,42.0,5529612.0,1000000.0,99878.0,6.0,3.0,0.0,2.0,3705767.0,1.0,0.0
4192320.0,12.0,40.0,7500000.0,5000000.0,328328.0,12.0,7.0,1.0,2.0,10918902.0,1.0,0.0
4454400.0,36.0,42.0,3000000.0,200000.0,143712.0,2.0,2.0,0.0,0.0,908526.0,0.0,1.0
3755580.0,18.0,41.0,4500000.0,1500000.0,206923.0,4.0,2.0,0.0,1.0,1000000.0,1.0,0.0
1319880.0,6.0,53.0,8000000.0,1500000.0,196228.0,13.0,7.0,1.0,2.0,1700000.0,1.0,0.0
647640.0,6.0,38.0,1500000.0,590000.0,96123.0,6.0,0.0,0.0,4.0,908526.0,1.0,0.0
1656000.0,6.0,40.0,3320000.0,2380000.0,248866.0,12.0,2.0,0.0,7.0,1000000.0,0.0,1.0
1011600.0,6.0,65.0,2060000.0,0.0,151515.0,2.0,0.0,0.0,1.0,1210000.0,1.0,0.0
3912000.0,6.0,37.0,2062000.0,1422000.0,592870.0,6.0,2.0,1.0,0.0,1210000.0,0.0,1.0
3856500.0,12.0,36.0,8410000.0,21657000.0,309550.0,13.0,7.0,0.0,5.0,977131.0,0.0,1.0
1309365.5999999999,8.0,52.0,1000000.0,300000.0,150221.0,20.0,2.0,2.0,15.0,1210000.0,0.0,1.0
2918281.1999999997,12.0,47.0,9000000.0,3000000.0,202658.0,5.0,5.0,0.0,0.0,6168073.0,1.0,0.0
6816000.0,6.0,37.0,25000000.0,1000000.0,1015802.0,13.0,8.0,1.0,2.0,908526.0,0.0,1.0
3648000.0,6.0,47.0,10000000.0,3000000.0,540466.0,8.0,4.0,0.0,2.0,908526.0,0.0,1.0
1200000.0,8.0,33.0,4000000.0,1800000.0,136216.0,8.0,5.0,0.0,1.0,1210000.0,1.0,0.0
827881.2,6.0,26.0,2500000.0,1000000.0,114984.0,3.0,2.0,0.0,0.0,2268741.0,1.0,0.0
2119402.8,10.0,51.0,4900000.0,3000000.0,180419.0,9.0,7.0,0.0,0.0,5883333.0,1.0,0.0
2400000.0,6.0,43.0,10000000.0,3500000.0,355848.0,15.0,14.0,0.0,0.0,2500000.0,1.0,0.0
1105800.0,6.0,45.0,3900000.0,600000.0,163957.0,1.0,0.0,0.0,0.0,4039011.0,1.0,0.0
821208.0,4.0,56.0,5000000.0,2000000.0,165146.0,9.0,2.0,0.0,4.0,1000000.0,0.0,1.0
2645760.0,6.0,40.0,2100000.0,500000.0,392699.0,2.0,1.0,0.0,0.0,2134302.0,1.0,0.0
3151200.0,6.0,38.0,2500000.0,1500000.0,467719.0,3.0,1.0,0.0,0.0,908526.0,0.0,1.0
1604400.0,5.0,57.0,4000000.0,2000000.0,260282.0,12.0,5.0,0.0,5.0,1210000.0,0.0,1.0
2528100.0,12.0,43.0,3000000.0,1400000.0,198619.0,3.0,2.0,0.0,0.0,2516830.0,1.0,0.0
2582280.0,12.0,46.0,7000000.0,3000000.0,179325.0,4.0,3.0,0.0,0.0,8515698.0,1.0,0.0
1419600.0,6.0,43.0,4797000.0,2506000.0,216225.0,12.0,10.0,1.0,0.0,1210000.0,0.0,1.0
4454400.0,36.0,45.0,2900000.0,1000000.0,143712.0,9.0,4.0,1.0,2.0,3510064.0,1.0,0.0
878880.0,3.0,53.0,5000000.0,2000000.0,233328.0,6.0,3.0,0.0,1.0,1000000.0,0.0,1.0
3559200.0,8.0,41.0,15000000.0,11500000.0,408339.0,9.0,4.0,0.0,2.0,1210000.0,0.0,1.0
2879955.6,10.0,43.0,1500000.0,800000.0,245163.0,2.0,2.0,0.0,0.0,1210000.0,1.0,0.0
1200000.0,6.0,50.0,1300000.0,400000.0,178233.0,1.0,1.0,0.0,0.0,933473.0,1.0,0.0
1070965.2,12.0,52.0,1090000.0,550000.0,84070.0,5.0,2.0,0.0,0.0,1123704.0,1.0,0.0
1548319.2,9.0,68.0,1600000.0,1200000.0,145154.0,5.0,3.0,0.0,0.0,1210000.0,1.0,0.0
1713600.0,6.0,51.0,8000000.0,2800000.0,256635.0,11.0,3.0,2.0,2.0,1067522.0,0.0,1.0
2591760.0,12.0,33.0,3000000.0,1000000.0,179983.0,1.0,1.0,0.0,0.0,1780000.0,1.0,0.0
2842560.0,24.0,39.0,1800000.0,600000.0,128096.0,5.0,4.0,0.0,0.0,1693236.0,1.0,0.0
2700000.0,36.0,52.0,3874000.0,260000.0,102710.0,4.0,1.0,0.0,0.0,1482624.0,1.0,0.0
895326.0,6.0,42.0,2100000.0,500000.0,133109.0,3.0,0.0,0.0,2.0,1210000.0,1.0,0.0
3047040.0,6.0,52.0,3500000.0,1000000.0,452259.0,12.0,5.0,0.0,2.0,3056970.0,1.0,0.0
3086520.0,18.0,62.0,4000000.0,1200000.0,170811.0,5.0,2.0,0.0,1.0,1502344.0,0.0,1.0
833641.2,12.0,38.0,1600000.0,400000.0,65603.0,20.0,5.0,1.0,10.0,1627655.0,1.0,0.0
2256000.0,12.0,63.0,5220000.0,1352000.0,186972.0,6.0,6.0,0.0,0.0,2526162.0,1.0,0.0
3956400.0,6.0,67.0,12000000.0,3500000.0,586615.0,5.0,5.0,0.0,0.0,1210000.0,1.0,0.0
2192280.0,6.0,66.0,4500000.0,2000000.0,325599.0,2.0,1.0,0.0,0.0,4631516.0,1.0,0.0
1451880.0,12.0,39.0,2000000.0,700000.0,113924.0,6.0,1.0,0.0,2.0,1431524.0,1.0,0.0
3159480.0,24.0,30.0,2500000.0,400000.0,139994.0,8.0,3.0,4.0,1.0,2485685.0,1.0,0.0
878880.0,2.0,33.0,5000000.0,2000000.0,346536.0,9.0,1.0,0.0,4.0,1210000.0,0.0,1.0
1800000.0,12.0,49.0,5000000.0,1500000.0,141650.0,4.0,1.0,0.0,1.0,6597098.0,1.0,0.0
2074800.0,6.0,52.0,12000000.0,4000000.0,288167.0,2.0,2.0,0.0,0.0,1210000.0,0.0,1.0
1200000.0,6.0,65.0,4650000.0,99000.0,181245.0,3.0,1.0,0.0,0.0,4407791.0,1.0,0.0
979156.7999999999,10.0,28.0,2840000.0,191000.0,84889.0,4.0,3.0,0.0,0.0,7719301.0,1.0,0.0
1800000.0,6.0,60.0,4800000.0,1200000.0,266861.0,16.0,7.0,1.0,4.0,30285.0,1.0,0.0
1534020.0,6.0,53.0,2090000.0,0.0,230921.0,1.0,0.0,0.0,0.0,1210000.0,0.0,1.0
2340351.6,11.0,39.0,1300000.0,600000.0,182606.0,12.0,6.0,0.0,2.0,1073179.0,1.0,0.0
1139880.0,18.0,23.0,3360000.0,1273000.0,66465.0,10.0,5.0,0.0,0.0,2358257.0,1.0,0.0
1610289.5999999999,9.0,69.0,3000000.0,1200000.0,150531.0,7.0,7.0,0.0,0.0,1210000.0,1.0,0.0
1548000.0,6.0,29.0,2500000.0,2500000.0,230077.0,5.0,0.0,1.0,2.0,844415.0,1.0,0.0
1631880.0,6.0,38.0,1800000.0,600000.0,226650.0,3.0,2.0,0.0,0.0,1092632.0,0.0,1.0
1597724.4,18.0,59.0,2400000.0,800000.0,88325.0,2.0,0.0,2.0,0.0,1210000.0,1.0,0.0
878880.0,5.0,55.0,4000000.0,2000000.0,142581.0,9.0,3.0,0.0,3.0,732877.0,0.0,1.0
5016000.0,36.0,31.0,2000000.0,280000.0,169307.0,4.0,1.0,0.0,2.0,1000000.0,1.0,0.0
2254848.0,6.0,24.0,3640000.0,0.0,341003.0,4.0,3.0,0.0,0.0,6428571.0,1.0,0.0
3055500.0,6.0,54.0,4000000.0,1500000.0,453515.0,4.0,1.0,0.0,2.0,1815035.0,1.0,0.0
1968000.0,6.0,43.0,4029000.0,1000000.0,292782.0,6.0,4.0,0.0,1.0,5693544.0,1.0,0.0
4017264.0,24.0,31.0,2500000.0,500000.0,176023.0,2.0,2.0,0.0,0.0,7797440.0,0.0,1.0
2145873.6,10.0,30.0,2200000.0,1000000.0,182768.0,6.0,4.0,2.0,0.0,1210000.0,1.0,0.0
8400000.0,36.0,37.0,3000000.0,800000.0,272430.0,4.0,3.0,0.0,0.0,1210000.0,1.0,0.0
1386663.5999999999,6.0,40.0,3000000.0,200000.0,206657.0,10.0,8.0,0.0,0.0,3385872.0,1.0,0.0
4725720.0,6.0,36.0,9000000.0,3000000.0,700682.0,6.0,3.0,1.0,1.0,6291604.0,1.0,0.0
1295880.0,12.0,31.0,3290000.0,800000.0,101676.0,5.0,3.0,1.0,1.0,2177611.0,1.0,0.0
1289400.0,10.0,57.0,1200000.0,300000.0,120859.0,4.0,1.0,0.0,2.0,1210000.0,0.0,1.0
1269000.0,2.0,54.0,5000000.0,2000000.0,500798.0,8.0,5.0,0.0,1.0,1210000.0,0.0,1.0
802015.2,10.0,31.0,1480000.0,0.0,68991.0,1.0,0.0,0.0,0.0,2797173.0,1.0,0.0
2160000.0,12.0,67.0,4000000.0,1500000.0,168955.0,6.0,4.0,0.0,0.0,1935131.0,0.0,1.0
1560000.0,10.0,56.0,3000000.0,1500000.0,143817.0,3.0,0.0,2.0,1.0,916148.0,0.0,1.0
2181360.0,12.0,65.0,21000000.0,5000000.0,151483.0,17.0,13.0,0.0,3.0,2911514.0,1.0,0.0
2049057.5999999999,10.0,61.0,4000000.0,1000000.0,174248.0,8.0,2.0,1.0,3.0,939017.0,1.0,0.0
503359.19999999995,6.0,64.0,1530000.0,788000.0,74886.0,8.0,3.0,0.0,5.0,1210000.0,0.0,1.0
2413560.0,6.0,48.0,3100000.0,500000.0,358316.0,2.0,1.0,1.0,0.0,2835946.0,1.0,0.0
2280000.0,6.0,51.0,3000000.0,800000.0,338411.0,3.0,0.0,0.0,3.0,1210000.0,0.0,1.0
3350161.1999999997,12.0,38.0,3500000.0,500000.0,263530.0,4.0,2.0,0.0,0.0,3118405.0,1.0,0.0
1763502.0,10.0,36.0,3500000.0,2000000.0,149808.0,6.0,2.0,0.0,3.0,3383103.0,1.0,0.0
1200000.0,6.0,27.0,2420000.0,659000.0,180640.0,4.0,1.0,2.0,0.0,1622727.0,1.0,0.0
3353446.8,11.0,51.0,0.0,0.0,283109.0,4.0,3.0,0.0,0.0,961885.0,0.0,1.0
995540.3999999999,12.0,51.0,1200000.0,500000.0,78015.0,4.0,0.0,0.0,4.0,905965.0,1.0,0.0
1365410.4,10.0,30.0,2760000.0,1000000.0,116234.0,5.0,3.0,0.0,1.0,3000000.0,1.0,0.0
1459426.8,10.0,59.0,5000000.0,2000000.0,123782.0,8.0,2.0,0.0,4.0,1210000.0,1.0,0.0
1947220.7999999998,10.0,51.0,3000000.0,2500000.0,167388.0,2.0,1.0,0.0,0.0,925157.0,0.0,1.0
2604000.0,36.0,29.0,3800000.0,2500000.0,90406.0,11.0,4.0,4.0,1.0,1210000.0,1.0,0.0
1800000.0,6.0,58.0,3000000.0,600000.0,267592.0,7.0,6.0,0.0,0.0,1210000.0,0.0,1.0
1708992.0,6.0,60.0,2180000.0,920000.0,253485.0,5.0,2.0,0.0,1.0,905112.0,1.0,0.0
1763640.0,24.0,27.0,2000000.0,500000.0,77090.0,3.0,1.0,0.0,0.0,1210000.0,0.0,1.0
1656368.4,24.0,41.0,2699000.0,1988000.0,75904.0,9.0,5.0,0.0,3.0,3035599.0,1.0,0.0
2350920.0,18.0,67.0,1800000.0,400000.0,129530.0,4.0,1.0,0.0,2.0,961885.0,1.0,0.0
1295760.0,18.0,40.0,2000000.0,1000000.0,71589.0,8.0,1.0,0.0,6.0,2754968.0,1.0,0.0
3000000.0,12.0,48.0,2000000.0,800000.0,235400.0,0.0,0.0,0.0,0.0,1210000.0,1.0,0.0
1419000.0,12.0,22.0,1500000.0,200000.0,112493.0,12.0,2.0,0.0,10.0,1000000.0,1.0,0.0
1654917.5999999999,2.0,50.0,3000000.0,1500000.0,652809.0,2.0,1.0,0.0,1.0,3690167.0,0.0,1.0
3289200.0,24.0,51.0,3000000.0,0.0,114208.0,6.0,3.0,0.0,0.0,1983750.0,1.0,0.0
1293600.0,6.0,34.0,7000000.0,2000000.0,191867.0,3.0,1.0,0.0,0.0,3025461.0,1.0,0.0
2400000.0,12.0,39.0,1500000.0,0.0,188320.0,4.0,3.0,0.0,0.0,1210000.0,1.0,0.0
1613640.0,6.0,39.0,3234000.0,152000.0,246439.0,6.0,3.0,0.0,2.0,3098180.0,0.0,1.0
1139625.5999999999,10.0,22.0,2000000.0,800000.0,96912.0,1.0,0.0,0.0,0.0,1210000.0,1.0,0.0
4883280.0,18.0,52.0,12500000.0,7000000.0,270758.0,18.0,15.0,0.0,1.0,2275000.0,0.0,1.0
799680.0,11.0,42.0,3100000.0,1500000.0,62288.0,4.0,0.0,0.0,1.0,916842.0,1.0,0.0
847340.4,6.0,60.0,3500000.0,800000.0,125968.0,5.0,3.0,0.0,1.0,1210000.0,0.0,1.0
2778360.0,12.0,63.0,1800000.0,500000.0,218262.0,6.0,4.0,0.0,1.0,1210000.0,0.0,1.0
3970863.5999999996,10.0,46.0,12000000.0,7000000.0,337321.0,15.0,12.0,0.0,1.0,931394.0,0.0,1.0
633360.0,6.0,36.0,2600000.0,600000.0,87967.0,7.0,3.0,0.0,0.0,2565273.0,1.0,0.0
3116400.0,36.0,48.0,2500000.0,1100000.0,100434.0,3.0,1.0,0.0,0.0,2231859.0,1.0,0.0
1708441.2,12.0,40.0,1500000.0,200000.0,135054.0,5.0,0.0,0.0,2.0,1399321.0,1.0,0.0
1363200.0,12.0,56.0,6000000.0,6000000.0,107232.0,12.0,7.0,0.0,2.0,2819703.0,1.0,0.0
3204600.0,6.0,34.0,4280000.0,921000.0,488077.0,6.0,1.0,1.0,1.0,2500000.0,1.0,0.0
697920.0,8.0,31.0,1200000.0,600000.0,79052.0,3.0,1.0,0.0,2.0,1063000.0,1.0,0.0
2900998.8,10.0,44.0,3660000.0,894000.0,257007.0,7.0,5.0,0.0,0.0,2266666.0,1.0,0.0
2516280.0,12.0,26.0,2500000.0,560000.0,197690.0,4.0,2.0,0.0,1.0,3119848.0,1.0,0.0
5974028.399999999,10.0,36.0,4036000.0,829000.0,529554.0,4.0,3.0,0.0,0.0,1210000.0,0.0,1.0
1604400.0,2.0,48.0,5000000.0,2000000.0,632603.0,12.0,8.0,1.0,3.0,4584323.0,0.0,1.0
1319880.0,6.0,45.0,1500000.0,600000.0,197013.0,4.0,2.0,0.0,0.0,1082190.0,1.0,0.0
1490760.0,12.0,48.0,1200000.0,450000.0,116975.0,6.0,1.0,0.0,3.0,931394.0,1.0,0.0
3900000.0,10.0,60.0,3975000.0,2500000.0,360487.0,3.0,1.0,1.0,0.0,1210000.0,1.0,0.0
668400.0,8.0,28.0,2000000.0,100000.0,77286.0,8.0,1.0,0.0,7.0,1451277.0,1.0,0.0
2623839.6,10.0,31.0,3500000.0,1200000.0,223946.0,6.0,3.0,0.0,1.0,1210000.0,1.0,0.0
4224000.0,6.0,44.0,9000000.0,4000000.0,632602.0,10.0,6.0,0.0,1.0,783333.0,0.0,1.0
8400000.0,6.0,64.0,3452000.0,0.0,1264356.0,6.0,3.0,1.0,1.0,1526866.0,1.0,0.0
576000.0,6.0,25.0,1900000.0,274000.0,87587.0,4.0,1.0,0.0,1.0,1641600.0,1.0,0.0
8400000.0,36.0,37.0,3200000.0,1000000.0,270239.0,7.0,5.0,0.0,1.0,3500000.0,1.0,0.0
1694845.2,6.0,32.0,5000000.0,1800000.0,253826.0,3.0,3.0,0.0,0.0,973947.0,0.0,1.0
4624957.2,9.0,122.0,86471542.0,14443544.0,432345.0,0.0,0.0,0.0,0.0,1210000.0,1.0,0.0
1815600.0,6.0,65.0,2686000.0,375000.0,275157.0,4.0,2.0,1.0,0.0,986667.0,1.0,0.0
921600.0,6.0,32.0,1500000.0,400000.0,136976.0,3.0,0.0,0.0,2.0,963410.0,1.0,0.0
1472400.0,12.0,44.0,1800000.0,200000.0,115678.0,0.0,0.0,0.0,0.0,1859203.0,1.0,0.0
628726.7999999999,6.0,46.0,1400000.0,400000.0,93700.0,2.0,1.0,1.0,0.0,1261305.0,1.0,0.0
3130383.6,11.0,41.0,2000000.0,1000000.0,243552.0,8.0,6.0,0.0,1.0,1210000.0,1.0,0.0
6249480.0,12.0,53.0,2300000.0,1000000.0,433992.0,3.0,2.0,0.0,0.0,1979939.0,1.0,0.0
2182424.4,9.0,47.0,3000000.0,1500000.0,204308.0,2.0,0.0,0.0,1.0,933473.0,0.0,1.0
768960.0,6.0,37.0,2000000.0,450000.0,106800.0,0.0,0.0,0.0,0.0,1210000.0,1.0,0.0
1945363.2,10.0,41.0,5000000.0,2000000.0,164737.0,11.0,9.0,0.0,1.0,9000000.0,0.0,1.0
799680.0,11.0,51.0,3100000.0,1700000.0,62288.0,6.0,4.0,0.0,0.0,798745.0,1.0,0.0
2819400.0,12.0,59.0,2000000.0,800000.0,195792.0,3.0,3.0,0.0,0.0,1210000.0,1.0,0.0
459120.0,6.0,59.0,1100000.0,500000.0,68304.0,3.0,1.0,0.0,0.0,1105623.0,0.0,1.0
3600000.0,12.0,28.0,2500000.0,350000.0,284551.0,1.0,1.0,0.0,0.0,1586564.0,1.0,0.0
719785.2,2.0,25.0,3700000.0,2000000.0,283847.0,1.0,0.0,0.0,1.0,908526.0,0.0,1.0
2014560.0,6.0,35.0,4500000.0,650000.0,299421.0,8.0,3.0,0.0,3.0,6280026.0,1.0,0.0
4031760.0,12.0,39.0,15000000.0,2000000.0,279983.0,13.0,10.0,0.0,1.0,3306909.0,1.0,0.0
1747200.0,12.0,28.0,1400000.0,500000.0,137438.0,5.0,2.0,0.0,0.0,1114427.0,1.0,0.0
2645760.0,12.0,30.0,2000000.0,700000.0,207345.0,5.0,3.0,0.0,1.0,1090396.0,1.0,0.0
2888400.0,8.0,47.0,2407000.0,0.0,327126.0,5.0,4.0,0.0,1.0,1210000.0,0.0,1.0
558000.0,6.0,43.0,1000000.0,365000.0,82878.0,4.0,3.0,0.0,0.0,1056000.0,1.0,0.0
1404000.0,6.0,33.0,2362000.0,872000.0,210995.0,4.0,2.0,0.0,1.0,975052.0,1.0,0.0
3103854.0,10.0,26.0,3000000.0,1500000.0,263531.0,5.0,2.0,0.0,2.0,4943629.0,1.0,0.0
1140000.0,24.0,22.0,1414300.0,760000.0,52411.0,6.0,0.0,0.0,4.0,1119912.0,1.0,0.0
2554896.0,18.0,35.0,2000000.0,1435000.0,140735.0,4.0,2.0,0.0,1.0,1603410.0,1.0,0.0
1185660.0,5.0,61.0,5000000.0,2000000.0,192462.0,4.0,1.0,1.0,1.0,1210000.0,0.0,1.0
1897171.2,10.0,31.0,15000000.0,5000000.0,160656.0,21.0,8.0,0.0,6.0,1210000.0,1.0,0.0
2159978.4,10.0,27.0,2800000.0,1000000.0,183199.0,3.0,2.0,0.0,1.0,1210000.0,0.0,1.0
1602044.4,10.0,41.0,2800000.0,1000000.0,135878.0,3.0,1.0,0.0,1.0,920104.0,0.0,1.0
1819243.2,10.0,51.0,5200000.0,2000000.0,154705.0,6.0,5.0,0.0,0.0,866501.0,0.0,1.0
5323320.0,36.0,42.0,4709000.0,1394000.0,206150.0,5.0,2.0,2.0,1.0,1471858.0,1.0,0.0
3600000.0,36.0,42.0,2200000.0,1100000.0,117288.0,2.0,0.0,0.0,1.0,1658670.0,1.0,0.0
4020000.0,36.0,30.0,2500000.0,300000.0,132488.0,4.0,3.0,0.0,0.0,1000000.0,1.0,0.0
4755811.2,11.0,62.0,3100000.0,1600000.0,370015.0,6.0,1.0,0.0,3.0,1210000.0,1.0,0.0
2297779.1999999997,10.0,51.0,3000000.0,1500000.0,194887.0,4.0,1.0,0.0,2.0,1210000.0,1.0,0.0
3913174.8,6.0,50.0,6500000.0,2000000.0,581742.0,16.0,9.0,0.0,5.0,1475434.0,0.0,1.0
2373600.0,6.0,24.0,1200000.0,800000.0,352303.0,2.0,1.0,0.0,1.0,2011467.0,1.0,0.0
2395080.0,12.0,41.0,5000000.0,2000000.0,187934.0,11.0,10.0,0.0,0.0,7448742.0,0.0,1.0
1604400.0,5.0,54.0,4000000.0,2000000.0,260433.0,9.0,4.0,0.0,3.0,939017.0,0.0,1.0
1200000.0,6.0,63.0,1500000.0,600000.0,178104.0,2.0,1.0,0.0,0.0,1210000.0,1.0,0.0
2569200.0,10.0,27.0,1800000.0,350000.0,237239.0,7.0,0.0,1.0,2.0,908526.0,1.0,0.0
504000.0,6.0,22.0,4000000.0,100000.0,75945.0,5.0,1.0,2.0,2.0,1210000.0,0.0,1.0
564000.0,6.0,30.0,2000000.0,1000000.0,83766.0,4.0,1.0,0.0,1.0,1210000.0,0.0,1.0
1105920.0,6.0,24.0,2000000.0,600000.0,163975.0,6.0,2.0,0.0,1.0,1188353.0,0.0,1.0
5861914.8,9.0,57.0,3800000.0,2700000.0,549550.0,2.0,2.0,0.0,0.0,6575551.0,1.0,0.0
1787880.0,12.0,31.0,2900000.0,1000000.0,124158.0,7.0,4.0,0.0,1.0,1303731.0,0.0,1.0
2640000.0,10.0,26.0,1400000.0,300000.0,244022.0,8.0,1.0,1.0,3.0,1516116.0,1.0,0.0
1845480.0,6.0,26.0,2400000.0,200000.0,274353.0,4.0,1.0,0.0,1.0,2396594.0,0.0,1.0
1583880.0,10.0,32.0,5000000.0,3000000.0,146402.0,3.0,1.0,0.0,0.0,1210000.0,0.0,1.0
1233600.0,12.0,41.0,1400000.0,400000.0,97088.0,1.0,1.0,0.0,0.0,60569.0,0.0,1.0
1739520.0,12.0,32.0,1500000.0,500000.0,136324.0,1.0,1.0,0.0,0.0,1110606.0,1.0,0.0
4593165.6,9.0,48.0,3000000.0,0.0,451217.0,7.0,2.0,0.0,1.0,1014545.0,1.0,0.0
1008000.0,12.0,67.0,1000000.0,150000.0,79127.0,1.0,0.0,0.0,0.0,908526.0,1.0,0.0
840000.0,6.0,47.0,8607000.0,2000000.0,129430.0,3.0,3.0,0.0,0.0,1210000.0,0.0,1.0
1641600.0,6.0,39.0,3456000.0,1086000.0,252944.0,7.0,3.0,0.0,2.0,806666.0,1.0,0.0
1870440.0,6.0,23.0,1800000.0,600000.0,278080.0,6.0,0.0,0.0,5.0,941789.0,1.0,0.0
773109.6,5.0,27.0,3350000.0,215000.0,127691.0,4.0,2.0,0.0,0.0,1181782.0,1.0,0.0
759422.4,10.0,20.0,1500000.0,1000000.0,64411.0,1.0,0.0,0.0,0.0,908526.0,1.0,0.0
839880.0,6.0,38.0,4000000.0,3000000.0,125784.0,1.0,1.0,0.0,0.0,3807210.0,1.0,0.0
1755600.0,12.0,69.0,4000000.0,1000000.0,137756.0,4.0,2.0,0.0,0.0,908526.0,0.0,1.0
1248000.0,12.0,32.0,2500000.0,500000.0,98048.0,6.0,3.0,0.0,2.0,317984.0,0.0,1.0
2135880.0,12.0,44.0,2500000.0,1000000.0,148325.0,5.0,3.0,0.0,0.0,916148.0,0.0,1.0
2646600.0,36.0,30.0,1800000.0,720000.0,85558.0,6.0,3.0,0.0,0.0,1387619.0,1.0,0.0
5556600.0,18.0,44.0,5500000.0,3000000.0,306155.0,7.0,3.0,0.0,2.0,908526.0,0.0,1.0
3143638.8,12.0,38.0,3000000.0,300000.0,246654.0,5.0,2.0,0.0,0.0,1438938.0,1.0,0.0
2392680.0,12.0,36.0,3000000.0,700000.0,166158.0,4.0,3.0,0.0,0.0,1962342.0,1.0,0.0
1086420.0,6.0,69.0,2200000.0,200000.0,161083.0,2.0,1.0,0.0,1.0,1986379.0,1.0,0.0
1185360.0,12.0,60.0,1900000.0,300000.0,93011.0,2.0,1.0,0.0,1.0,1210000.0,0.0,1.0
1153082.4,9.0,57.0,6000000.0,4000000.0,107843.0,6.0,4.0,0.0,1.0,1054263.0,0.0,1.0
3675778.8,10.0,58.0,4410000.0,2924000.0,316196.0,10.0,5.0,3.0,1.0,1210000.0,1.0,0.0
1526745.5999999999,9.0,68.0,1344000.0,138000.0,144433.0,1.0,0.0,0.0,1.0,1210000.0,0.0,1.0
821208.0,2.0,51.0,5000000.0,2000000.0,324034.0,10.0,2.0,0.0,4.0,1165666.0,0.0,1.0
912000.0,8.0,54.0,2000000.0,300000.0,103658.0,2.0,1.0,0.0,1.0,2000000.0,1.0,0.0
1549647.5999999999,9.0,40.0,3000000.0,1500000.0,145209.0,4.0,3.0,0.0,1.0,2005555.0,1.0,0.0
2400000.0,12.0,37.0,1702000.0,537000.0,193173.0,7.0,2.0,1.0,3.0,2027738.0,1.0,0.0
2346321.6,12.0,36.0,15000000.0,5000000.0,162939.0,4.0,1.0,0.0,0.0,1380000.0,0.0,1.0
799680.0,11.0,43.0,3100000.0,1450000.0,62324.0,2.0,2.0,0.0,0.0,664334.0,1.0,0.0
1761468.0,6.0,43.0,908526.0,0.0,265427.0,0.0,0.0,0.0,0.0,908526.0,1.0,0.0
3173929.1999999997,10.0,27.0,9000000.0,2000000.0,269198.0,6.0,4.0,0.0,0.0,2294950.0,1.0,0.0
4031880.0,6.0,40.0,10700000.0,3967000.0,606873.0,7.0,5.0,0.0,0.0,7480200.0,1.0,0.0
2463720.0,6.0,37.0,4500000.0,1500000.0,365295.0,5.0,3.0,0.0,1.0,1591505.0,0.0,1.0
851880.0,6.0,31.0,2300000.0,300000.0,127581.0,3.0,1.0,0.0,0.0,1210000.0,1.0,0.0
2502120.0,10.0,37.0,4000000.0,1950000.0,212775.0,5.0,4.0,0.0,1.0,3973432.0,1.0,0.0
442560.0,2.0,32.0,5000000.0,2000000.0,174626.0,4.0,2.0,1.0,1.0,1489177.0,0.0,1.0
4366320.0,12.0,36.0,7200000.0,3000000.0,342610.0,4.0,2.0,0.0,0.0,4945812.0,1.0,0.0
2840913.6,10.0,122.0,85173237.0,0.0,241839.0,0.0,0.0,0.0,0.0,1210000.0,1.0,0.0
3592956.0,10.0,49.0,7500000.0,4000000.0,305538.0,4.0,3.0,0.0,0.0,1340000.0,1.0,0.0
4100145.5999999996,10.0,56.0,1879000.0,197000.0,367568.0,1.0,0.0,0.0,1.0,1210000.0,0.0,1.0
1229160.0,6.0,32.0,2000000.0,400000.0,182432.0,2.0,1.0,0.0,0.0,1779436.0,1.0,0.0
1636800.0,6.0,29.0,2853000.0,923000.0,251457.0,11.0,8.0,0.0,1.0,1720326.0,1.0,0.0
801600.0,6.0,41.0,2920000.0,839000.0,121688.0,7.0,0.0,3.0,2.0,917293.0,1.0,0.0
2292000.0,12.0,30.0,2500000.0,500000.0,179501.0,5.0,3.0,0.0,1.0,929796.0,1.0,0.0
2974440.0,12.0,43.0,2200000.0,800000.0,206558.0,9.0,5.0,0.0,1.0,1060016.0,1.0,0.0
968791.2,9.0,35.0,1500000.0,1000000.0,90693.0,12.0,2.0,2.0,4.0,922222.0,1.0,0.0
2112000.0,12.0,26.0,3132000.0,1043000.0,175359.0,8.0,5.0,0.0,2.0,916667.0,1.0,0.0
12840000.0,36.0,53.0,4000000.0,2000000.0,423170.0,6.0,2.0,0.0,1.0,1827272.0,1.0,0.0
799680.0,11.0,32.0,3100000.0,1750000.0,62217.0,3.0,1.0,0.0,2.0,1210000.0,1.0,0.0
3960000.0,12.0,43.0,7667000.0,2535000.0,331129.0,3.0,2.0,0.0,1.0,3802545.0,1.0,0.0
3352320.0,6.0,33.0,5300000.0,1500000.0,498364.0,9.0,6.0,0.0,1.0,1210000.0,1.0,0.0
2553600.0,12.0,52.0,6500000.0,1000000.0,199705.0,8.0,7.0,0.0,0.0,1210000.0,1.0,0.0
1568520.0,6.0,43.0,2000000.0,500000.0,232809.0,8.0,3.0,0.0,1.0,917673.0,1.0,0.0
382593.6,2.0,53.0,5000000.0,3000000.0,150743.0,7.0,2.0,0.0,3.0,1210000.0,1.0,0.0
3792132.0,36.0,39.0,3000000.0,500000.0,123013.0,8.0,4.0,0.0,1.0,3210559.0,1.0,0.0
4605644.399999999,10.0,27.0,5000000.0,3000000.0,391245.0,12.0,9.0,0.0,1.0,633334.0,1.0,0.0
2448360.0,18.0,38.0,3000000.0,1800000.0,134899.0,6.0,1.0,1.0,4.0,2596136.0,1.0,0.0
5328237.6,10.0,25.0,2780000.0,1042000.0,458343.0,6.0,5.0,0.0,0.0,3144620.0,1.0,0.0
2340600.0,6.0,52.0,8000000.0,4000000.0,347040.0,22.0,15.0,1.0,2.0,5885289.0,1.0,0.0
1488000.0,12.0,36.0,3000000.0,1800000.0,117614.0,9.0,4.0,0.0,3.0,931394.0,0.0,1.0
1800000.0,12.0,67.0,2000000.0,300000.0,125000.0,3.0,2.0,0.0,0.0,908526.0,1.0,0.0
1767888.0,6.0,69.0,4000000.0,210000.0,262580.0,4.0,4.0,0.0,0.0,1210000.0,0.0,1.0
5670000.0,12.0,50.0,5000000.0,1000000.0,444906.0,1.0,1.0,0.0,0.0,2982664.0,1.0,0.0
942720.0,2.0,58.0,5000000.0,2000000.0,371762.0,5.0,1.0,0.0,2.0,799127.0,0.0,1.0
1269000.0,5.0,43.0,5000000.0,2000000.0,205810.0,11.0,7.0,0.0,1.0,954545.0,0.0,1.0
1919991.5999999999,10.0,53.0,2736000.0,2000000.0,163101.0,5.0,2.0,0.0,3.0,3037045.0,1.0,0.0
3686700.0,36.0,35.0,2056700.0,572000.0,128639.0,5.0,3.0,1.0,0.0,2050969.0,1.0,0.0
793506.0,12.0,59.0,1500000.0,300000.0,62522.0,1.0,0.0,0.0,1.0,923771.0,1.0,0.0
3960000.0,36.0,30.0,4025000.0,2528000.0,150642.0,10.0,2.0,0.0,5.0,1088470.0,1.0,0.0
2568949.1999999997,10.0,42.0,3000000.0,1500000.0,218115.0,19.0,9.0,0.0,6.0,923771.0,0.0,1.0
1299600.0,12.0,41.0,3200000.0,1500000.0,102102.0,9.0,3.0,0.0,1.0,1210000.0,1.0,0.0
878880.0,3.0,25.0,5000000.0,2000000.0,233237.0,8.0,2.0,0.0,4.0,908526.0,0.0,1.0
2801404.8,10.0,62.0,2000000.0,800000.0,237602.0,6.0,0.0,0.0,6.0,1210000.0,1.0,0.0
1793518.8,6.0,50.0,5180000.0,6017000.0,269958.0,9.0,8.0,0.0,1.0,1810641.0,0.0,1.0
1191600.0,12.0,47.0,3000000.0,800000.0,93384.0,1.0,1.0,0.0,0.0,1760000.0,1.0,0.0
1694845.2,6.0,49.0,10000000.0,5000000.0,253849.0,9.0,5.0,3.0,0.0,1027668.0,0.0,1.0
1654678.8,6.0,42.0,2000000.0,0.0,245988.0,1.0,1.0,0.0,0.0,1588233.0,1.0,0.0
1390680.0,12.0,28.0,2490000.0,400000.0,96575.0,2.0,0.0,0.0,1.0,2677500.0,0.0,1.0
1789080.0,8.0,33.0,1400000.0,0.0,203332.0,7.0,2.0,0.0,3.0,1235819.0,1.0,0.0
4389823.2,10.0,122.0,31831000.0,0.0,372324.0,0.0,0.0,0.0,0.0,1210000.0,1.0,0.0
3172143.6,10.0,60.0,2500000.0,800000.0,270036.0,2.0,1.0,1.0,0.0,946640.0,1.0,0.0
4532400.0,36.0,34.0,2702000.0,437000.0,171015.0,3.0,0.0,0.0,2.0,2993941.0,1.0,0.0
1440000.0,12.0,38.0,10000000.0,6000000.0,112984.0,8.0,7.0,0.0,0.0,908526.0,0.0,1.0
3768000.0,6.0,31.0,2720000.0,865000.0,569109.0,6.0,2.0,0.0,3.0,1210000.0,0.0,1.0
720720.0,12.0,46.0,1600000.0,700000.0,56444.0,11.0,7.0,0.0,4.0,1210000.0,1.0,0.0
878880.0,2.0,36.0,5000000.0,2000000.0,346434.0,5.0,2.0,0.0,2.0,1210000.0,1.0,0.0
2513280.0,9.0,122.0,192318845.0,160616471.0,234943.0,0.0,0.0,0.0,0.0,1210000.0,1.0,0.0
1565696.4,9.0,29.0,4133000.0,2200000.0,146222.0,1.0,1.0,0.0,0.0,1755827.0,1.0,0.0
4898041.2,10.0,40.0,5800000.0,3200000.0,416520.0,5.0,4.0,0.0,0.0,7014877.0,1.0,0.0
1495080.0,6.0,29.0,2500000.0,850000.0,207650.0,3.0,0.0,0.0,2.0,1210000.0,1.0,0.0
2391480.0,18.0,39.0,1500000.0,400000.0,132677.0,4.0,0.0,0.0,2.0,1362075.0,1.0,0.0
3534720.0,36.0,26.0,2600000.0,100000.0,121361.0,2.0,1.0,0.0,0.0,1391337.0,1.0,0.0
4654800.0,18.0,26.0,1419429.0,361000.0,269081.0,2.0,0.0,1.0,1.0,1409008.0,1.0,0.0
762000.0,6.0,53.0,2104355.0,800000.0,113747.0,4.0,1.0,0.0,1.0,2093994.0,1.0,0.0
3890040.0,6.0,31.0,4000000.0,1000000.0,577777.0,3.0,1.0,0.0,0.0,1210000.0,1.0,0.0
3225360.0,12.0,54.0,2500000.0,500000.0,223983.0,4.0,2.0,0.0,1.0,1210000.0,1.0,0.0
4950000.0,6.0,29.0,1900000.0,282000.0,745067.0,5.0,0.0,0.0,3.0,1210000.0,0.0,1.0
1450628.4,9.0,53.0,1500000.0,900000.0,135476.0,0.0,0.0,0.0,0.0,1492087.0,1.0,0.0
1363200.0,8.0,24.0,1365000.0,400000.0,154930.0,4.0,1.0,0.0,1.0,1371321.0,1.0,0.0
1344000.0,12.0,23.0,4000000.0,1000000.0,107922.0,6.0,2.0,0.0,2.0,839405.0,1.0,0.0
2849280.0,12.0,37.0,1000000.0,500000.0,223146.0,1.0,1.0,0.0,0.0,908526.0,1.0,0.0
777600.0,6.0,35.0,1500000.0,500000.0,115495.0,1.0,1.0,0.0,0.0,30285.0,1.0,0.0
1536949.2,9.0,34.0,3000000.0,1900000.0,143675.0,5.0,4.0,0.0,1.0,4565020.0,1.0,0.0
3417370.8,9.0,42.0,10000000.0,4000000.0,319458.0,7.0,0.0,0.0,5.0,2128000.0,0.0,1.0
1374840.0,6.0,38.0,1800000.0,400000.0,204192.0,2.0,1.0,0.0,0.0,1608133.0,1.0,0.0
417600.0,6.0,45.0,1000000.0,200000.0,62025.0,0.0,0.0,0.0,0.0,1210000.0,1.0,0.0
1070206.8,6.0,26.0,1970000.0,145000.0,164086.0,4.0,2.0,0.0,0.0,1186083.0,1.0,0.0
682200.0,10.0,27.0,2233000.0,1000000.0,58705.0,10.0,4.0,0.0,3.0,2232342.0,1.0,0.0
648592.7999999999,6.0,60.0,1500000.0,50000.0,96661.0,0.0,0.0,0.0,0.0,469405.0,0.0,1.0
1176000.0,10.0,49.0,1200000.0,600000.0,109100.0,4.0,1.0,0.0,3.0,598113.0,1.0,0.0
3209541.6,10.0,42.0,3100000.0,2000000.0,272218.0,6.0,3.0,0.0,2.0,2791061.0,1.0,0.0
8830670.4,9.0,46.0,2800000.0,2300000.0,825498.0,18.0,13.0,0.0,3.0,1210000.0,0.0,1.0
1680000.0,12.0,35.0,3000000.0,800000.0,133185.0,6.0,2.0,0.0,3.0,991429.0,0.0,1.0
3312000.0,10.0,38.0,8000000.0,3000000.0,306912.0,3.0,2.0,0.0,0.0,933473.0,0.0,1.0
808680.0,6.0,32.0,1700000.0,500000.0,120106.0,5.0,0.0,1.0,2.0,726821.0,1.0,0.0
1105920.0,8.0,57.0,1800000.0,500000.0,125266.0,7.0,2.0,0.0,1.0,1210000.0,1.0,0.0
1388280.0,12.0,41.0,2500000.0,800000.0,109069.0,7.0,4.0,0.0,2.0,1747820.0,1.0,0.0
1773600.0,12.0,68.0,5000000.0,1800000.0,139159.0,1.0,0.0,0.0,0.0,2125629.0,0.0,1.0
2756280.0,6.0,40.0,7000000.0,3000000.0,382817.0,8.0,4.0,0.0,1.0,1937778.0,0.0,1.0
4080000.0,36.0,51.0,4000000.0,850000.0,131920.0,8.0,3.0,0.0,4.0,1210000.0,1.0,0.0
7312800.0,6.0,34.0,8000000.0,2000000.0,1083422.0,10.0,6.0,0.0,1.0,916148.0,0.0,1.0
1476000.0,6.0,34.0,3000000.0,300000.0,219076.0,4.0,0.0,0.0,2.0,2898367.0,1.0,0.0
2876400.0,12.0,57.0,6000000.0,0.0,199750.0,5.0,5.0,0.0,0.0,11976810.0,0.0,1.0
840000.0,12.0,28.0,1900000.0,400000.0,65826.0,5.0,2.0,0.0,1.0,181706.0,1.0,0.0
4704000.0,8.0,50.0,1300000.0,2041000.0,539679.0,6.0,4.0,0.0,1.0,1263636.0,0.0,1.0
5557992.0,2.0,53.0,3274000.0,622000.0,2199518.0,6.0,2.0,0.0,2.0,8440850.0,1.0,0.0
2102158.8,12.0,56.0,2536000.0,536000.0,165155.0,5.0,4.0,0.0,0.0,2451533.0,1.0,0.0
6614400.0,12.0,38.0,2000000.0,1000000.0,520302.0,6.0,2.0,0.0,0.0,1210000.0,0.0,1.0
1769040.0,12.0,41.0,2000000.0,700000.0,139386.0,3.0,3.0,0.0,0.0,1947454.0,1.0,0.0
2309859.6,36.0,53.0,2000000.0,0.0,74930.0,3.0,1.0,0.0,1.0,1367131.0,1.0,0.0
1354128.0,9.0,34.0,3500000.0,1500000.0,126464.0,11.0,8.0,0.0,2.0,1895003.0,1.0,0.0
6239230.8,10.0,26.0,5000000.0,3000000.0,532520.0,8.0,4.0,0.0,3.0,1210000.0,0.0,1.0
1604400.0,2.0,42.0,5000000.0,2000000.0,633160.0,10.0,7.0,0.0,2.0,1210000.0,0.0,1.0
1944000.0,6.0,36.0,1670000.0,0.0,300536.0,1.0,0.0,0.0,0.0,1467685.0,1.0,0.0
3900000.0,24.0,29.0,2189000.0,210000.0,172806.0,1.0,1.0,0.0,0.0,1696618.0,1.0,0.0
2664000.0,12.0,37.0,3178000.0,1004000.0,226379.0,11.0,6.0,2.0,2.0,4272656.0,1.0,0.0
6048000.0,8.0,27.0,8000000.0,0.0,686528.0,5.0,2.0,0.0,0.0,908526.0,0.0,1.0
2640000.0,12.0,28.0,2200000.0,1000000.0,207753.0,1.0,0.0,1.0,0.0,1769421.0,1.0,0.0
2373600.0,6.0,63.0,2000000.0,1000000.0,352290.0,7.0,6.0,1.0,0.0,1707277.0,1.0,0.0
4454400.0,12.0,55.0,1200000.0,30000.0,349231.0,3.0,3.0,0.0,0.0,908526.0,1.0,0.0
2696640.0,30.0,65.0,1350000.0,100000.0,98926.0,0.0,0.0,0.0,0.0,908526.0,0.0,1.0
2009462.4,10.0,69.0,2000000.0,1000000.0,170433.0,7.0,5.0,0.0,0.0,1210000.0,1.0,0.0
2088000.0,6.0,35.0,3000000.0,800000.0,310336.0,5.0,0.0,4.0,0.0,1210000.0,0.0,1.0
1056000.0,6.0,35.0,1200000.0,600000.0,156952.0,0.0,0.0,0.0,0.0,1210000.0,0.0,1.0
1607935.2,10.0,38.0,12000000.0,7000000.0,136521.0,3.0,0.0,0.0,1.0,6299188.0,1.0,0.0
2340600.0,6.0,58.0,2500000.0,1000000.0,347040.0,3.0,2.0,0.0,0.0,2838143.0,1.0,0.0
1269000.0,5.0,40.0,5000000.0,2000000.0,205990.0,6.0,4.0,0.0,2.0,939017.0,0.0,1.0
4320000.0,36.0,35.0,2500000.0,150000.0,148365.0,2.0,0.0,0.0,1.0,986666.0,0.0,1.0
1199760.0,12.0,33.0,8000000.0,2000000.0,83317.0,6.0,1.0,0.0,1.0,1292867.0,0.0,1.0
720000.0,6.0,50.0,2000000.0,100000.0,107471.0,7.0,5.0,0.0,1.0,2266637.0,1.0,0.0
1416000.0,6.0,60.0,5000000.0,2000000.0,210506.0,12.0,6.0,0.0,4.0,939017.0,0.0,1.0
972000.0,10.0,54.0,3000000.0,412000.0,91108.0,14.0,4.0,0.0,1.0,1210000.0,0.0,1.0
1244426.4,6.0,35.0,2300000.0,500000.0,185010.0,4.0,0.0,1.0,2.0,2952275.0,1.0,0.0
818160.0,6.0,42.0,3000000.0,1200000.0,121308.0,4.0,3.0,0.0,0.0,3725809.0,1.0,0.0
8000400.0,6.0,27.0,12000000.0,2500000.0,1188224.0,7.0,3.0,0.0,0.0,333126.0,0.0,1.0
1193589.5999999999,9.0,42.0,3742000.0,3742000.0,111738.0,9.0,6.0,0.0,1.0,1210000.0,0.0,1.0
1801028.4,10.0,51.0,1600000.0,1000000.0,152995.0,8.0,3.0,2.0,3.0,940438.0,1.0,0.0
1084186.8,2.0,56.0,4000000.0,2000000.0,427173.0,3.0,0.0,1.0,2.0,1210000.0,0.0,1.0
3394948.8,9.0,43.0,4872000.0,1424000.0,331642.0,5.0,4.0,0.0,1.0,3568025.0,1.0,0.0
878880.0,5.0,55.0,5000000.0,2000000.0,142457.0,5.0,1.0,0.0,4.0,1210000.0,0.0,1.0
3147705.6,10.0,42.0,3500000.0,2000000.0,267254.0,8.0,5.0,0.0,1.0,7090712.0,1.0,0.0
4360213.2,9.0,44.0,6000000.0,5000000.0,406622.0,11.0,7.0,0.0,1.0,1388500.0,0.0,1.0
1821297.5999999999,10.0,39.0,3855044.0,1587777.0,154474.0,7.0,4.0,0.0,2.0,1210000.0,0.0,1.0
2147040.0,6.0,32.0,4500000.0,2000000.0,319329.0,9.0,7.0,1.0,0.0,946640.0,1.0,0.0
719785.2,4.0,42.0,1200000.0,600000.0,144503.0,2.0,0.0,0.0,2.0,1210000.0,1.0,0.0
1864881.5999999999,10.0,41.0,4751000.0,1152000.0,167182.0,9.0,7.0,0.0,0.0,1210000.0,0.0,1.0
1743616.8,10.0,27.0,3000000.0,2000000.0,148041.0,2.0,0.0,0.0,0.0,1210000.0,0.0,1.0
740400.0,6.0,64.0,1600000.0,1000000.0,109920.0,4.0,2.0,1.0,0.0,3235082.0,1.0,0.0
539400.0,8.0,21.0,1200000.0,300000.0,61179.0,3.0,0.0,0.0,3.0,177921.0,0.0,1.0
1763880.0,6.0,56.0,4550000.0,2000000.0,262163.0,9.0,4.0,0.0,2.0,3210392.0,1.0,0.0
6600000.0,24.0,43.0,3500000.0,400000.0,229167.0,8.0,5.0,0.0,1.0,1290500.0,1.0,0.0
871200.0,6.0,62.0,6000000.0,2500000.0,129603.0,10.0,2.0,1.0,5.0,916841.0,0.0,1.0
756000.0,6.0,28.0,1300000.0,350000.0,112465.0,4.0,3.0,0.0,0.0,1181960.0,1.0,0.0
811413.6,10.0,29.0,2500000.0,1200000.0,69110.0,6.0,0.0,3.0,2.0,1695226.0,1.0,0.0
8404800.0,36.0,41.0,4000000.0,600000.0,272644.0,9.0,1.0,4.0,3.0,1303100.0,1.0,0.0
719785.2,8.0,50.0,5000000.0,2000000.0,75201.0,9.0,5.0,1.0,2.0,954263.0,0.0,1.0
907200.0,6.0,35.0,2523471.0,293000.0,135866.0,7.0,6.0,0.0,0.0,2544349.0,1.0,0.0
878880.0,5.0,49.0,4000000.0,2000000.0,142581.0,11.0,5.0,1.0,4.0,777294.0,0.0,1.0
1680000.0,12.0,36.0,1000000.0,100000.0,132383.0,2.0,1.0,0.0,0.0,923771.0,1.0,0.0
600000.0,6.0,27.0,3000000.0,800000.0,89116.0,3.0,2.0,0.0,0.0,2093080.0,1.0,0.0
3272640.0,6.0,34.0,6000000.0,2000000.0,486076.0,5.0,3.0,1.0,0.0,469405.0,1.0,0.0
562738.7999999999,6.0,69.0,3000000.0,1000000.0,83525.0,8.0,7.0,0.0,1.0,3486097.0,1.0,0.0
1338360.0,10.0,37.0,3000000.0,600000.0,123847.0,8.0,4.0,0.0,3.0,2953607.0,1.0,0.0
6223200.0,12.0,37.0,1600000.0,300000.0,488581.0,8.0,3.0,0.0,4.0,1554800.0,1.0,0.0
2095279.2,10.0,45.0,5660000.0,1652000.0,181651.0,3.0,2.0,0.0,0.0,1210000.0,1.0,0.0
2472045.6,11.0,64.0,0.0,0.0,208699.0,4.0,1.0,0.0,0.0,961885.0,1.0,0.0
4002961.1999999997,12.0,40.0,13000000.0,0.0,314881.0,14.0,5.0,0.0,5.0,9568254.0,1.0,0.0
1683000.0,10.0,25.0,3540000.0,1285000.0,161092.0,5.0,2.0,0.0,2.0,3656758.0,1.0,0.0
1105200.0,10.0,49.0,3500000.0,1400000.0,102264.0,6.0,4.0,0.0,0.0,939017.0,0.0,1.0
1132428.0,24.0,52.0,1100000.0,520000.0,49543.0,6.0,1.0,5.0,0.0,981390.0,1.0,0.0
3343500.0,8.0,30.0,2200000.0,600000.0,378713.0,2.0,0.0,0.0,0.0,1434424.0,1.0,0.0
3410016.0,18.0,44.0,2800000.0,150000.0,187884.0,6.0,0.0,1.0,4.0,1210610.0,1.0,0.0
1427640.0,12.0,39.0,5300000.0,600000.0,112022.0,9.0,7.0,0.0,2.0,5689076.0,1.0,0.0
2503498.8,12.0,61.0,3310000.0,65000.0,200949.0,7.0,4.0,0.0,1.0,969508.0,1.0,0.0
2642400.0,6.0,28.0,2000000.0,500000.0,393802.0,6.0,2.0,2.0,0.0,968489.0,1.0,0.0
547489.2,6.0,58.0,2000000.0,300000.0,82496.0,5.0,0.0,0.0,4.0,469405.0,1.0,0.0
2933040.0,6.0,43.0,2500000.0,800000.0,434881.0,4.0,2.0,0.0,1.0,1210000.0,1.0,0.0
2004960.0,6.0,59.0,3000000.0,1350000.0,278467.0,10.0,6.0,0.0,2.0,1210000.0,1.0,0.0
1154281.2,12.0,40.0,5399258.0,2000000.0,80158.0,11.0,7.0,0.0,2.0,3155901.0,1.0,0.0
6223200.0,24.0,38.0,1800000.0,1100000.0,277305.0,4.0,2.0,0.0,1.0,1689024.0,1.0,0.0
6583014.0,10.0,48.0,7284000.0,3389000.0,643108.0,5.0,3.0,0.0,0.0,8804656.0,1.0,0.0
2573456.4,10.0,31.0,2000000.0,1200000.0,218269.0,1.0,0.0,1.0,0.0,1207011.0,1.0,0.0
413592.0,5.0,38.0,5000000.0,2000000.0,67097.0,10.0,5.0,0.0,3.0,811557.0,0.0,1.0
6000600.0,6.0,38.0,6500000.0,2000000.0,891253.0,1.0,0.0,0.0,1.0,908526.0,1.0,0.0
1729560.0,12.0,38.0,2400000.0,1000000.0,135453.0,2.0,1.0,0.0,0.0,2450575.0,1.0,0.0
1523880.0,12.0,68.0,1200000.0,600000.0,119723.0,6.0,4.0,0.0,1.0,923771.0,0.0,1.0
1992000.0,6.0,38.0,5000000.0,3000000.0,296135.0,3.0,2.0,0.0,0.0,1210000.0,0.0,1.0
2914684.8,12.0,36.0,1600000.0,650000.0,202409.0,2.0,1.0,0.0,0.0,1000000.0,1.0,0.0
872745.6,8.0,39.0,1000000.0,450000.0,99189.0,14.0,6.0,3.0,3.0,897221.0,1.0,0.0
1973160.0,18.0,54.0,1900000.0,250000.0,110645.0,3.0,3.0,0.0,0.0,460000.0,1.0,0.0
1604400.0,2.0,58.0,4000000.0,2000000.0,632696.0,11.0,6.0,0.0,2.0,1210000.0,0.0,1.0
2496000.0,12.0,40.0,2500000.0,800000.0,195934.0,6.0,1.0,2.0,1.0,1422068.0,1.0,0.0
1185660.0,2.0,24.0,4000000.0,2000000.0,467360.0,8.0,1.0,0.0,5.0,1210000.0,0.0,1.0
5775240.0,6.0,56.0,8000000.0,2000000.0,858322.0,23.0,22.0,0.0,0.0,14238429.0,1.0,0.0
1020000.0,12.0,41.0,1500000.0,800000.0,80632.0,4.0,1.0,0.0,2.0,1616255.0,1.0,0.0
1068000.0,12.0,60.0,1200000.0,300000.0,84150.0,7.0,1.0,3.0,2.0,923771.0,1.0,0.0
887880.0,12.0,52.0,1000000.0,400000.0,69871.0,6.0,1.0,0.0,4.0,1244567.0,1.0,0.0
1269000.0,5.0,44.0,5000000.0,2000000.0,205990.0,3.0,1.0,0.0,2.0,1241859.0,0.0,1.0
1532160.0,24.0,45.0,5190000.0,2457000.0,73930.0,15.0,3.0,0.0,3.0,3392993.0,1.0,0.0
1464000.0,12.0,29.0,3000000.0,100000.0,115363.0,3.0,0.0,0.0,1.0,916841.0,1.0,0.0
3048000.0,12.0,29.0,5000000.0,1200000.0,238415.0,8.0,3.0,0.0,2.0,3475440.0,1.0,0.0
1542960.0,12.0,62.0,1500000.0,200000.0,121071.0,4.0,2.0,0.0,1.0,908526.0,1.0,0.0
7340752.8,10.0,122.0,95985077.0,14588779.0,623262.0,0.0,0.0,0.0,0.0,1210000.0,1.0,0.0
954000.0,18.0,59.0,1500000.0,58000.0,53953.0,2.0,1.0,0.0,1.0,1210000.0,0.0,1.0
1488000.0,6.0,60.0,4000000.0,1200000.0,221760.0,4.0,3.0,0.0,0.0,935968.0,0.0,1.0
4749781.2,10.0,122.0,1859020158.0,575464418.0,403912.0,0.0,0.0,0.0,0.0,1210000.0,1.0,0.0
1123800.0,6.0,29.0,1800000.0,700000.0,166687.0,6.0,3.0,0.0,2.0,1060381.0,1.0,0.0
870060.0,8.0,58.0,3883000.0,850000.0,98550.0,11.0,7.0,0.0,1.0,1147004.0,1.0,0.0
1931400.0,6.0,26.0,908526.0,476000.0,289280.0,5.0,2.0,0.0,2.0,969508.0,1.0,0.0
1920000.0,6.0,26.0,3000000.0,1000000.0,287546.0,5.0,1.0,3.0,1.0,1210000.0,1.0,0.0
2976000.0,18.0,39.0,2300000.0,700000.0,165130.0,12.0,2.0,1.0,3.0,1619875.0,1.0,0.0
1679983.2,10.0,43.0,3000000.0,2000000.0,142862.0,1.0,1.0,0.0,0.0,1210000.0,1.0,0.0
1357929.5999999999,12.0,62.0,1000000.0,300000.0,106861.0,3.0,0.0,0.0,3.0,1210000.0,0.0,1.0
2365598.4,9.0,50.0,5000000.0,3000000.0,221138.0,14.0,5.0,2.0,2.0,2019479.0,1.0,0.0
3682320.0,24.0,40.0,6000000.0,1000000.0,160977.0,13.0,4.0,1.0,3.0,5119068.0,1.0,0.0
852000.0,12.0,47.0,3500000.0,400000.0,67550.0,4.0,1.0,0.0,0.0,1210000.0,0.0,1.0
600000.0,8.0,31.0,1700000.0,400000.0,68052.0,2.0,0.0,0.0,2.0,1405534.0,1.0,0.0
1384442.4,6.0,36.0,1800000.0,0.0,210870.0,0.0,0.0,0.0,0.0,2077150.0,1.0,0.0
1036800.0,6.0,53.0,3200000.0,1500000.0,153606.0,2.0,1.0,0.0,1.0,1210000.0,1.0,0.0
1845480.0,12.0,48.0,2500000.0,400000.0,145245.0,3.0,1.0,0.0,0.0,3286869.0,1.0,0.0
3744999.6,10.0,25.0,22000000.0,7000000.0,346547.0,4.0,3.0,0.0,0.0,808333.0,1.0,0.0
4800000.0,12.0,48.0,5000000.0,1500000.0,376846.0,9.0,1.0,6.0,0.0,908526.0,1.0,0.0
4042441.1999999997,12.0,34.0,6000000.0,2500000.0,317592.0,6.0,2.0,0.0,0.0,923771.0,1.0,0.0
1161660.0,6.0,59.0,1200000.0,600000.0,172538.0,3.0,3.0,0.0,0.0,939017.0,0.0,1.0
3095760.0,12.0,51.0,3000000.0,1000000.0,214983.0,5.0,2.0,0.0,0.0,908526.0,1.0,0.0
3104438.4,10.0,44.0,4000000.0,1200000.0,263304.0,4.0,1.0,1.0,0.0,1023410.0,0.0,1.0
635716.7999999999,4.0,40.0,12000000.0,8000000.0,127781.0,9.0,1.0,4.0,0.0,1210000.0,0.0,1.0
2647021.1999999997,6.0,42.0,3200000.0,500000.0,393403.0,4.0,3.0,0.0,0.0,3066666.0,1.0,0.0
1080000.0,12.0,47.0,1600000.0,800000.0,84990.0,2.0,1.0,0.0,0.0,1042585.0,0.0,1.0
1006467.6,10.0,26.0,1500000.0,800000.0,85498.0,4.0,2.0,0.0,2.0,931394.0,1.0,0.0
3565920.0,6.0,43.0,3000000.0,800000.0,531436.0,7.0,7.0,0.0,0.0,1210000.0,0.0,1.0
720000.0,6.0,45.0,1500000.0,750000.0,100000.0,7.0,3.0,0.0,2.0,1792912.0,1.0,0.0
2741089.1999999997,10.0,52.0,3500000.0,1820000.0,232486.0,9.0,2.0,2.0,3.0,878241.0,0.0,1.0
3749700.0,12.0,55.0,2500000.0,1700000.0,294569.0,0.0,0.0,0.0,0.0,939017.0,1.0,0.0
1838400.0,12.0,51.0,1680000.0,70000.0,147970.0,1.0,0.0,0.0,1.0,1210000.0,1.0,0.0
954000.0,6.0,41.0,3000000.0,1200000.0,141888.0,6.0,2.0,0.0,2.0,2791112.0,1.0,0.0
1080000.0,8.0,59.0,2400000.0,500000.0,123389.0,4.0,3.0,0.0,0.0,2588271.0,1.0,0.0
3278356.8,10.0,38.0,3000000.0,1500000.0,278785.0,7.0,5.0,0.0,1.0,692101.0,1.0,0.0
672000.0,12.0,29.0,1117500.0,250000.0,53122.0,0.0,0.0,0.0,0.0,1210000.0,0.0,1.0
4812952.8,9.0,122.0,5112626.0,8635925.0,449918.0,0.0,0.0,0.0,0.0,1210000.0,1.0,0.0
3572040.0,12.0,42.0,4000000.0,1000000.0,280267.0,10.0,3.0,0.0,2.0,908526.0,0.0,1.0
2799600.0,6.0,62.0,4400000.0,200000.0,388833.0,6.0,3.0,0.0,0.0,1210000.0,0.0,1.0
2138400.0,6.0,47.0,2000000.0,1000000.0,317176.0,5.0,2.0,0.0,2.0,2212058.0,1.0,0.0
1901355.5999999999,9.0,67.0,5000000.0,2500000.0,177740.0,5.0,2.0,0.0,2.0,923771.0,0.0,1.0
1949815.2,9.0,57.0,3000000.0,2000000.0,182096.0,9.0,3.0,0.0,5.0,878293.0,0.0,1.0
1475880.0,12.0,45.0,3400000.0,0.0,115807.0,16.0,8.0,0.0,5.0,873194.0,1.0,0.0
1053000.0,8.0,26.0,2765800.0,906000.0,120822.0,5.0,1.0,1.0,3.0,2653734.0,1.0,0.0
3921600.0,12.0,31.0,3000000.0,1000000.0,307715.0,8.0,5.0,0.0,2.0,3200000.0,1.0,0.0
2594442.0,7.0,29.0,2600000.0,779000.0,309110.0,7.0,2.0,1.0,2.0,2467389.0,1.0,0.0
480000.0,6.0,31.0,2020000.0,600000.0,71342.0,3.0,2.0,0.0,0.0,1583315.0,1.0,0.0
1026712.7999999999,10.0,31.0,2000000.0,800000.0,87310.0,7.0,6.0,0.0,0.0,939017.0,1.0,0.0
2986800.0,24.0,40.0,1500000.0,300000.0,130110.0,2.0,2.0,0.0,0.0,1210000.0,0.0,1.0
624000.0,12.0,44.0,2000000.0,1400000.0,48984.0,9.0,5.0,0.0,2.0,1150000.0,1.0,0.0
2062680.0,6.0,43.0,1000000.0,200000.0,307888.0,4.0,1.0,1.0,0.0,1116967.0,1.0,0.0
3755761.1999999997,6.0,66.0,9500000.0,4000000.0,558185.0,8.0,7.0,0.0,0.0,9557006.0,1.0,0.0
6406549.2,10.0,54.0,4000000.0,2000000.0,543944.0,3.0,2.0,0.0,0.0,945115.0,1.0,0.0
627696.0,6.0,46.0,10000000.0,4000000.0,93102.0,20.0,15.0,0.0,2.0,1210000.0,0.0,1.0
2136000.0,6.0,23.0,9000000.0,3000000.0,317471.0,10.0,4.0,0.0,4.0,931394.0,1.0,0.0
4524000.0,8.0,60.0,20000000.0,1500000.0,519028.0,2.0,1.0,0.0,0.0,1210000.0,0.0,1.0
1755430.8,10.0,52.0,4400000.0,3500000.0,149278.0,9.0,5.0,1.0,1.0,1210000.0,1.0,0.0
1928037.5999999999,9.0,58.0,2000000.0,700000.0,180493.0,6.0,3.0,1.0,2.0,1210000.0,0.0,1.0
453600.0,6.0,46.0,2000000.0,226000.0,67933.0,9.0,3.0,0.0,4.0,946640.0,0.0,1.0
2762400.0,24.0,52.0,2000000.0,1000000.0,121317.0,10.0,6.0,0.0,2.0,1210000.0,0.0,1.0
2224999.1999999997,6.0,53.0,2500000.0,0.0,333224.0,8.0,6.0,0.0,1.0,1210000.0,0.0,1.0
1498992.0,8.0,49.0,5000000.0,2000000.0,156205.0,9.0,6.0,0.0,3.0,1210000.0,0.0,1.0
2500442.4,12.0,26.0,2000000.0,600000.0,173642.0,3.0,2.0,0.0,0.0,1200000.0,0.0,1.0
611040.0,6.0,68.0,3500000.0,1200000.0,90599.0,12.0,2.0,0.0,9.0,1210000.0,0.0,1.0
3111600.0,24.0,33.0,3800000.0,1700000.0,136165.0,7.0,1.0,1.0,2.0,908526.0,0.0,1.0
967446.0,6.0,42.0,2000000.0,300000.0,144888.0,12.0,4.0,0.0,7.0,1210000.0,0.0,1.0
2287860.0,12.0,44.0,6000000.0,3000000.0,179297.0,10.0,7.0,0.0,3.0,5843636.0,0.0,1.0
2896401.6,9.0,41.0,5500000.0,2500000.0,270499.0,14.0,12.0,0.0,1.0,1755606.0,0.0,1.0
1320000.0,6.0,37.0,2000000.0,500000.0,196234.0,3.0,0.0,1.0,0.0,1210000.0,0.0,1.0
2981996.4,10.0,29.0,4000000.0,1200000.0,252919.0,1.0,0.0,0.0,0.0,1534826.0,1.0,0.0
1248000.0,12.0,49.0,4400000.0,419000.0,102321.0,12.0,8.0,0.0,1.0,1210000.0,1.0,0.0
816559.2,24.0,37.0,2357000.0,1100000.0,36786.0,6.0,1.0,0.0,3.0,2326440.0,1.0,0.0
1600560.0,10.0,27.0,4380000.0,842000.0,152304.0,2.0,2.0,0.0,0.0,2500000.0,1.0,0.0
588000.0,12.0,48.0,1854000.0,800000.0,46164.0,10.0,3.0,3.0,4.0,2517270.0,1.0,0.0
5664000.0,10.0,52.0,4000000.0,600000.0,530901.0,4.0,2.0,0.0,1.0,762152.0,0.0,1.0
1292820.0,6.0,39.0,17000000.0,6000000.0,192194.0,6.0,2.0,0.0,0.0,10827326.0,1.0,0.0
1734300.0,8.0,50.0,3000000.0,1000000.0,197106.0,9.0,5.0,0.0,1.0,1210000.0,1.0,0.0
878880.0,5.0,32.0,5000000.0,2000000.0,142581.0,11.0,5.0,0.0,3.0,1210000.0,0.0,1.0
4175281.1999999997,12.0,48.0,2500000.0,500000.0,327620.0,3.0,0.0,1.0,1.0,1760596.0,1.0,0.0
2976958.8,12.0,54.0,6000000.0,2600000.0,233592.0,16.0,10.0,0.0,1.0,7977074.0,1.0,0.0
1248000.0,12.0,49.0,4000000.0,2000000.0,97739.0,10.0,4.0,0.0,2.0,5338143.0,1.0,0.0
3180752.4,36.0,52.0,3200000.0,200000.0,102957.0,6.0,4.0,0.0,1.0,1013281.0,1.0,0.0
1680000.0,24.0,44.0,1200000.0,500000.0,73434.0,9.0,3.0,0.0,4.0,1068129.0,1.0,0.0
1727880.0,6.0,31.0,1200000.0,300000.0,257914.0,4.0,0.0,1.0,1.0,1597237.0,1.0,0.0
734400.0,6.0,48.0,2000000.0,500000.0,109449.0,14.0,3.0,3.0,8.0,1519410.0,0.0,1.0
3733284.0,18.0,36.0,3600000.0,300000.0,207150.0,8.0,4.0,1.0,2.0,4417421.0,1.0,0.0
2539500.0,24.0,24.0,1345700.0,400000.0,110591.0,4.0,3.0,1.0,0.0,1624635.0,1.0,0.0
6480000.0,12.0,55.0,16000000.0,10000000.0,450000.0,5.0,3.0,0.0,0.0,939017.0,0.0,1.0
2798040.0,12.0,41.0,3800000.0,1000000.0,194308.0,3.0,2.0,0.0,1.0,1311326.0,1.0,0.0
3468914.4,12.0,26.0,1800000.0,300000.0,272984.0,4.0,0.0,0.0,3.0,613255.0,1.0,0.0
1869204.0,10.0,39.0,3000000.0,500000.0,173864.0,4.0,1.0,0.0,1.0,1210000.0,0.0,1.0
3393500.4,11.0,28.0,3782500.0,860000.0,268108.0,4.0,1.0,1.0,1.0,5616666.0,1.0,0.0
2646000.0,24.0,38.0,1340000.0,534000.0,91875.0,7.0,4.0,0.0,2.0,1210000.0,1.0,0.0
720000.0,6.0,39.0,1300000.0,600000.0,107471.0,2.0,1.0,1.0,0.0,893333.0,1.0,0.0
3000000.0,12.0,30.0,2500000.0,2000000.0,235693.0,6.0,2.0,0.0,1.0,227132.0,1.0,0.0
3038880.0,12.0,22.0,2000000.0,600000.0,238728.0,1.0,1.0,0.0,0.0,888543.0,1.0,0.0
1431300.0,24.0,58.0,2300000.0,200000.0,62331.0,14.0,7.0,0.0,2.0,2198979.0,1.0,0.0
3922792.8,9.0,45.0,3000000.0,2300000.0,367583.0,10.0,5.0,1.0,2.0,954263.0,0.0,1.0
1192914.0,9.0,65.0,3800000.0,2000000.0,111408.0,5.0,4.0,0.0,0.0,908526.0,1.0,0.0
3779520.0,12.0,48.0,1000000.0,4036000.0,295949.0,12.0,10.0,0.0,1.0,961885.0,0.0,1.0
833023.2,10.0,30.0,2668000.0,914000.0,74221.0,6.0,2.0,0.0,3.0,1161833.0,1.0,0.0
3198720.0,24.0,60.0,2000000.0,350000.0,139342.0,6.0,3.0,0.0,1.0,1210000.0,0.0,1.0
4454400.0,24.0,49.0,6000000.0,700000.0,194430.0,9.0,6.0,0.0,0.0,1800000.0,1.0,0.0
3133800.0,6.0,25.0,6000000.0,3500000.0,467769.0,9.0,2.0,0.0,5.0,469405.0,0.0,1.0
670200.0,8.0,32.0,1300000.0,500000.0,69779.0,2.0,1.0,0.0,1.0,1052529.0,1.0,0.0
2587129.1999999997,9.0,41.0,3500000.0,1600000.0,241847.0,4.0,4.0,0.0,0.0,2161333.0,1.0,0.0
2062800.0,6.0,24.0,2000000.0,100000.0,306800.0,2.0,1.0,0.0,0.0,1000000.0,0.0,1.0
821788.7999999999,9.0,47.0,5000000.0,2500000.0,76932.0,1.0,0.0,0.0,0.0,1210000.0,0.0,1.0
1750140.0,6.0,58.0,8000000.0,4000000.0,259944.0,3.0,2.0,0.0,1.0,908526.0,0.0,1.0
720000.0,12.0,53.0,3740000.0,894000.0,59918.0,11.0,5.0,3.0,2.0,3281278.0,1.0,0.0
2328480.0,10.0,55.0,3400000.0,1000000.0,215468.0,7.0,4.0,0.0,1.0,1210000.0,1.0,0.0
626256.0,2.0,39.0,5000000.0,2000000.0,247037.0,6.0,5.0,0.0,0.0,1210000.0,0.0,1.0
658800.0,12.0,66.0,900000.0,150000.0,51694.0,1.0,0.0,0.0,1.0,1210000.0,0.0,1.0
819600.0,6.0,55.0,2850000.0,690000.0,124837.0,3.0,1.0,0.0,1.0,1210000.0,0.0,1.0
4824000.0,36.0,48.0,4080000.0,1055000.0,176029.0,4.0,0.0,2.0,2.0,859578.0,0.0,1.0
3873600.0,6.0,38.0,16000000.0,6000000.0,577254.0,9.0,4.0,0.0,1.0,969508.0,0.0,1.0
3571200.0,12.0,49.0,3000000.0,350000.0,280220.0,6.0,4.0,0.0,1.0,1210000.0,0.0,1.0
1190040.0,6.0,42.0,2100000.0,700000.0,177354.0,17.0,6.0,0.0,6.0,946916.0,1.0,0.0
1632000.0,12.0,49.0,2500000.0,1700000.0,127898.0,2.0,1.0,0.0,0.0,1210000.0,1.0,0.0
878880.0,9.0,46.0,5000000.0,2000000.0,82276.0,2.0,1.0,0.0,1.0,1210000.0,0.0,1.0
1736348.4,10.0,42.0,3000000.0,1000000.0,147501.0,17.0,7.0,0.0,7.0,826503.0,0.0,1.0
1508281.2,12.0,46.0,1800000.0,800000.0,104742.0,7.0,4.0,0.0,0.0,454263.0,1.0,0.0
3449191.1999999997,3.0,122.0,1070258343.0,261334249.0,928226.0,0.0,0.0,0.0,0.0,1210000.0,1.0,0.0
1512000.0,6.0,34.0,10000000.0,4300000.0,227288.0,10.0,1.0,4.0,3.0,1948226.0,0.0,1.0
1668000.0,12.0,38.0,2000000.0,400000.0,115833.0,5.0,2.0,0.0,2.0,1892185.0,1.0,0.0
776295.6,12.0,61.0,1200000.0,400000.0,61360.0,0.0,0.0,0.0,0.0,1210000.0,0.0,1.0
440990.39999999997,6.0,60.0,1000000.0,250000.0,65563.0,3.0,1.0,0.0,0.0,1210000.0,1.0,0.0
1680000.0,12.0,40.0,1800000.0,600000.0,132207.0,4.0,2.0,0.0,0.0,1610471.0,1.0,0.0
5474101.2,9.0,27.0,13000000.0,2000000.0,512948.0,2.0,1.0,0.0,0.0,3301667.0,0.0,1.0
1604400.0,2.0,52.0,5000000.0,2000000.0,633067.0,2.0,0.0,0.0,1.0,1210000.0,0.0,1.0
1675200.0,6.0,33.0,8062000.0,2347000.0,258121.0,7.0,2.0,0.0,1.0,1029090.0,0.0,1.0
2076514.7999999998,10.0,29.0,1500000.0,1200000.0,176768.0,2.0,1.0,0.0,0.0,1612112.0,0.0,1.0
1200000.0,6.0,65.0,8000000.0,2000000.0,177907.0,15.0,6.0,0.0,4.0,5175946.0,1.0,0.0
1207215.5999999999,9.0,27.0,2000000.0,1500000.0,113176.0,10.0,3.0,0.0,2.0,2725500.0,0.0,1.0
1032240.0,10.0,35.0,1200000.0,300000.0,95317.0,6.0,2.0,0.0,0.0,1136640.0,1.0,0.0
1440000.0,12.0,28.0,2200000.0,400000.0,113833.0,6.0,2.0,0.0,4.0,501235.0,1.0,0.0
1649280.0,6.0,34.0,2000000.0,500000.0,244628.0,1.0,1.0,0.0,0.0,1894727.0,1.0,0.0
1269000.0,5.0,41.0,5000000.0,2000000.0,205810.0,1.0,0.0,0.0,1.0,30285.0,0.0,1.0
940800.0,6.0,36.0,3090000.0,2961000.0,143297.0,5.0,0.0,2.0,1.0,3641173.0,1.0,0.0
2884560.0,12.0,57.0,3000000.0,500000.0,226624.0,6.0,4.0,0.0,1.0,1210000.0,0.0,1.0
885015.6,10.0,54.0,2000000.0,800000.0,75339.0,2.0,1.0,0.0,0.0,965697.0,1.0,0.0
4454400.0,6.0,42.0,7000000.0,300000.0,661148.0,5.0,3.0,0.0,2.0,1210000.0,0.0,1.0
2053569.5999999999,9.0,37.0,2300000.0,1200000.0,192429.0,1.0,1.0,0.0,0.0,1210000.0,0.0,1.0
2778360.0,36.0,32.0,2000000.0,600000.0,90519.0,3.0,1.0,0.0,1.0,1119350.0,1.0,0.0
1699320.0,3.0,45.0,3500000.0,1700000.0,451756.0,10.0,7.0,0.0,0.0,1200000.0,1.0,0.0
1413600.0,12.0,52.0,3800000.0,1200000.0,112764.0,5.0,1.0,1.0,1.0,941789.0,0.0,1.0
7467600.0,36.0,42.0,2880000.0,407000.0,278682.0,5.0,4.0,0.0,1.0,2987574.0,1.0,0.0
2783880.0,12.0,29.0,2800000.0,0.0,193325.0,5.0,2.0,0.0,2.0,2447598.0,1.0,0.0
808964.4,3.0,37.0,2500000.0,800000.0,214431.0,16.0,6.0,0.0,5.0,1210000.0,0.0,1.0
1449956.4,10.0,23.0,3050000.0,3355000.0,127869.0,17.0,11.0,1.0,2.0,2358333.0,1.0,0.0
2373600.0,12.0,33.0,2500000.0,1000000.0,186480.0,2.0,1.0,0.0,0.0,2211317.0,1.0,0.0
2280000.0,6.0,30.0,2060000.0,1478000.0,346120.0,2.0,1.0,1.0,0.0,1266666.0,1.0,0.0
1378320.0,6.0,29.0,3000000.0,600000.0,204578.0,6.0,3.0,0.0,1.0,683400.0,0.0,1.0
2980200.0,11.0,46.0,4500000.0,3000000.0,232265.0,6.0,4.0,0.0,0.0,454263.0,0.0,1.0
2829673.1999999997,12.0,39.0,2500000.0,1500000.0,196505.0,5.0,2.0,0.0,1.0,931394.0,0.0,1.0
1235881.2,10.0,41.0,2000000.0,600000.0,114364.0,8.0,5.0,0.0,3.0,2670555.0,1.0,0.0
3576000.0,12.0,53.0,8000000.0,1500000.0,281295.0,6.0,4.0,0.0,1.0,995100.0,0.0,1.0
1269000.0,2.0,55.0,5000000.0,2000000.0,500578.0,3.0,1.0,0.0,1.0,954263.0,0.0,1.0
968280.0,8.0,52.0,1800000.0,300000.0,109823.0,5.0,0.0,1.0,2.0,1650703.0,1.0,0.0
2749080.0,12.0,40.0,7000000.0,2500000.0,215711.0,7.0,4.0,0.0,0.0,4701333.0,1.0,0.0
2124000.0,12.0,64.0,2500000.0,600000.0,166663.0,2.0,2.0,0.0,0.0,1210000.0,0.0,1.0
3459600.0,12.0,38.0,2500000.0,350000.0,277802.0,3.0,2.0,0.0,0.0,3590084.0,1.0,0.0
1784658.0,7.0,64.0,3200000.0,2500000.0,210192.0,8.0,5.0,0.0,0.0,1210000.0,1.0,0.0
4182480.0,12.0,43.0,1200000.0,600000.0,328185.0,1.0,1.0,0.0,0.0,916841.0,1.0,0.0
2856360.0,6.0,59.0,1430000.0,0.0,427779.0,1.0,0.0,0.0,1.0,2995270.0,1.0,0.0
1363200.0,6.0,24.0,7800000.0,2500000.0,202668.0,4.0,1.0,0.0,2.0,1210000.0,0.0,1.0
4610040.0,12.0,46.0,6000000.0,1200000.0,365468.0,3.0,1.0,0.0,1.0,1000000.0,1.0,0.0
837900.0,8.0,56.0,3000000.0,850000.0,95118.0,10.0,3.0,2.0,4.0,5371084.0,1.0,0.0
1052400.0,12.0,44.0,1600000.0,800000.0,82613.0,2.0,0.0,0.0,0.0,1210000.0,0.0,1.0
2320899.6,9.0,29.0,1600000.0,1200000.0,216441.0,4.0,3.0,0.0,1.0,2445468.0,1.0,0.0
1981305.5999999999,11.0,38.0,2000000.0,1000000.0,154327.0,1.0,1.0,0.0,0.0,1000000.0,1.0,0.0
2841600.0,24.0,42.0,1860000.0,532000.0,98667.0,7.0,0.0,0.0,4.0,1306573.0,1.0,0.0
576000.0,6.0,32.0,2000000.0,850000.0,85688.0,6.0,3.0,2.0,1.0,1984117.0,1.0,0.0
2400000.0,24.0,22.0,1200000.0,500000.0,104919.0,2.0,0.0,0.0,2.0,1210000.0,1.0,0.0
2139600.0,12.0,35.0,1300000.0,400000.0,167538.0,5.0,4.0,0.0,0.0,1310431.0,1.0,0.0
2198160.0,24.0,63.0,2760000.0,1113000.0,104148.0,7.0,1.0,1.0,5.0,984754.0,1.0,0.0
602515.2,6.0,43.0,4000000.0,500000.0,89327.0,9.0,1.0,2.0,3.0,2041848.0,1.0,0.0
2837053.1999999997,10.0,68.0,3500000.0,2000000.0,241257.0,5.0,1.0,0.0,1.0,939017.0,1.0,0.0
2391208.8,9.0,26.0,1500000.0,700000.0,222998.0,4.0,1.0,0.0,0.0,1210000.0,0.0,1.0
8188800.0,10.0,52.0,2000000.0,1165000.0,767557.0,10.0,10.0,0.0,0.0,1909090.0,0.0,1.0
8400000.0,36.0,39.0,1200000.0,200000.0,271600.0,7.0,2.0,0.0,3.0,908526.0,1.0,0.0
2019600.0,6.0,64.0,3000000.0,1000000.0,299446.0,1.0,1.0,0.0,0.0,1033825.0,1.0,0.0
2272640.4,11.0,53.0,2500000.0,1500000.0,178031.0,9.0,5.0,1.0,2.0,2166667.0,1.0,0.0
1800000.0,6.0,25.0,2600000.0,200000.0,266886.0,2.0,0.0,0.0,0.0,2475885.0,1.0,0.0
789540.0,6.0,39.0,3000000.0,1700000.0,117108.0,3.0,2.0,0.0,0.0,3183061.0,1.0,0.0
1320000.0,12.0,37.0,7000000.0,1500000.0,103231.0,6.0,0.0,0.0,3.0,916148.0,0.0,1.0
1185660.0,5.0,47.0,8000000.0,4000000.0,192462.0,9.0,7.0,0.0,1.0,1112666.0,0.0,1.0
2645760.0,12.0,52.0,2800000.0,500000.0,207345.0,8.0,6.0,0.0,2.0,1210000.0,0.0,1.0
2520000.0,12.0,44.0,2800000.0,985000.0,209695.0,7.0,0.0,4.0,1.0,992377.0,1.0,0.0
648000.0,12.0,60.0,1500000.0,200000.0,51057.0,6.0,2.0,0.0,4.0,1210000.0,0.0,1.0
417600.0,8.0,62.0,1450000.0,59000.0,48953.0,1.0,0.0,0.0,1.0,1210000.0,0.0,1.0
1824999.5999999999,8.0,53.0,5000000.0,2000000.0,207354.0,2.0,1.0,1.0,0.0,1210000.0,1.0,0.0
600000.0,6.0,43.0,3000000.0,2400000.0,88893.0,2.0,0.0,0.0,1.0,1210000.0,0.0,1.0
3345588.0,12.0,38.0,1800000.0,900000.0,232333.0,6.0,1.0,0.0,4.0,1590000.0,1.0,0.0
1200000.0,6.0,37.0,5000000.0,2500000.0,180818.0,6.0,1.0,0.0,4.0,1210000.0,0.0,1.0
1832161.2,9.0,59.0,4000000.0,1500000.0,171108.0,3.0,2.0,0.0,0.0,6074811.0,0.0,1.0
2534836.8,10.0,42.0,1562000.0,1820000.0,219759.0,5.0,0.0,1.0,1.0,1210000.0,0.0,1.0
799680.0,11.0,39.0,3100000.0,1500000.0,62395.0,3.0,0.0,0.0,1.0,1210000.0,1.0,0.0
868800.0,10.0,37.0,1400000.0,700000.0,80179.0,5.0,4.0,0.0,1.0,905845.0,1.0,0.0
1669920.0,6.0,62.0,2300000.0,500000.0,248353.0,5.0,3.0,0.0,1.0,2396134.0,1.0,0.0
655200.0,12.0,61.0,1200000.0,800000.0,51942.0,4.0,2.0,0.0,2.0,90853.0,0.0,1.0
2085559.2,10.0,45.0,3000000.0,1500000.0,177166.0,7.0,6.0,0.0,0.0,2126175.0,0.0,1.0
2580000.0,6.0,37.0,3240000.0,1141000.0,388758.0,5.0,4.0,0.0,0.0,1210000.0,0.0,1.0
2400000.0,12.0,34.0,3000000.0,1000000.0,188789.0,4.0,2.0,0.0,2.0,1210000.0,1.0,0.0
2453760.0,12.0,46.0,11000000.0,6000000.0,193097.0,7.0,7.0,0.0,0.0,12274556.0,1.0,0.0
3182400.0,6.0,49.0,2870000.0,304000.0,482298.0,2.0,1.0,0.0,0.0,1210000.0,0.0,1.0
1739880.0,12.0,35.0,4200000.0,450000.0,136919.0,4.0,0.0,2.0,1.0,3156571.0,1.0,0.0
955048.7999999999,10.0,42.0,2500000.0,2000000.0,81514.0,10.0,7.0,1.0,0.0,469405.0,1.0,0.0
506760.0,6.0,33.0,1500000.0,400000.0,75336.0,1.0,0.0,0.0,1.0,905869.0,1.0,0.0
1800000.0,12.0,31.0,1000000.0,200000.0,141416.0,2.0,2.0,0.0,0.0,1126101.0,1.0,0.0
2524998.0,10.0,44.0,6000000.0,2000000.0,216481.0,10.0,6.0,0.0,2.0,3000000.0,1.0,0.0
962281.2,12.0,40.0,1100000.0,400000.0,75726.0,2.0,2.0,0.0,0.0,949319.0,1.0,0.0
1521675.5999999999,8.0,26.0,2000000.0,700000.0,173490.0,4.0,1.0,0.0,1.0,1210000.0,0.0,1.0
480000.0,6.0,33.0,2500000.0,500000.0,71887.0,8.0,4.0,1.0,2.0,3967704.0,1.0,0.0
3600000.0,36.0,28.0,1200000.0,300000.0,121461.0,4.0,2.0,0.0,1.0,1000000.0,1.0,0.0
847800.0,6.0,59.0,2000000.0,800000.0,125692.0,7.0,4.0,0.0,1.0,1210000.0,0.0,1.0
4454400.0,24.0,27.0,1400000.0,300000.0,194430.0,2.0,2.0,0.0,0.0,1856789.0,1.0,0.0
538800.0,12.0,40.0,1250000.0,600000.0,42383.0,5.0,1.0,2.0,1.0,1166479.0,1.0,0.0
1872676.8,9.0,54.0,3500000.0,800000.0,175059.0,17.0,2.0,1.0,13.0,2087333.0,0.0,1.0
3816900.0,18.0,36.0,5730000.0,4945000.0,230235.0,11.0,9.0,0.0,0.0,1210000.0,1.0,0.0
937200.0,6.0,55.0,3380000.0,0.0,142265.0,2.0,1.0,0.0,0.0,1093916.0,1.0,0.0
1450508.4,3.0,46.0,3000000.0,2000000.0,385235.0,8.0,6.0,0.0,0.0,2000000.0,0.0,1.0
5339523.6,12.0,52.0,3000000.0,500000.0,419978.0,7.0,6.0,0.0,0.0,1070282.0,0.0,1.0
2569200.0,12.0,38.0,1800000.0,800000.0,201345.0,2.0,0.0,1.0,1.0,908526.0,1.0,0.0
4485480.0,10.0,42.0,7000000.0,3000000.0,413953.0,7.0,5.0,0.0,0.0,7632953.0,1.0,0.0
723241.2,10.0,39.0,5264067.0,1720000.0,67791.0,16.0,8.0,0.0,5.0,5874130.0,1.0,0.0
897240.0,6.0,60.0,3500000.0,1000000.0,134374.0,3.0,2.0,0.0,0.0,961885.0,0.0,1.0
1303200.0,6.0,52.0,3852000.0,3310000.0,196832.0,10.0,8.0,0.0,0.0,3474679.0,1.0,0.0
3895920.0,8.0,54.0,5000000.0,1000000.0,441285.0,7.0,0.0,3.0,1.0,828685.0,1.0,0.0
870000.0,6.0,41.0,3500000.0,500000.0,130294.0,10.0,4.0,1.0,4.0,2462104.0,1.0,0.0
9360000.0,12.0,47.0,4800000.0,1290000.0,736659.0,9.0,7.0,0.0,1.0,933473.0,0.0,1.0
453600.0,6.0,61.0,1000000.0,100000.0,67323.0,3.0,3.0,0.0,0.0,1000000.0,1.0,0.0
2498431.1999999997,11.0,67.0,3600000.0,1800000.0,194718.0,6.0,3.0,0.0,3.0,1434472.0,1.0,0.0
821208.0,3.0,56.0,5000000.0,2000000.0,218102.0,12.0,4.0,0.0,3.0,1210000.0,0.0,1.0
2969751.6,6.0,33.0,6700000.0,900000.0,441490.0,7.0,6.0,0.0,0.0,2680000.0,0.0,1.0
1440000.0,12.0,59.0,3500000.0,1500000.0,112845.0,3.0,1.0,1.0,0.0,1210000.0,0.0,1.0
1419600.0,6.0,41.0,5460000.0,3254000.0,215505.0,7.0,3.0,0.0,2.0,4040223.0,0.0,1.0
1868594.4,10.0,41.0,5250000.0,1750000.0,173095.0,5.0,3.0,1.0,0.0,469405.0,1.0,0.0
2240042.4,10.0,39.0,2000000.0,1100000.0,190689.0,5.0,2.0,0.0,1.0,941789.0,1.0,0.0
3502800.0,12.0,43.0,6823467.0,3182000.0,283704.0,13.0,6.0,0.0,5.0,8213330.0,1.0,0.0
714000.0,6.0,32.0,3000000.0,400000.0,105972.0,0.0,0.0,0.0,0.0,757105.0,0.0,1.0
1401360.0,12.0,34.0,2300000.0,1000000.0,110234.0,8.0,7.0,0.0,0.0,1210000.0,1.0,0.0
1619880.0,24.0,29.0,3200000.0,700000.0,71141.0,5.0,4.0,0.0,0.0,2494830.0,1.0,0.0
983761.2,10.0,51.0,2000000.0,250000.0,91130.0,7.0,2.0,0.0,2.0,893456.0,0.0,1.0
6384000.0,6.0,66.0,12000000.0,3000000.0,949060.0,9.0,6.0,0.0,0.0,931394.0,0.0,1.0
1817880.0,12.0,49.0,1300000.0,450000.0,126242.0,6.0,3.0,0.0,2.0,997363.0,1.0,0.0
480000.0,6.0,67.0,1100000.0,650000.0,71535.0,2.0,2.0,0.0,0.0,946640.0,1.0,0.0
3597240.0,12.0,60.0,4700000.0,500000.0,283083.0,2.0,0.0,0.0,0.0,1210000.0,1.0,0.0
1187880.0,6.0,61.0,1000000.0,0.0,178798.0,1.0,0.0,0.0,0.0,969508.0,1.0,0.0
1560000.0,6.0,29.0,4000000.0,1500000.0,231703.0,4.0,3.0,0.0,0.0,1210000.0,1.0,0.0
576720.0,6.0,54.0,4300000.0,1500000.0,85510.0,9.0,4.0,0.0,4.0,1210000.0,1.0,0.0
1084186.8,5.0,59.0,4000000.0,2000000.0,175581.0,3.0,2.0,0.0,1.0,1210000.0,0.0,1.0
1864800.0,6.0,34.0,4000000.0,1200000.0,277915.0,3.0,2.0,1.0,0.0,1210000.0,0.0,1.0
2931960.0,6.0,53.0,2100000.0,400000.0,434721.0,4.0,2.0,0.0,0.0,2553500.0,1.0,0.0
1498992.0,5.0,48.0,6000000.0,2000000.0,243464.0,23.0,15.0,0.0,6.0,941789.0,1.0,0.0
7502630.399999999,9.0,60.0,4000000.0,2000000.0,702359.0,1.0,0.0,1.0,0.0,1000000.0,0.0,1.0
1152000.0,24.0,48.0,1670000.0,0.0,53380.0,0.0,0.0,0.0,0.0,1210000.0,0.0,1.0
914400.0,6.0,33.0,2700000.0,1000000.0,135813.0,13.0,5.0,0.0,6.0,2349716.0,1.0,0.0
1567944.0,10.0,30.0,2600000.0,500000.0,145398.0,0.0,0.0,0.0,0.0,2729572.0,1.0,0.0
878880.0,8.0,29.0,5000000.0,2000000.0,91704.0,9.0,7.0,0.0,2.0,933473.0,0.0,1.0
4787040.0,24.0,30.0,2530000.0,217000.0,221811.0,5.0,0.0,0.0,1.0,2048514.0,1.0,0.0
1178902.8,2.0,60.0,7390000.0,164000.0,469818.0,3.0,2.0,0.0,0.0,1988372.0,1.0,0.0
599880.0,6.0,48.0,1200000.0,300000.0,89180.0,5.0,3.0,0.0,1.0,933473.0,1.0,0.0
700800.0,6.0,68.0,3500000.0,1200000.0,104259.0,15.0,8.0,0.0,3.0,923771.0,1.0,0.0
1071852.0,10.0,23.0,1500000.0,800000.0,90909.0,3.0,0.0,0.0,2.0,2444958.0,1.0,0.0
473947.19999999995,2.0,33.0,5000000.0,2000000.0,187039.0,11.0,6.0,0.0,1.0,33334.0,0.0,1.0
2902344.0,6.0,42.0,1000000.0,897000.0,434705.0,7.0,3.0,0.0,3.0,972557.0,0.0,1.0
2873721.6,10.0,40.0,4000000.0,2000000.0,244376.0,3.0,1.0,0.0,0.0,1886666.0,0.0,1.0
2060065.2,9.0,31.0,2925000.0,912000.0,196279.0,5.0,4.0,0.0,1.0,6517621.0,1.0,0.0
1440000.0,12.0,41.0,1000000.0,1223000.0,116358.0,7.0,4.0,0.0,1.0,800000.0,1.0,0.0
932400.0,10.0,64.0,2000000.0,800000.0,86220.0,0.0,0.0,0.0,0.0,1210000.0,0.0,1.0
3840000.0,18.0,38.0,4500000.0,1000000.0,212322.0,6.0,2.0,0.0,2.0,5693417.0,1.0,0.0
597472.7999999999,6.0,25.0,1716000.0,0.0,91248.0,0.0,0.0,0.0,0.0,1210000.0,1.0,0.0
3613200.0,12.0,57.0,1600000.0,250000.0,284221.0,4.0,1.0,0.0,1.0,1050765.0,1.0,0.0
433440.0,6.0,33.0,1400000.0,490000.0,64418.0,3.0,2.0,0.0,1.0,1533965.0,1.0,0.0
1090320.0,12.0,31.0,2100000.0,200000.0,85554.0,7.0,3.0,0.0,1.0,3387083.0,1.0,0.0
2630332.8,10.0,40.0,4000000.0,3000000.0,224030.0,2.0,0.0,0.0,1.0,1210000.0,0.0,1.0
1980000.0,6.0,34.0,7586000.0,2871000.0,303577.0,11.0,7.0,0.0,0.0,6331524.0,0.0,1.0
1604400.0,2.0,32.0,5000000.0,2000000.0,632696.0,2.0,0.0,1.0,1.0,30285.0,0.0,1.0
692400.0,6.0,43.0,3000000.0,2800000.0,102934.0,3.0,0.0,0.0,3.0,1000000.0,1.0,0.0
2250718.8,24.0,34.0,1200000.0,300000.0,98845.0,5.0,3.0,0.0,1.0,988907.0,1.0,0.0
2458512.0,8.0,34.0,2300000.0,1400000.0,278833.0,4.0,1.0,0.0,0.0,1210000.0,1.0,0.0
480000.0,6.0,48.0,1450000.0,111000.0,72249.0,2.0,0.0,0.0,2.0,1210000.0,0.0,1.0
5646715.2,11.0,34.0,5000000.0,4000000.0,441086.0,6.0,3.0,0.0,1.0,924186.0,0.0,1.0
2495400.0,6.0,48.0,2570000.0,21000.0,379429.0,3.0,2.0,0.0,0.0,4077756.0,1.0,0.0
1193589.5999999999,9.0,42.0,3742000.0,3742000.0,111738.0,3.0,0.0,1.0,1.0,1210000.0,0.0,1.0
1604400.0,2.0,53.0,5000000.0,2000000.0,633160.0,4.0,1.0,1.0,1.0,954300.0,0.0,1.0
4430798.399999999,8.0,47.0,2500000.0,1500000.0,462718.0,8.0,3.0,0.0,0.0,1210000.0,1.0,0.0
1632000.0,12.0,26.0,10000000.0,2000000.0,129011.0,5.0,0.0,0.0,3.0,720569.0,0.0,1.0
1305019.2,10.0,43.0,2000000.0,1400000.0,110860.0,8.0,3.0,0.0,2.0,925157.0,0.0,1.0
6000000.0,36.0,34.0,3500000.0,500000.0,193966.0,10.0,5.0,0.0,3.0,4451899.0,1.0,0.0
1215204.0,6.0,50.0,2800000.0,300000.0,180244.0,9.0,5.0,0.0,4.0,908526.0,0.0,1.0
614628.0,24.0,47.0,1200000.0,420000.0,26931.0,4.0,0.0,0.0,3.0,1210000.0,0.0,1.0
3191760.0,12.0,30.0,5500000.0,1500000.0,221650.0,3.0,2.0,0.0,0.0,1594000.0,1.0,0.0
1433880.0,6.0,25.0,1500000.0,420000.0,212817.0,2.0,0.0,0.0,0.0,1097981.0,1.0,0.0
2980680.0,24.0,35.0,2000000.0,700000.0,130584.0,9.0,3.0,4.0,0.0,8400000.0,1.0,0.0
590929.2,6.0,54.0,2000000.0,400000.0,87913.0,8.0,0.0,2.0,4.0,1643865.0,1.0,0.0
2645760.0,6.0,39.0,2600000.0,700000.0,392286.0,4.0,3.0,0.0,1.0,13202035.0,1.0,0.0
2373600.0,12.0,46.0,1200000.0,500000.0,186236.0,9.0,4.0,0.0,1.0,1206907.0,1.0,0.0
4030896.0,5.0,46.0,25000000.0,8000000.0,653363.0,13.0,0.0,0.0,12.0,1210000.0,0.0,1.0
1924560.0,12.0,27.0,2164000.0,900000.0,133650.0,5.0,3.0,0.0,0.0,1553498.0,1.0,0.0
865080.0,8.0,49.0,1500000.0,300000.0,98318.0,0.0,0.0,0.0,0.0,969508.0,0.0,1.0
7200000.0,6.0,62.0,40000000.0,20000000.0,1074714.0,19.0,16.0,0.0,1.0,23856575.0,1.0,0.0
3287053.1999999997,10.0,49.0,2000000.0,800000.0,278793.0,3.0,2.0,0.0,0.0,1210000.0,0.0,1.0
3942000.0,30.0,26.0,1700000.0,400000.0,145018.0,0.0,0.0,0.0,0.0,1575989.0,1.0,0.0
2137200.0,8.0,53.0,2500000.0,1000000.0,242077.0,3.0,2.0,0.0,0.0,1210000.0,1.0,0.0
4724880.0,6.0,34.0,3937400.0,800000.0,701742.0,5.0,2.0,0.0,2.0,2004389.0,1.0,0.0
2377080.0,6.0,37.0,3000000.0,700000.0,353382.0,3.0,2.0,1.0,0.0,1580471.0,1.0,0.0
7620618.0,6.0,58.0,20000000.0,1000000.0,1131819.0,5.0,4.0,0.0,0.0,1189017.0,0.0,1.0
5246821.2,10.0,39.0,8500000.0,1200000.0,445478.0,8.0,2.0,1.0,1.0,916841.0,0.0,1.0
7680000.0,8.0,34.0,7000000.0,1500000.0,871781.0,8.0,7.0,0.0,0.0,933473.0,0.0,1.0
7200000.0,12.0,46.0,10000000.0,2000000.0,566313.0,3.0,2.0,0.0,0.0,1210000.0,0.0,1.0
2087876.4,10.0,41.0,3000000.0,1000000.0,177270.0,3.0,2.0,0.0,0.0,916148.0,0.0,1.0
1632000.0,6.0,34.0,1910000.0,1214000.0,245671.0,4.0,2.0,0.0,1.0,1210000.0,0.0,1.0
1069816.8,6.0,39.0,1400000.0,600000.0,160220.0,2.0,1.0,0.0,0.0,1000000.0,1.0,0.0
2893800.0,6.0,43.0,2450000.0,700000.0,428628.0,4.0,2.0,0.0,0.0,2340387.0,1.0,0.0
3350614.8,10.0,122.0,614046640.0,69759658.0,284631.0,0.0,0.0,0.0,0.0,1210000.0,1.0,0.0
2131372.8,9.0,53.0,1470000.0,650000.0,199528.0,2.0,1.0,0.0,0.0,1833803.0,1.0,0.0
1889635.2,3.0,54.0,21020000.0,7223000.0,508527.0,14.0,11.0,0.0,0.0,2900000.0,1.0,0.0
3094956.0,8.0,31.0,6148000.0,1886000.0,335601.0,5.0,4.0,0.0,1.0,2492982.0,1.0,0.0
863938.7999999999,8.0,69.0,1500000.0,600000.0,90145.0,0.0,0.0,0.0,0.0,1210000.0,0.0,1.0
2298120.0,12.0,35.0,2970000.0,0.0,186562.0,3.0,2.0,0.0,0.0,33334.0,1.0,0.0
567600.0,8.0,25.0,1200000.0,600000.0,64714.0,6.0,0.0,0.0,4.0,1812510.0,1.0,0.0
1836993.5999999999,10.0,35.0,3200000.0,2000000.0,155969.0,4.0,4.0,0.0,0.0,1178710.0,1.0,0.0
3970260.0,6.0,40.0,6000000.0,2000000.0,590496.0,5.0,1.0,0.0,0.0,2000000.0,1.0,0.0
2275599.6,6.0,41.0,5000000.0,111111.0,337175.0,9.0,4.0,0.0,3.0,916148.0,0.0,1.0
4800000.0,36.0,28.0,2500000.0,200000.0,161948.0,8.0,6.0,0.0,0.0,1000000.0,0.0,1.0
1175856.0,6.0,59.0,1800000.0,300000.0,174885.0,4.0,1.0,0.0,1.0,1210000.0,1.0,0.0
3572881.1999999997,12.0,44.0,5000000.0,2500000.0,248117.0,13.0,13.0,0.0,0.0,5503343.0,1.0,0.0
2802000.0,12.0,32.0,1600000.0,0.0,220775.0,1.0,0.0,0.0,1.0,1600000.0,1.0,0.0
996240.0,6.0,27.0,2500000.0,800000.0,149201.0,9.0,5.0,0.0,0.0,257416.0,1.0,0.0
1183722.0,9.0,45.0,3580000.0,1258850.0,110655.0,6.0,2.0,0.0,1.0,1210000.0,0.0,1.0
8640000.0,12.0,57.0,16000000.0,3900000.0,679920.0,6.0,3.0,0.0,2.0,1015000.0,0.0,1.0
1005540.0,6.0,26.0,3360000.0,641000.0,154164.0,5.0,1.0,2.0,0.0,3537062.0,1.0,0.0
1269000.0,8.0,49.0,4000000.0,2000000.0,132124.0,5.0,1.0,0.0,3.0,1210000.0,0.0,1.0
3176040.0,6.0,46.0,3000000.0,1000000.0,471729.0,3.0,3.0,0.0,0.0,3585717.0,1.0,0.0
1783044.0,12.0,23.0,1200000.0,250000.0,140072.0,4.0,2.0,0.0,1.0,902676.0,1.0,0.0
1657731.5999999999,12.0,27.0,2000000.0,800000.0,129668.0,10.0,2.0,3.0,1.0,2401444.0,1.0,0.0
5618400.0,12.0,50.0,3500000.0,350000.0,445451.0,8.0,3.0,2.0,3.0,3053055.0,1.0,0.0
3420000.0,12.0,47.0,1300000.0,500000.0,268356.0,7.0,1.0,2.0,4.0,911188.0,1.0,0.0
6415506.0,11.0,45.0,3100000.0,1500000.0,499713.0,5.0,4.0,0.0,1.0,1210000.0,1.0,0.0
1549944.0,6.0,46.0,5140000.0,2729000.0,236064.0,6.0,2.0,0.0,3.0,1210000.0,0.0,1.0
1036320.0,7.0,58.0,1500000.0,800000.0,122573.0,2.0,2.0,0.0,0.0,1210000.0,1.0,0.0
2523648.0,6.0,40.0,6000000.0,3000000.0,374318.0,2.0,1.0,0.0,0.0,6304925.0,1.0,0.0
3600000.0,36.0,57.0,3000000.0,600000.0,116400.0,6.0,2.0,1.0,0.0,1210000.0,0.0,1.0
813600.0,12.0,28.0,4530000.0,2481000.0,56500.0,10.0,4.0,1.0,3.0,2967495.0,1.0,0.0
2970601.1999999997,6.0,53.0,3000000.0,972000.0,444928.0,3.0,2.0,0.0,1.0,3000000.0,1.0,0.0
2400000.0,12.0,42.0,2500000.0,1500000.0,188539.0,8.0,3.0,0.0,0.0,1210000.0,0.0,1.0
4763640.0,12.0,35.0,7500000.0,2500000.0,330808.0,15.0,8.0,0.0,6.0,908528.0,1.0,0.0
1784280.0,12.0,42.0,2000000.0,600000.0,140181.0,3.0,3.0,0.0,0.0,1236514.0,1.0,0.0
1167042.0,12.0,49.0,1400000.0,600000.0,91840.0,1.0,0.0,0.0,1.0,982673.0,1.0,0.0
3351600.0,12.0,45.0,3000000.0,1000000.0,263970.0,4.0,1.0,1.0,0.0,1210000.0,0.0,1.0
2348160.0,10.0,64.0,1900000.0,500000.0,216706.0,9.0,7.0,0.0,2.0,908526.0,1.0,0.0
3225000.0,12.0,30.0,6000000.0,4000000.0,253370.0,6.0,3.0,0.0,0.0,2415678.0,0.0,1.0
878880.0,5.0,27.0,5000000.0,2000000.0,142664.0,15.0,5.0,1.0,5.0,1210000.0,0.0,1.0
3230388.0,12.0,64.0,2000000.0,500000.0,224333.0,6.0,4.0,0.0,0.0,1524348.0,1.0,0.0
731280.0,6.0,61.0,3000000.0,2000000.0,108984.0,3.0,0.0,0.0,3.0,1210000.0,0.0,1.0
5531760.0,12.0,49.0,7000000.0,3000000.0,384150.0,7.0,4.0,0.0,0.0,908526.0,1.0,0.0
839640.0,6.0,37.0,3500000.0,2400000.0,124709.0,7.0,3.0,1.0,0.0,2876447.0,1.0,0.0
8640000.0,36.0,50.0,6867000.0,3291000.0,327332.0,7.0,5.0,0.0,0.0,10668689.0,1.0,0.0
4593579.6,9.0,35.0,5000000.0,3000000.0,430645.0,5.0,3.0,0.0,0.0,6673091.0,1.0,0.0
1519761.5999999999,9.0,54.0,3000000.0,800000.0,142137.0,9.0,3.0,2.0,2.0,3345537.0,1.0,0.0
4478125.2,10.0,57.0,7145000.0,1632000.0,401453.0,3.0,2.0,0.0,0.0,1210000.0,0.0,1.0
2849280.0,12.0,48.0,2545000.0,800000.0,223558.0,3.0,2.0,0.0,0.0,2658387.0,1.0,0.0
2047080.0,12.0,64.0,4000000.0,1000000.0,160427.0,15.0,8.0,0.0,5.0,1210000.0,0.0,1.0
3044854.8,5.0,50.0,5500000.0,3000000.0,493824.0,4.0,4.0,0.0,0.0,2008333.0,1.0,0.0
3929820.0,24.0,33.0,3250000.0,2000000.0,171190.0,12.0,6.0,0.0,0.0,3261000.0,1.0,0.0
1130935.2,9.0,31.0,2000000.0,1500000.0,105974.0,0.0,0.0,0.0,0.0,2760576.0,1.0,0.0
1975027.2,11.0,38.0,3200000.0,1300000.0,153838.0,11.0,4.0,0.0,4.0,913029.0,0.0,1.0
878880.0,2.0,40.0,5000000.0,2000000.0,346790.0,8.0,5.0,0.0,2.0,3246968.0,0.0,1.0
3472200.0,10.0,47.0,7000000.0,3000000.0,321304.0,4.0,2.0,0.0,1.0,916841.0,0.0,1.0
1126206.0,8.0,41.0,1520000.0,100000.0,129833.0,1.0,0.0,0.0,1.0,1257000.0,1.0,0.0
3670804.8,9.0,62.0,2700000.0,1200000.0,343971.0,13.0,5.0,1.0,6.0,1200956.0,0.0,1.0
1269000.0,8.0,45.0,5000000.0,2000000.0,132296.0,8.0,3.0,0.0,3.0,1051800.0,0.0,1.0
2414886.0,10.0,29.0,3000000.0,300000.0,204819.0,2.0,0.0,0.0,1.0,1210000.0,0.0,1.0
3005664.0,12.0,37.0,4320000.0,4931000.0,241256.0,8.0,2.0,1.0,5.0,1210000.0,0.0,1.0
1832280.0,12.0,59.0,1500000.0,650000.0,127242.0,10.0,3.0,0.0,3.0,1210000.0,0.0,1.0
3554880.0,24.0,35.0,12000000.0,2000000.0,155033.0,18.0,12.0,0.0,1.0,1588800.0,0.0,1.0
762741.6,6.0,21.0,1720000.0,86000.0,114231.0,3.0,1.0,0.0,0.0,1147361.0,1.0,0.0
1920000.0,12.0,36.0,3600000.0,1500000.0,151280.0,5.0,1.0,0.0,4.0,3949728.0,1.0,0.0
4032000.0,6.0,30.0,1000000.0,856000.0,606891.0,6.0,1.0,2.0,1.0,969666.0,0.0,1.0
3596578.8,6.0,29.0,2190000.0,516000.0,543950.0,5.0,3.0,0.0,1.0,1478197.0,1.0,0.0
2615280.0,12.0,32.0,6500000.0,1000000.0,204785.0,12.0,5.0,0.0,1.0,3043423.0,1.0,0.0
2474310.0,6.0,48.0,4000000.0,2000000.0,367503.0,6.0,2.0,1.0,3.0,1321492.0,0.0,1.0
1202280.0,6.0,30.0,1200000.0,400000.0,179459.0,0.0,0.0,0.0,0.0,973346.0,1.0,0.0
821208.0,5.0,48.0,5000000.0,2000000.0,133380.0,13.0,5.0,0.0,4.0,1210000.0,0.0,1.0
1784280.0,12.0,47.0,2300000.0,450000.0,123908.0,4.0,1.0,0.0,0.0,908526.0,0.0,1.0
784200.0,5.0,43.0,5000000.0,2000000.0,127295.0,6.0,2.0,0.0,1.0,1038212.0,0.0,1.0
1491316.8,10.0,22.0,1800000.0,500000.0,126819.0,1.0,0.0,0.0,1.0,1210000.0,0.0,1.0
2400000.0,6.0,30.0,2300000.0,850000.0,358238.0,4.0,1.0,0.0,2.0,897674.0,0.0,1.0
1225200.0,6.0,45.0,1200000.0,300000.0,182594.0,7.0,3.0,0.0,4.0,1210000.0,0.0,1.0
619200.0,6.0,50.0,1760000.0,157000.0,93999.0,2.0,2.0,0.0,0.0,1000000.0,0.0,1.0
1285200.0,10.0,56.0,11500000.0,5500000.0,108833.0,17.0,11.0,0.0,5.0,1210000.0,1.0,0.0
4028696.4,9.0,44.0,6000000.0,3000000.0,378409.0,6.0,5.0,1.0,0.0,6005541.0,1.0,0.0
1540004.4,10.0,22.0,1500000.0,800000.0,130616.0,2.0,2.0,0.0,0.0,1157102.0,1.0,0.0
1440000.0,12.0,38.0,3000000.0,700000.0,112776.0,3.0,2.0,0.0,0.0,1498926.0,1.0,0.0
1459977.5999999999,10.0,59.0,0.0,2000000.0,123634.0,8.0,6.0,0.0,1.0,3000000.0,0.0,1.0
1670280.0,12.0,31.0,1800000.0,500000.0,115992.0,8.0,3.0,0.0,4.0,30285.0,0.0,1.0
3723600.0,6.0,38.0,4000000.0,1000000.0,553935.0,20.0,7.0,1.0,12.0,18727755.0,1.0,0.0
1914000.0,6.0,65.0,2000000.0,200000.0,283762.0,2.0,0.0,0.0,1.0,1210000.0,0.0,1.0
2772000.0,6.0,47.0,2800000.0,150000.0,417699.0,3.0,1.0,0.0,1.0,1210000.0,0.0,1.0
670200.0,2.0,24.0,5000000.0,2000000.0,264488.0,24.0,2.0,0.0,15.0,1307000.0,0.0,1.0
900000.0,6.0,41.0,3903364.0,1245759.0,133675.0,4.0,2.0,0.0,0.0,1210000.0,1.0,0.0
2020470.0,8.0,45.0,3000000.0,2000000.0,211002.0,3.0,0.0,1.0,1.0,933473.0,0.0,1.0
1185660.0,2.0,43.0,5000000.0,2000000.0,467566.0,9.0,3.0,0.0,4.0,981394.0,0.0,1.0
2588892.0,10.0,26.0,1000000.0,400000.0,219808.0,0.0,0.0,0.0,0.0,1085333.0,1.0,0.0
1459380.0,6.0,34.0,3900000.0,1400000.0,216968.0,7.0,4.0,0.0,0.0,3407160.0,1.0,0.0
683880.0,12.0,29.0,2300000.0,500000.0,53818.0,7.0,6.0,0.0,0.0,1210000.0,1.0,0.0
1860000.0,12.0,31.0,3168000.0,1293000.0,149356.0,8.0,3.0,0.0,3.0,961885.0,1.0,0.0
1823880.0,6.0,53.0,3000000.0,1000000.0,253317.0,4.0,1.0,0.0,2.0,964791.0,1.0,0.0
2995743.6,9.0,23.0,6500000.0,3000000.0,279375.0,4.0,2.0,0.0,1.0,4695269.0,1.0,0.0
7286712.0,12.0,36.0,8500000.0,2500000.0,506022.0,10.0,3.0,0.0,1.0,908526.0,1.0,0.0
9240000.0,36.0,49.0,21370000.0,13763000.0,311749.0,22.0,20.0,0.0,2.0,15434626.0,1.0,0.0
2247480.0,12.0,66.0,2000000.0,500000.0,156075.0,4.0,2.0,0.0,0.0,1394007.0,1.0,0.0
12987499.2,12.0,48.0,8758000.0,2924000.0,1080812.0,9.0,5.0,0.0,2.0,5243692.0,0.0,1.0
1528074.0,10.0,25.0,3500000.0,1000000.0,129944.0,3.0,1.0,0.0,1.0,4243826.0,1.0,0.0
2455489.1999999997,8.0,54.0,1750000.0,237000.0,282955.0,3.0,1.0,0.0,2.0,1210000.0,0.0,1.0
2095472.4,10.0,51.0,4000000.0,2000000.0,178008.0,12.0,7.0,0.0,1.0,1125000.0,0.0,1.0
1790350.8,10.0,56.0,3000000.0,1800000.0,151849.0,5.0,1.0,0.0,4.0,1210000.0,0.0,1.0
2016840.0,6.0,39.0,3500000.0,230000.0,299037.0,7.0,4.0,0.0,2.0,2427109.0,1.0,0.0
1468610.4,10.0,24.0,2525346.0,0.0,125346.0,3.0,2.0,0.0,0.0,2567729.0,1.0,0.0
1726017.5999999999,9.0,25.0,2500000.0,1800000.0,161349.0,2.0,0.0,0.0,0.0,772247.0,0.0,1.0
2807882.4,6.0,56.0,3000000.0,500000.0,389984.0,5.0,2.0,0.0,0.0,1210000.0,0.0,1.0
3586639.1999999997,9.0,59.0,3200000.0,1200000.0,334961.0,11.0,4.0,0.0,3.0,916148.0,0.0,1.0
808964.4,5.0,59.0,4000000.0,2000000.0,131010.0,9.0,4.0,0.0,1.0,1210000.0,0.0,1.0
1199880.0,6.0,50.0,1300000.0,300000.0,178820.0,4.0,2.0,0.0,0.0,2851551.0,1.0,0.0
3960000.0,36.0,40.0,2633000.0,72000.0,156864.0,4.0,1.0,1.0,1.0,1210000.0,0.0,1.0
2880000.0,6.0,45.0,15000000.0,6000000.0,426684.0,6.0,3.0,0.0,1.0,1181818.0,0.0,1.0
6443401.2,36.0,25.0,2300000.0,400000.0,208300.0,5.0,2.0,0.0,0.0,1587160.0,1.0,0.0
4800000.0,18.0,53.0,2500000.0,500000.0,264405.0,3.0,0.0,3.0,0.0,1848061.0,1.0,0.0
4105996.8,10.0,45.0,5000000.0,3000000.0,349532.0,5.0,2.0,2.0,0.0,941789.0,1.0,0.0
1531551.5999999999,12.0,59.0,2000000.0,600000.0,120525.0,11.0,2.0,3.0,5.0,1210000.0,0.0,1.0
4032000.0,6.0,38.0,1000000.0,1158000.0,603902.0,4.0,1.0,1.0,1.0,1000000.0,0.0,1.0
4427521.2,20.0,36.0,2425000.0,974000.0,237827.0,3.0,1.0,1.0,0.0,1280000.0,1.0,0.0
1627759.2,10.0,32.0,2400000.0,800000.0,138204.0,2.0,1.0,0.0,0.0,2648559.0,1.0,0.0
1872480.0,12.0,26.0,2500000.0,3000000.0,130033.0,4.0,4.0,0.0,0.0,1210000.0,0.0,1.0
687960.0,6.0,38.0,3400000.0,1400000.0,102004.0,7.0,2.0,1.0,1.0,2388261.0,1.0,0.0
3525274.8,9.0,38.0,3000000.0,1000000.0,330492.0,6.0,3.0,1.0,0.0,1581250.0,1.0,0.0
1752000.0,6.0,50.0,10000000.0,5000000.0,260042.0,12.0,7.0,0.0,1.0,908526.0,0.0,1.0
917866.7999999999,6.0,21.0,1500000.0,600000.0,136545.0,1.0,1.0,0.0,0.0,884298.0,1.0,0.0
2781361.1999999997,12.0,59.0,2000000.0,300000.0,193150.0,2.0,0.0,0.0,1.0,1914942.0,1.0,0.0
2251081.1999999997,6.0,42.0,1500000.0,500000.0,334332.0,4.0,3.0,0.0,0.0,917014.0,0.0,1.0
480000.0,6.0,30.0,1250000.0,200000.0,71290.0,1.0,0.0,0.0,0.0,926820.0,1.0,0.0
2677330.8,6.0,35.0,3700000.0,14800000.0,397928.0,4.0,4.0,0.0,0.0,1210000.0,0.0,1.0
3600000.0,36.0,28.0,2772000.0,490000.0,137441.0,6.0,4.0,1.0,0.0,2500000.0,1.0,0.0
923880.0,12.0,42.0,1100000.0,300000.0,64158.0,0.0,0.0,0.0,0.0,1052732.0,1.0,0.0
2995200.0,18.0,39.0,2992000.0,0.0,181481.0,1.0,1.0,0.0,0.0,1210000.0,0.0,1.0
1773403.2,9.0,68.0,3000000.0,1700000.0,165779.0,10.0,4.0,4.0,0.0,1210000.0,1.0,0.0
2590191.6,10.0,40.0,6000000.0,2100000.0,220496.0,4.0,1.0,1.0,0.0,1275144.0,0.0,1.0
3024000.0,12.0,49.0,15000000.0,4800000.0,237972.0,8.0,6.0,0.0,0.0,939017.0,0.0,1.0
3260338.8,18.0,35.0,3500000.0,250000.0,180589.0,5.0,2.0,0.0,1.0,1830458.0,1.0,0.0
1200000.0,6.0,49.0,3800000.0,1800000.0,179733.0,5.0,1.0,1.0,1.0,946640.0,0.0,1.0
2273245.1999999997,10.0,38.0,2501000.0,626000.0,203791.0,8.0,0.0,3.0,2.0,1642837.0,1.0,0.0
3600000.0,12.0,54.0,3500000.0,1800000.0,282832.0,1.0,0.0,0.0,0.0,333334.0,1.0,0.0
2400000.0,6.0,36.0,2000000.0,600000.0,360774.0,6.0,4.0,0.0,1.0,1210000.0,1.0,0.0
976208.3999999999,9.0,25.0,2000000.0,234000.0,92351.0,4.0,4.0,0.0,0.0,979672.0,1.0,0.0
1993081.2,12.0,36.0,4000000.0,850000.0,138408.0,5.0,2.0,0.0,0.0,2651407.0,1.0,0.0
959994.0,8.0,30.0,2000000.0,500000.0,110138.0,6.0,2.0,0.0,4.0,2211132.0,1.0,0.0
2091240.0,12.0,33.0,4180000.0,1000000.0,165786.0,5.0,3.0,0.0,0.0,3491909.0,1.0,0.0
1135680.0,18.0,47.0,946400.0,300000.0,62408.0,1.0,0.0,0.0,0.0,1210000.0,0.0,1.0
2662216.8,9.0,46.0,4000000.0,2000000.0,248628.0,5.0,1.0,2.0,0.0,916148.0,1.0,0.0
813600.0,12.0,48.0,2560000.0,802000.0,56500.0,2.0,0.0,1.0,0.0,1210000.0,0.0,1.0
3191880.0,12.0,32.0,2000000.0,500000.0,221658.0,7.0,1.0,3.0,1.0,1603431.0,1.0,0.0
1161601.2,6.0,45.0,3700000.0,1300000.0,172765.0,3.0,2.0,0.0,0.0,3729738.0,1.0,0.0
3120000.0,36.0,32.0,2772000.0,0.0,118687.0,2.0,2.0,0.0,0.0,2195113.0,1.0,0.0
607200.0,6.0,59.0,6000000.0,3000000.0,90268.0,4.0,0.0,2.0,0.0,1210000.0,1.0,0.0
2759880.0,10.0,54.0,3500000.0,250000.0,255772.0,6.0,4.0,0.0,1.0,1210000.0,0.0,1.0
2640321.6,10.0,42.0,1500000.0,500000.0,223587.0,13.0,3.0,0.0,4.0,1210000.0,1.0,0.0
3287520.0,12.0,33.0,1500000.0,500000.0,258282.0,3.0,2.0,0.0,0.0,837863.0,0.0,1.0
1643640.0,24.0,35.0,2300000.0,800000.0,71854.0,2.0,1.0,0.0,0.0,2107013.0,1.0,0.0
2052001.2,10.0,45.0,2300000.0,1300000.0,174498.0,5.0,5.0,0.0,0.0,939017.0,0.0,1.0
7281600.0,6.0,45.0,12000000.0,4000000.0,1086894.0,11.0,7.0,0.0,2.0,1637138.0,0.0,1.0
3566400.0,12.0,34.0,2500000.0,500000.0,279494.0,3.0,2.0,0.0,0.0,1210000.0,0.0,1.0
3939840.0,12.0,54.0,8000000.0,4000000.0,308555.0,7.0,1.0,0.0,1.0,908526.0,1.0,0.0
2460000.0,12.0,29.0,1500000.0,400000.0,193588.0,4.0,1.0,1.0,2.0,908526.0,1.0,0.0
2286842.4,10.0,66.0,3000000.0,1500000.0,194265.0,0.0,0.0,0.0,0.0,1210000.0,0.0,1.0
672000.0,6.0,33.0,1950000.0,390000.0,102014.0,5.0,0.0,1.0,2.0,1624000.0,1.0,0.0
1848000.0,6.0,42.0,8000000.0,4000000.0,275843.0,8.0,5.0,0.0,1.0,1000000.0,0.0,1.0
647400.0,6.0,29.0,2990000.0,3144000.0,97455.0,15.0,3.0,1.0,11.0,2660048.0,1.0,0.0
1269000.0,3.0,60.0,5000000.0,2000000.0,337095.0,10.0,6.0,0.0,2.0,954263.0,0.0,1.0
2194680.0,12.0,65.0,4000000.0,2000000.0,152408.0,5.0,5.0,0.0,0.0,957105.0,0.0,1.0
1456800.0,12.0,67.0,2400000.0,1200000.0,114302.0,5.0,2.0,0.0,2.0,908526.0,0.0,1.0
2129019.6,10.0,33.0,4500000.0,2800000.0,181237.0,5.0,1.0,0.0,0.0,469405.0,0.0,1.0
3942000.0,36.0,25.0,5760000.0,1451000.0,146432.0,7.0,3.0,0.0,2.0,1000000.0,0.0,1.0
14400000.0,12.0,46.0,7800000.0,0.0,1126369.0,11.0,6.0,0.0,2.0,7901250.0,1.0,0.0
6735598.8,12.0,51.0,5000000.0,1000000.0,467750.0,6.0,4.0,0.0,1.0,1210000.0,0.0,1.0
1192500.0,6.0,40.0,3300000.0,1000000.0,176876.0,6.0,3.0,0.0,2.0,1199850.0,1.0,0.0
1200000.0,6.0,33.0,6000000.0,2000000.0,178838.0,5.0,2.0,0.0,0.0,783063.0,0.0,1.0
884628.0,6.0,30.0,3200000.0,800000.0,131838.0,2.0,0.0,0.0,0.0,856787.0,0.0,1.0
1269000.0,5.0,30.0,5000000.0,2000000.0,205870.0,8.0,5.0,0.0,3.0,850839.0,0.0,1.0
929878.7999999999,6.0,27.0,2500000.0,0.0,139262.0,3.0,1.0,0.0,0.0,2740354.0,1.0,0.0
1356000.0,12.0,26.0,4000000.0,1000000.0,106710.0,6.0,2.0,0.0,3.0,3719441.0,1.0,0.0
878880.0,9.0,60.0,5000000.0,2000000.0,82394.0,7.0,4.0,1.0,1.0,954263.0,0.0,1.0
451200.0,6.0,21.0,1500000.0,200000.0,67826.0,1.0,0.0,0.0,0.0,954263.0,1.0,0.0
467520.0,6.0,35.0,1200000.0,300000.0,70018.0,9.0,0.0,3.0,2.0,1375661.0,1.0,0.0
2373600.0,12.0,51.0,6000000.0,500000.0,186248.0,4.0,3.0,0.0,0.0,2167807.0,1.0,0.0
455640.0,8.0,30.0,1200000.0,780000.0,51679.0,13.0,6.0,0.0,6.0,738177.0,0.0,1.0
1335600.0,6.0,60.0,2500000.0,170000.0,201255.0,9.0,2.0,3.0,4.0,954263.0,1.0,0.0
3249000.0,8.0,31.0,1200000.0,300000.0,368804.0,3.0,2.0,1.0,0.0,1059654.0,1.0,0.0
1611759.5999999999,12.0,53.0,1600000.0,650000.0,128550.0,7.0,0.0,5.0,2.0,1389892.0,1.0,0.0
2291019.6,9.0,38.0,3100000.0,1000000.0,213961.0,6.0,5.0,0.0,0.0,908526.0,1.0,0.0
759480.0,12.0,26.0,1400000.0,700000.0,59767.0,5.0,1.0,3.0,1.0,1285811.0,1.0,0.0
813480.0,6.0,39.0,2450000.0,450000.0,120741.0,11.0,3.0,0.0,2.0,2522874.0,1.0,0.0
3391921.1999999997,12.0,31.0,2300000.0,300000.0,266484.0,4.0,0.0,0.0,4.0,915974.0,1.0,0.0
3048843.6,6.0,42.0,1750000.0,812000.0,462836.0,3.0,1.0,0.0,1.0,2907391.0,1.0,0.0
936000.0,6.0,22.0,1200000.0,300000.0,138958.0,2.0,0.0,1.0,1.0,908526.0,1.0,0.0
7790100.0,6.0,58.0,2000000.0,400000.0,1157042.0,2.0,2.0,0.0,0.0,935968.0,1.0,0.0
1619880.0,6.0,45.0,2200000.0,0.0,244663.0,0.0,0.0,0.0,0.0,1210000.0,0.0,1.0
3517800.0,12.0,33.0,2000000.0,400000.0,244292.0,4.0,3.0,0.0,1.0,916148.0,1.0,0.0
1980337.2,9.0,45.0,3600000.0,2000000.0,185212.0,2.0,2.0,0.0,0.0,3467433.0,1.0,0.0
1034400.0,12.0,41.0,1200000.0,500000.0,81402.0,5.0,4.0,0.0,1.0,458074.0,1.0,0.0
6217633.2,6.0,42.0,4500000.0,0.0,923488.0,2.0,2.0,0.0,0.0,1210000.0,0.0,1.0
3205800.0,6.0,65.0,3000000.0,1000000.0,476798.0,2.0,1.0,0.0,0.0,954263.0,1.0,0.0
466014.0,2.0,28.0,3200000.0,1500000.0,183692.0,4.0,3.0,0.0,0.0,3500000.0,1.0,0.0
2429106.0,9.0,43.0,2500000.0,1500000.0,226532.0,6.0,4.0,0.0,0.0,2097272.0,1.0,0.0
3351192.0,6.0,37.0,3000000.0,1000000.0,498422.0,8.0,5.0,0.0,1.0,2892468.0,1.0,0.0
2212680.0,6.0,33.0,2500000.0,800000.0,307317.0,2.0,0.0,0.0,1.0,878319.0,0.0,1.0
5218080.0,36.0,43.0,7087000.0,1379000.0,191853.0,2.0,2.0,0.0,0.0,3000044.0,1.0,0.0
4629300.0,18.0,25.0,5000000.0,1800000.0,256220.0,6.0,3.0,0.0,1.0,1161521.0,0.0,1.0
3369241.1999999997,6.0,45.0,6500000.0,2300000.0,467950.0,6.0,4.0,0.0,1.0,8127678.0,1.0,0.0
838140.0,6.0,52.0,1800000.0,600000.0,124607.0,8.0,3.0,2.0,1.0,773800.0,1.0,0.0
1110840.0,6.0,55.0,25000000.0,4000000.0,165551.0,7.0,3.0,1.0,1.0,2700000.0,0.0,1.0
4759928.399999999,12.0,68.0,2100000.0,500000.0,374580.0,4.0,1.0,0.0,3.0,1130506.0,1.0,0.0
3552721.1999999997,12.0,57.0,4500000.0,2500000.0,278770.0,1.0,0.0,0.0,0.0,908526.0,0.0,1.0
1600587.5999999999,10.0,69.0,2000000.0,800000.0,135754.0,3.0,1.0,0.0,1.0,1210000.0,1.0,0.0
2509897.1999999997,2.0,41.0,1000000.0,4482000.0,993266.0,7.0,6.0,0.0,1.0,966736.0,0.0,1.0
1731331.2,6.0,29.0,2390000.0,404000.0,261496.0,2.0,1.0,0.0,1.0,908526.0,1.0,0.0
1323744.0,24.0,50.0,9290000.0,4518000.0,59635.0,11.0,7.0,1.0,2.0,5466000.0,1.0,0.0
948000.0,6.0,30.0,2800000.0,1200000.0,140465.0,2.0,2.0,0.0,0.0,1746375.0,1.0,0.0
1734362.4,9.0,50.0,2000000.0,1400000.0,162595.0,3.0,0.0,0.0,3.0,1210000.0,0.0,1.0
7104000.0,8.0,43.0,12000000.0,4500000.0,803964.0,4.0,1.0,0.0,1.0,908526.0,0.0,1.0
712920.0,6.0,39.0,2500000.0,500000.0,106032.0,19.0,11.0,0.0,7.0,1000000.0,1.0,0.0
1571640.0,12.0,27.0,2230000.0,653000.0,128066.0,9.0,2.0,0.0,6.0,3465620.0,1.0,0.0
2220000.0,8.0,44.0,1800000.0,400000.0,251456.0,5.0,4.0,1.0,0.0,2705042.0,1.0,0.0
1183716.0,9.0,62.0,3500000.0,2000000.0,110549.0,3.0,1.0,0.0,2.0,1210000.0,0.0,1.0
657056.4,6.0,27.0,1516472.0,509000.0,98909.0,6.0,1.0,0.0,3.0,1117417.0,1.0,0.0
14400000.0,12.0,48.0,25000000.0,12000000.0,1126156.0,17.0,8.0,0.0,4.0,2000000.0,0.0,1.0
3251820.0,6.0,47.0,8050000.0,3186000.0,494475.0,14.0,12.0,0.0,1.0,1791146.0,1.0,0.0
1186800.0,10.0,46.0,3800000.0,800000.0,100817.0,17.0,7.0,2.0,5.0,1817052.0,1.0,0.0
2433656.4,10.0,49.0,3500000.0,2000000.0,206411.0,1.0,0.0,0.0,1.0,1210000.0,0.0,1.0
5747400.0,6.0,36.0,7450000.0,4000000.0,798250.0,5.0,3.0,0.0,0.0,8367445.0,1.0,0.0
3753600.0,12.0,31.0,4000000.0,1000000.0,293064.0,12.0,5.0,6.0,0.0,905965.0,1.0,0.0
1158000.0,6.0,40.0,5500000.0,1000000.0,173426.0,5.0,3.0,0.0,0.0,1210000.0,1.0,0.0
1245560.4,10.0,39.0,22570000.0,8106000.0,109278.0,9.0,4.0,2.0,2.0,1000000.0,1.0,0.0
2268000.0,12.0,40.0,2000000.0,900000.0,178700.0,5.0,3.0,0.0,1.0,966667.0,0.0,1.0
915120.0,6.0,42.0,3800000.0,1600000.0,135920.0,5.0,2.0,0.0,1.0,4092245.0,1.0,0.0
720000.0,6.0,49.0,3000000.0,0.0,107830.0,10.0,1.0,0.0,8.0,1210000.0,0.0,1.0
1200000.0,6.0,61.0,2500000.0,1000000.0,178395.0,4.0,1.0,2.0,0.0,2055472.0,1.0,0.0
1089720.0,6.0,42.0,5000000.0,2000000.0,161558.0,10.0,7.0,0.0,0.0,1210000.0,1.0,0.0
2781480.0,12.0,33.0,7000000.0,3000000.0,193158.0,8.0,5.0,0.0,1.0,5312481.0,1.0,0.0
2958960.0,12.0,21.0,3000000.0,400000.0,232879.0,5.0,2.0,0.0,1.0,2149090.0,1.0,0.0
828661.2,8.0,58.0,2000000.0,400000.0,94064.0,7.0,3.0,0.0,4.0,1290483.0,1.0,0.0
4633801.2,12.0,37.0,4500000.0,2000000.0,321792.0,6.0,3.0,0.0,2.0,31000.0,1.0,0.0
1662747.5999999999,10.0,58.0,4000000.0,1800000.0,141619.0,5.0,4.0,0.0,0.0,4665257.0,1.0,0.0
3940800.0,12.0,31.0,8000000.0,2000000.0,308250.0,7.0,5.0,2.0,0.0,1446245.0,0.0,1.0
3120000.0,6.0,44.0,3500000.0,800000.0,463384.0,2.0,1.0,0.0,0.0,1890869.0,1.0,0.0
1399200.0,12.0,64.0,3000000.0,600000.0,110109.0,2.0,0.0,0.0,1.0,1210000.0,1.0,0.0
1512000.0,6.0,56.0,13000000.0,1500000.0,224777.0,6.0,4.0,0.0,1.0,1210000.0,0.0,1.0
2534280.0,12.0,50.0,4000000.0,500000.0,175992.0,2.0,1.0,0.0,0.0,30285.0,0.0,1.0
8928000.0,8.0,43.0,12000000.0,7000000.0,1012619.0,3.0,1.0,0.0,1.0,908526.0,0.0,1.0
8359999.199999999,6.0,25.0,5000000.0,1800000.0,1252025.0,5.0,2.0,1.0,1.0,961885.0,0.0,1.0
533055.6,10.0,56.0,1500000.0,280000.0,49298.0,5.0,0.0,0.0,5.0,1210000.0,0.0,1.0
1608000.0,12.0,32.0,2090000.0,586000.0,130236.0,7.0,4.0,0.0,2.0,1090699.0,0.0,1.0
878880.0,8.0,36.0,5000000.0,2000000.0,91823.0,7.0,3.0,0.0,2.0,474453.0,0.0,1.0
5076721.2,12.0,35.0,7500000.0,4000000.0,352550.0,4.0,2.0,0.0,0.0,413884.0,1.0,0.0
5500800.0,12.0,31.0,1810000.0,0.0,382000.0,1.0,0.0,1.0,0.0,3454524.0,1.0,0.0
6287520.0,12.0,31.0,6000000.0,1000000.0,436633.0,5.0,4.0,0.0,0.0,1666667.0,1.0,0.0
2412000.0,36.0,30.0,2262000.0,265000.0,92085.0,3.0,1.0,0.0,1.0,3126041.0,1.0,0.0
2504277.6,9.0,45.0,2000000.0,1400000.0,234438.0,5.0,2.0,2.0,0.0,2717615.0,1.0,0.0
4411560.0,6.0,38.0,4200000.0,800000.0,660692.0,2.0,1.0,0.0,0.0,1210000.0,1.0,0.0
1200000.0,6.0,65.0,2000000.0,800000.0,178354.0,1.0,1.0,0.0,0.0,1000000.0,1.0,0.0
1269000.0,5.0,50.0,5000000.0,2000000.0,206169.0,6.0,3.0,0.0,1.0,1210000.0,0.0,1.0
3275761.1999999997,12.0,59.0,7000000.0,2600000.0,257678.0,12.0,10.0,0.0,1.0,5033600.0,1.0,0.0
7548000.0,10.0,63.0,45000000.0,25000000.0,697682.0,13.0,3.0,5.0,5.0,1817052.0,0.0,1.0
2544000.0,6.0,35.0,8000000.0,3000000.0,379137.0,4.0,3.0,0.0,1.0,775275.0,0.0,1.0
3032280.0,6.0,36.0,3500000.0,800000.0,450683.0,3.0,3.0,0.0,0.0,917673.0,1.0,0.0
456000.0,6.0,37.0,4000000.0,2000000.0,67703.0,5.0,2.0,0.0,0.0,1210000.0,1.0,0.0
2440860.0,6.0,68.0,2000000.0,700000.0,362534.0,4.0,1.0,0.0,2.0,1210000.0,0.0,1.0
3155624.4,3.0,31.0,2510000.0,0.0,849223.0,2.0,2.0,0.0,0.0,1210000.0,0.0,1.0
799680.0,8.0,51.0,3300000.0,1950000.0,83332.0,0.0,0.0,0.0,0.0,923771.0,0.0,1.0
1644000.0,8.0,24.0,2000000.0,650000.0,186455.0,1.0,0.0,0.0,1.0,117041.0,1.0,0.0
2108400.0,8.0,27.0,2700000.0,1000000.0,239345.0,2.0,1.0,0.0,1.0,1070090.0,1.0,0.0
1962651.5999999999,9.0,29.0,4500000.0,2800000.0,187279.0,3.0,1.0,0.0,0.0,916148.0,0.0,1.0
2544000.0,12.0,51.0,2000000.0,800000.0,198954.0,0.0,0.0,0.0,0.0,1210000.0,0.0,1.0
3605029.1999999997,10.0,37.0,877803.0,279000.0,310110.0,1.0,1.0,0.0,0.0,966736.0,1.0,0.0
2333640.0,12.0,69.0,2500000.0,500000.0,184476.0,5.0,5.0,0.0,0.0,2222111.0,1.0,0.0
2025480.0,12.0,43.0,1600000.0,700000.0,159131.0,3.0,2.0,0.0,1.0,897246.0,1.0,0.0
3292800.0,24.0,26.0,1902000.0,202000.0,157717.0,6.0,0.0,0.0,5.0,1487518.0,1.0,0.0
2304000.0,6.0,54.0,2840000.0,379000.0,347990.0,5.0,2.0,1.0,1.0,977131.0,0.0,1.0
3048000.0,6.0,28.0,2000000.0,0.0,453123.0,8.0,7.0,0.0,0.0,753492.0,1.0,0.0
1595760.0,24.0,24.0,1500000.0,500000.0,70135.0,8.0,4.0,0.0,3.0,423979.0,1.0,0.0
1488183.5999999999,10.0,52.0,2689000.0,1589000.0,126420.0,8.0,5.0,0.0,2.0,1210000.0,0.0,1.0
1293592.8,9.0,64.0,3500000.0,2000000.0,120984.0,4.0,3.0,0.0,0.0,931394.0,0.0,1.0
1451220.0,6.0,64.0,4498000.0,2000000.0,215398.0,1.0,0.0,1.0,0.0,4299310.0,1.0,0.0
3795907.1999999997,10.0,65.0,7667000.0,2500000.0,338210.0,1.0,1.0,0.0,0.0,1210000.0,1.0,0.0
3439174.8,12.0,60.0,6000000.0,2000000.0,270197.0,5.0,3.0,1.0,0.0,923771.0,0.0,1.0
2549520.0,6.0,68.0,2000000.0,500000.0,379936.0,7.0,5.0,0.0,1.0,1666500.0,1.0,0.0
2064000.0,6.0,63.0,6230000.0,12033000.0,313854.0,8.0,4.0,0.0,1.0,1210000.0,0.0,1.0
2840108.4,24.0,37.0,2260000.0,353000.0,135273.0,2.0,0.0,1.0,1.0,1210000.0,1.0,0.0
4453496.399999999,6.0,57.0,3000000.0,1400000.0,669461.0,1.0,0.0,0.0,1.0,100000.0,0.0,1.0
2545482.0,10.0,31.0,1895000.0,750000.0,216123.0,2.0,1.0,0.0,1.0,4560257.0,1.0,0.0
3295204.8,9.0,43.0,2700000.0,400000.0,308923.0,7.0,4.0,0.0,1.0,1210000.0,1.0,0.0
1518190.8,9.0,67.0,3800000.0,2000000.0,141786.0,3.0,2.0,0.0,0.0,2539537.0,1.0,0.0
2216280.0,12.0,57.0,1700000.0,150000.0,153908.0,5.0,3.0,0.0,2.0,1210000.0,0.0,1.0
878880.0,5.0,35.0,5000000.0,2000000.0,142788.0,10.0,3.0,6.0,1.0,1256103.0,0.0,1.0
2879880.0,12.0,65.0,3000000.0,1000000.0,199992.0,5.0,3.0,0.0,0.0,1210000.0,1.0,0.0
3510900.0,24.0,38.0,3000000.0,1000000.0,154542.0,8.0,3.0,0.0,2.0,2717472.0,1.0,0.0
2040000.0,12.0,34.0,2000000.0,200000.0,160061.0,1.0,1.0,0.0,0.0,1210000.0,0.0,1.0
2176680.0,12.0,40.0,1600000.0,800000.0,170797.0,6.0,4.0,0.0,0.0,1814161.0,1.0,0.0
3888000.0,6.0,24.0,35000000.0,4500000.0,580377.0,4.0,2.0,0.0,2.0,1210000.0,0.0,1.0
3360000.0,8.0,37.0,1500000.0,365000.0,387322.0,10.0,6.0,0.0,2.0,1210000.0,1.0,0.0
2589048.0,10.0,23.0,1500000.0,400000.0,219245.0,1.0,1.0,0.0,0.0,905453.0,1.0,0.0
1796947.2,10.0,25.0,3000000.0,1500000.0,152409.0,2.0,0.0,0.0,1.0,1210000.0,0.0,1.0
1068636.0,10.0,51.0,3000000.0,1800000.0,90970.0,4.0,3.0,0.0,1.0,3337155.0,1.0,0.0
2220960.0,10.0,28.0,1300000.0,300000.0,206603.0,2.0,1.0,0.0,0.0,946640.0,1.0,0.0
1224000.0,6.0,46.0,8000000.0,2000000.0,182701.0,7.0,4.0,0.0,0.0,3137968.0,1.0,0.0
3826800.0,6.0,28.0,3000000.0,1000000.0,568935.0,5.0,3.0,0.0,1.0,1210000.0,1.0,0.0
1667880.0,8.0,47.0,2000000.0,680000.0,189227.0,4.0,2.0,0.0,2.0,908526.0,1.0,0.0
1785481.2,12.0,43.0,3400000.0,1700000.0,123992.0,5.0,3.0,0.0,2.0,3360000.0,1.0,0.0
3566400.0,6.0,42.0,4000000.0,2000000.0,530042.0,7.0,3.0,0.0,0.0,959412.0,0.0,1.0
2933880.0,6.0,24.0,2000000.0,200000.0,436157.0,3.0,2.0,0.0,0.0,1821986.0,1.0,0.0
821788.7999999999,9.0,41.0,5000000.0,3000000.0,76748.0,4.0,2.0,0.0,1.0,1287078.0,0.0,1.0
1084186.8,5.0,28.0,4000000.0,1500000.0,175581.0,6.0,3.0,0.0,2.0,1210000.0,0.0,1.0
3763920.0,24.0,63.0,3400000.0,600000.0,167690.0,3.0,1.0,0.0,2.0,3413771.0,1.0,0.0
2345880.0,12.0,40.0,9700000.0,3000000.0,162908.0,5.0,4.0,0.0,0.0,3512500.0,1.0,0.0
1296363.5999999999,10.0,45.0,1000000.0,500000.0,110356.0,0.0,0.0,0.0,0.0,1210000.0,0.0,1.0
4214400.0,12.0,24.0,4500000.0,900000.0,330277.0,8.0,3.0,0.0,4.0,908526.0,0.0,1.0
3109110.0,9.0,32.0,2600000.0,1600000.0,290781.0,5.0,1.0,0.0,2.0,1210000.0,1.0,0.0
3539040.0,6.0,48.0,5000000.0,1000000.0,528258.0,9.0,0.0,0.0,8.0,954263.0,1.0,0.0
3600000.0,6.0,68.0,5000000.0,1500000.0,535427.0,5.0,3.0,0.0,0.0,1210000.0,1.0,0.0
4156701.5999999996,8.0,41.0,5000000.0,2000000.0,474899.0,11.0,4.0,0.0,2.0,650000.0,1.0,0.0
1680000.0,12.0,67.0,3000000.0,1500000.0,131879.0,9.0,2.0,0.0,1.0,3075985.0,1.0,0.0
2244000.0,18.0,25.0,5000000.0,2000000.0,124495.0,5.0,2.0,1.0,1.0,1819875.0,1.0,0.0
7784217.6,18.0,44.0,10000000.0,2000000.0,430837.0,9.0,6.0,2.0,1.0,1336363.0,0.0,1.0
878880.0,9.0,49.0,4000000.0,2000000.0,82355.0,16.0,12.0,0.0,2.0,941789.0,0.0,1.0
1200000.0,12.0,66.0,2500000.0,600000.0,83333.0,5.0,4.0,0.0,0.0,1210000.0,1.0,0.0
3360000.0,10.0,54.0,3000000.0,1000000.0,309710.0,10.0,2.0,0.0,5.0,1210000.0,0.0,1.0
1124550.0,10.0,32.0,4700000.0,2000000.0,95630.0,0.0,0.0,0.0,0.0,1000000.0,1.0,0.0
1387080.0,12.0,42.0,3500000.0,1000000.0,96325.0,10.0,8.0,0.0,0.0,3818489.0,1.0,0.0
2644560.0,10.0,47.0,2000000.0,1200000.0,244458.0,8.0,3.0,0.0,4.0,926295.0,1.0,0.0
3720000.0,12.0,49.0,6000000.0,1800000.0,290979.0,1.0,0.0,0.0,0.0,908526.0,0.0,1.0
3552000.0,6.0,35.0,8000000.0,3500000.0,527569.0,10.0,6.0,0.0,2.0,681394.0,0.0,1.0
1244880.0,6.0,28.0,1500000.0,750000.0,184646.0,5.0,1.0,0.0,0.0,1210000.0,0.0,1.0
3469200.0,6.0,43.0,2500000.0,600000.0,515973.0,3.0,3.0,0.0,0.0,1210000.0,1.0,0.0
4165980.0,12.0,45.0,1500000.0,100000.0,326483.0,8.0,2.0,0.0,3.0,1210000.0,1.0,0.0
1776000.0,6.0,40.0,15000000.0,4000000.0,263784.0,4.0,3.0,0.0,1.0,469406.0,0.0,1.0
2345883.6,20.0,33.0,3160000.0,611000.0,127804.0,4.0,2.0,0.0,1.0,1217888.0,1.0,0.0
1224000.0,12.0,42.0,2000000.0,800000.0,96155.0,7.0,4.0,0.0,1.0,1210000.0,1.0,0.0
2037607.2,10.0,32.0,2500000.0,1000000.0,171644.0,6.0,3.0,0.0,0.0,1210000.0,0.0,1.0
1488247.2,10.0,67.0,4000000.0,1800000.0,126359.0,7.0,3.0,1.0,1.0,916148.0,0.0,1.0
1310400.0,6.0,38.0,2238000.0,510000.0,201227.0,6.0,0.0,0.0,4.0,1210000.0,0.0,1.0
8604798.0,36.0,52.0,1500000.0,400000.0,279972.0,4.0,0.0,0.0,4.0,1210000.0,0.0,1.0
7940520.0,24.0,36.0,1770000.0,600000.0,347480.0,5.0,1.0,2.0,1.0,1819043.0,1.0,0.0
1195635.5999999999,10.0,57.0,1700000.0,500000.0,101568.0,0.0,0.0,0.0,0.0,2758094.0,1.0,0.0
3954300.0,6.0,39.0,7000000.0,2500000.0,587321.0,6.0,6.0,0.0,0.0,6500300.0,1.0,0.0
5345109.6,10.0,40.0,15040000.0,10351000.0,463397.0,8.0,7.0,0.0,1.0,977131.0,0.0,1.0
1185660.0,6.0,53.0,5000000.0,2000000.0,162062.0,12.0,5.0,0.0,4.0,954263.0,1.0,0.0
1235880.0,12.0,31.0,1000000.0,100000.0,85825.0,3.0,1.0,0.0,1.0,1637120.0,1.0,0.0
1501707.5999999999,10.0,68.0,6000000.0,0.0,127167.0,1.0,0.0,0.0,1.0,1210000.0,1.0,0.0
1056000.0,6.0,54.0,2790000.0,1270000.0,160039.0,3.0,2.0,0.0,1.0,1210000.0,1.0,0.0
7454011.2,12.0,47.0,14000000.0,9000000.0,590929.0,13.0,5.0,0.0,7.0,939017.0,0.0,1.0
774002.4,8.0,46.0,2800000.0,700000.0,88810.0,9.0,2.0,0.0,5.0,100000.0,0.0,1.0
624000.0,6.0,29.0,2500000.0,1000000.0,94025.0,4.0,2.0,0.0,0.0,1210000.0,1.0,0.0
821208.0,2.0,61.0,5000000.0,2000000.0,323844.0,7.0,5.0,0.0,1.0,66667.0,0.0,1.0
4640400.0,36.0,57.0,4106000.0,681000.0,173494.0,7.0,4.0,1.0,0.0,1210000.0,1.0,0.0
1780200.0,12.0,40.0,2300000.0,300000.0,139512.0,4.0,2.0,0.0,1.0,1933546.0,1.0,0.0
490634.39999999997,6.0,43.0,1500000.0,600000.0,73479.0,6.0,0.0,1.0,5.0,1210000.0,0.0,1.0
2428828.8,10.0,42.0,8500000.0,3500000.0,206218.0,3.0,2.0,0.0,0.0,1990083.0,0.0,1.0
1729821.5999999999,9.0,28.0,3796328.0,1826000.0,163645.0,9.0,8.0,0.0,0.0,4261747.0,0.0,1.0
1215120.0,6.0,60.0,9000000.0,3000000.0,181376.0,13.0,4.0,0.0,6.0,1210000.0,1.0,0.0
3174960.0,12.0,27.0,4500000.0,1000000.0,249128.0,9.0,5.0,0.0,3.0,923771.0,0.0,1.0
1257282.0,9.0,25.0,3000000.0,2000000.0,117813.0,1.0,0.0,0.0,1.0,1395949.0,1.0,0.0
5146438.8,36.0,32.0,2500000.0,1200000.0,166641.0,7.0,6.0,0.0,0.0,908526.0,0.0,1.0
1345989.5999999999,12.0,47.0,1200000.0,500000.0,105922.0,8.0,0.0,1.0,7.0,1134000.0,1.0,0.0
1238204.4,6.0,41.0,3700000.0,1300000.0,184832.0,2.0,2.0,0.0,0.0,3400000.0,1.0,0.0
1200000.0,6.0,59.0,4700000.0,1200000.0,178476.0,5.0,2.0,0.0,1.0,1210000.0,1.0,0.0
1728000.0,12.0,41.0,2000000.0,900000.0,136584.0,3.0,0.0,2.0,1.0,5175081.0,1.0,0.0
830400.0,10.0,57.0,1200000.0,500000.0,76796.0,5.0,3.0,0.0,1.0,964310.0,1.0,0.0
2099761.1999999997,12.0,52.0,3000000.0,500000.0,145817.0,2.0,2.0,0.0,0.0,1210000.0,0.0,1.0
2079600.0,18.0,28.0,1800000.0,800000.0,114553.0,5.0,2.0,0.0,1.0,958420.0,0.0,1.0
438229.2,6.0,34.0,1250000.0,630000.0,65059.0,3.0,0.0,1.0,2.0,1247469.0,1.0,0.0
3937800.0,24.0,33.0,4000000.0,800000.0,172515.0,6.0,4.0,0.0,0.0,944500.0,0.0,1.0
951361.2,10.0,27.0,2500000.0,600000.0,88035.0,11.0,6.0,1.0,2.0,1418667.0,1.0,0.0
1498992.0,5.0,37.0,5000000.0,2000000.0,243535.0,16.0,12.0,0.0,3.0,954263.0,0.0,1.0
4577199.6,12.0,46.0,12000000.0,0.0,359575.0,14.0,8.0,0.0,3.0,923771.0,0.0,1.0
988178.3999999999,10.0,25.0,1562000.0,2620000.0,85671.0,2.0,0.0,0.0,1.0,1400000.0,1.0,0.0
2371200.0,12.0,26.0,3410000.0,0.0,196881.0,2.0,1.0,0.0,0.0,2516588.0,0.0,1.0
2766564.0,6.0,32.0,2300000.0,1065000.0,418418.0,7.0,4.0,0.0,2.0,2636234.0,1.0,0.0
1031880.0,12.0,40.0,2000000.0,300000.0,71658.0,5.0,2.0,0.0,0.0,688965.0,0.0,1.0
2670734.4,11.0,43.0,4000000.0,2000000.0,207790.0,13.0,6.0,0.0,1.0,1210000.0,1.0,0.0
8993464.799999999,9.0,36.0,45800000.0,28500000.0,842728.0,9.0,7.0,0.0,0.0,2906191.0,1.0,0.0
600000.0,6.0,59.0,3800000.0,2000000.0,90199.0,2.0,1.0,0.0,0.0,950105.0,0.0,1.0
638400.0,12.0,45.0,1200000.0,100000.0,50121.0,4.0,0.0,1.0,3.0,1210000.0,0.0,1.0
4192800.0,18.0,27.0,1200000.0,450000.0,231372.0,8.0,2.0,0.0,5.0,1074248.0,1.0,0.0
3814502.4,4.0,36.0,5440000.0,601000.0,781683.0,2.0,1.0,0.0,0.0,1210000.0,0.0,1.0
720000.0,12.0,38.0,3000000.0,500000.0,50000.0,2.0,0.0,0.0,2.0,1210000.0,1.0,0.0
2400000.0,12.0,39.0,3500000.0,800000.0,189119.0,9.0,6.0,1.0,1.0,1210000.0,1.0,0.0
1084186.8,5.0,45.0,2500000.0,900000.0,175581.0,9.0,4.0,0.0,4.0,1210000.0,1.0,0.0
3667960.8,11.0,51.0,3000000.0,1000000.0,285703.0,5.0,2.0,0.0,0.0,1210000.0,0.0,1.0
2671164.0,10.0,32.0,10000000.0,4500000.0,226794.0,4.0,3.0,0.0,0.0,5985185.0,1.0,0.0
3942000.0,6.0,42.0,3120000.0,1082000.0,602772.0,8.0,6.0,0.0,1.0,9381415.0,1.0,0.0
2896803.6,10.0,43.0,3000000.0,900000.0,247243.0,3.0,0.0,1.0,0.0,949181.0,1.0,0.0
3503880.0,18.0,32.0,5000000.0,400000.0,193586.0,1.0,1.0,0.0,0.0,946543.0,1.0,0.0
2207271.6,9.0,51.0,1000000.0,500000.0,205844.0,2.0,0.0,0.0,1.0,1210000.0,1.0,0.0
1762800.0,10.0,48.0,2500000.0,300000.0,163539.0,12.0,0.0,0.0,12.0,1210000.0,0.0,1.0
5668080.0,24.0,33.0,1800000.0,900000.0,246911.0,6.0,3.0,0.0,1.0,1815866.0,1.0,0.0
412800.0,6.0,46.0,4000000.0,2000000.0,61312.0,3.0,0.0,0.0,0.0,4198909.0,1.0,0.0
2540280.0,12.0,27.0,1500000.0,400000.0,199314.0,12.0,3.0,0.0,5.0,1211904.0,1.0,0.0
3883441.1999999997,11.0,24.0,3100000.0,1500000.0,302487.0,5.0,0.0,2.0,2.0,770084.0,1.0,0.0
2065747.2,12.0,40.0,2300000.0,1000000.0,163280.0,6.0,2.0,3.0,1.0,1520250.0,1.0,0.0
3348000.0,6.0,47.0,3200000.0,1200000.0,497721.0,3.0,0.0,0.0,1.0,1210000.0,0.0,1.0
958080.0,6.0,45.0,2000000.0,500000.0,143016.0,9.0,4.0,0.0,3.0,993681.0,1.0,0.0
1680000.0,10.0,28.0,1400000.0,350000.0,155694.0,1.0,1.0,0.0,0.0,1464633.0,1.0,0.0
3000000.0,36.0,58.0,2598000.0,458000.0,117611.0,6.0,2.0,3.0,0.0,1292858.0,1.0,0.0
1919271.5999999999,9.0,52.0,2200000.0,1500000.0,179930.0,2.0,0.0,0.0,0.0,1450000.0,0.0,1.0
1267680.0,2.0,45.0,5000000.0,2000000.0,499910.0,2.0,0.0,0.0,1.0,1210000.0,0.0,1.0
1669560.0,12.0,46.0,1391300.0,0.0,130732.0,0.0,0.0,0.0,0.0,1000000.0,1.0,0.0
999780.0,10.0,49.0,3000000.0,2000000.0,92711.0,1.0,0.0,0.0,0.0,1210000.0,0.0,1.0
2765280.0,10.0,54.0,3468000.0,426000.0,267122.0,3.0,2.0,0.0,0.0,1269916.0,1.0,0.0
1529880.0,12.0,26.0,3000000.0,0.0,106242.0,5.0,2.0,0.0,1.0,916148.0,1.0,0.0
6637425.6,6.0,39.0,6000000.0,2000000.0,985165.0,3.0,0.0,0.0,0.0,908526.0,0.0,1.0
759780.0,6.0,32.0,1200000.0,500000.0,113002.0,2.0,0.0,0.0,2.0,514831.0,1.0,0.0
1003418.3999999999,10.0,44.0,3000000.0,1500000.0,85418.0,4.0,4.0,0.0,0.0,1210000.0,0.0,1.0
1043281.2,12.0,45.0,4560000.0,1000000.0,72450.0,9.0,6.0,0.0,1.0,908526.0,0.0,1.0
362700.0,6.0,56.0,1300000.0,300000.0,53944.0,4.0,1.0,0.0,1.0,908526.0,1.0,0.0
646858.7999999999,6.0,38.0,1835000.0,337000.0,97700.0,5.0,0.0,0.0,3.0,666667.0,1.0,0.0
3439174.8,6.0,45.0,8000000.0,3000000.0,510811.0,3.0,2.0,0.0,0.0,1900000.0,0.0,1.0
1029024.0,6.0,63.0,8370000.0,489000.0,154111.0,5.0,3.0,0.0,0.0,1210000.0,0.0,1.0
600000.0,6.0,35.0,2500000.0,400000.0,83333.0,10.0,3.0,1.0,4.0,1450000.0,0.0,1.0
2293582.8,12.0,29.0,1200000.0,800000.0,167052.0,3.0,1.0,1.0,1.0,1346170.0,1.0,0.0
4454400.0,18.0,32.0,6000000.0,1000000.0,249780.0,6.0,3.0,0.0,1.0,8131635.0,1.0,0.0
2960760.0,12.0,39.0,2500000.0,650000.0,233164.0,6.0,4.0,0.0,1.0,1374876.0,1.0,0.0
1869600.0,12.0,29.0,3000000.0,200000.0,146421.0,6.0,5.0,0.0,1.0,1210000.0,0.0,1.0
831600.0,6.0,35.0,2880000.0,3121000.0,125171.0,12.0,7.0,0.0,2.0,1210000.0,0.0,1.0
2739988.8,11.0,46.0,4150000.0,2000000.0,232377.0,9.0,6.0,0.0,0.0,5901666.0,1.0,0.0
1953600.0,12.0,41.0,2400000.0,1500000.0,153471.0,3.0,2.0,0.0,1.0,1210000.0,0.0,1.0
1657200.0,12.0,58.0,6000000.0,2000000.0,129786.0,14.0,2.0,8.0,2.0,5353458.0,1.0,0.0
720000.0,12.0,69.0,2500000.0,150000.0,56566.0,3.0,0.0,1.0,1.0,2282033.0,1.0,0.0
1281480.0,12.0,58.0,3200000.0,1400000.0,88992.0,3.0,1.0,1.0,0.0,1684740.0,1.0,0.0
2384439.6,10.0,32.0,4500000.0,1800000.0,202768.0,3.0,2.0,0.0,0.0,933473.0,1.0,0.0
1089600.0,18.0,45.0,1200000.0,300000.0,60450.0,6.0,1.0,0.0,4.0,1210000.0,1.0,0.0
1749518.4,18.0,48.0,2035000.0,1000000.0,97691.0,2.0,1.0,1.0,0.0,2151930.0,1.0,0.0
1269000.0,11.0,31.0,5000000.0,2000000.0,98901.0,11.0,6.0,0.0,3.0,925157.0,0.0,1.0
1005376.7999999999,6.0,27.0,1700000.0,300000.0,149833.0,5.0,1.0,1.0,2.0,1023303.0,1.0,0.0
4200000.0,6.0,32.0,1780000.0,407000.0,629008.0,3.0,2.0,0.0,0.0,1210000.0,0.0,1.0
1194684.0,10.0,27.0,3300000.0,600000.0,101700.0,6.0,3.0,1.0,1.0,2999552.0,1.0,0.0
1752000.0,6.0,58.0,6000000.0,2000000.0,262410.0,6.0,0.0,5.0,1.0,1210000.0,0.0,1.0
1167993.5999999999,12.0,50.0,1000000.0,200000.0,91649.0,6.0,1.0,2.0,3.0,908526.0,1.0,0.0
1333200.0,6.0,56.0,10000000.0,4500000.0,199683.0,9.0,4.0,1.0,1.0,1288816.0,1.0,0.0
2880840.0,6.0,58.0,1500000.0,500000.0,427864.0,4.0,1.0,0.0,2.0,1210000.0,0.0,1.0
669360.0,6.0,55.0,2000000.0,400000.0,99913.0,4.0,1.0,0.0,1.0,2242078.0,1.0,0.0
8161080.0,36.0,41.0,2000000.0,500000.0,262437.0,3.0,2.0,0.0,1.0,1210000.0,1.0,0.0
889876.7999999999,10.0,41.0,1400000.0,700000.0,75475.0,6.0,0.0,0.0,4.0,1210000.0,1.0,0.0
4332900.0,18.0,48.0,3500000.0,500000.0,239388.0,6.0,4.0,0.0,1.0,1210000.0,0.0,1.0
1995192.0,12.0,37.0,2233000.0,300000.0,156230.0,8.0,3.0,3.0,0.0,1955915.0,1.0,0.0
920464.7999999999,10.0,35.0,1500000.0,800000.0,78070.0,1.0,0.0,1.0,0.0,1517732.0,1.0,0.0
1692384.0,6.0,63.0,3700000.0,1000000.0,251609.0,5.0,2.0,0.0,1.0,4455229.0,1.0,0.0
2984520.0,6.0,48.0,3500000.0,1100000.0,442066.0,8.0,4.0,0.0,2.0,1210000.0,1.0,0.0
3334440.0,8.0,44.0,3080000.0,1221000.0,382553.0,8.0,5.0,0.0,0.0,1210000.0,1.0,0.0
2119078.8,24.0,50.0,1300000.0,0.0,92638.0,9.0,6.0,1.0,1.0,1271023.0,1.0,0.0
6630540.0,12.0,35.0,4000000.0,2000000.0,519627.0,4.0,3.0,0.0,1.0,1135511.0,1.0,0.0
3067707.6,9.0,55.0,4000000.0,2000000.0,289196.0,6.0,1.0,0.0,4.0,1210000.0,0.0,1.0
1447200.0,6.0,44.0,3000000.0,1000000.0,216738.0,4.0,1.0,0.0,3.0,1210000.0,0.0,1.0
1105920.0,18.0,48.0,2000000.0,400000.0,60919.0,6.0,0.0,1.0,5.0,1210000.0,0.0,1.0
3073140.0,24.0,27.0,2000000.0,700000.0,134346.0,3.0,0.0,2.0,1.0,1298014.0,1.0,0.0
2520000.0,6.0,38.0,3441000.0,1500000.0,374651.0,6.0,4.0,0.0,2.0,1210000.0,1.0,0.0
3010515.6,36.0,30.0,2000000.0,300000.0,98400.0,6.0,6.0,0.0,0.0,1544393.0,1.0,0.0
1159815.5999999999,10.0,32.0,1800000.0,900000.0,98732.0,4.0,3.0,0.0,0.0,941789.0,0.0,1.0
624999.6,12.0,38.0,5000000.0,3000000.0,49164.0,6.0,2.0,0.0,3.0,1943070.0,0.0,1.0
2246400.0,12.0,31.0,5000000.0,900000.0,175680.0,3.0,1.0,0.0,2.0,1210000.0,0.0,1.0
1904161.2,6.0,26.0,4000000.0,1350000.0,283094.0,3.0,0.0,0.0,2.0,3540734.0,1.0,0.0
9138667.2,9.0,122.0,200000000.0,6000000.0,854698.0,0.0,0.0,0.0,0.0,1210000.0,1.0,0.0
4144560.0,6.0,32.0,6500000.0,2500000.0,575633.0,3.0,0.0,1.0,0.0,6267648.0,1.0,0.0
9827337.6,9.0,50.0,4000000.0,2500000.0,920866.0,9.0,3.0,0.0,3.0,946640.0,0.0,1.0
3261000.0,12.0,62.0,4500000.0,800000.0,256198.0,12.0,8.0,0.0,3.0,5356164.0,1.0,0.0
1877458.8,10.0,35.0,7800000.0,4500000.0,159404.0,8.0,6.0,0.0,0.0,5502000.0,1.0,0.0
960000.0,12.0,28.0,2900000.0,1600000.0,75091.0,6.0,1.0,0.0,1.0,1210000.0,0.0,1.0
1466040.0,6.0,25.0,2700000.0,0.0,220666.0,2.0,1.0,0.0,0.0,3415500.0,0.0,1.0
2778000.0,6.0,48.0,2200000.0,350000.0,411894.0,3.0,2.0,0.0,0.0,908526.0,1.0,0.0
1558800.0,6.0,47.0,3000000.0,200000.0,234882.0,5.0,3.0,0.0,1.0,1210000.0,0.0,1.0
6222129.6,36.0,52.0,3000000.0,1000000.0,216046.0,5.0,2.0,0.0,1.0,958420.0,0.0,1.0
6630003.6,9.0,40.0,4000000.0,2200000.0,621261.0,6.0,0.0,2.0,2.0,946640.0,0.0,1.0
1332000.0,6.0,50.0,3000000.0,1000000.0,197763.0,6.0,1.0,0.0,0.0,30285.0,0.0,1.0
4191480.0,6.0,54.0,2500000.0,900000.0,621697.0,2.0,1.0,0.0,0.0,991859.0,0.0,1.0
1082640.0,8.0,54.0,1300000.0,400000.0,122794.0,3.0,1.0,0.0,2.0,908526.0,1.0,0.0
690720.0,6.0,60.0,908526.0,2506000.0,103966.0,10.0,6.0,0.0,1.0,969508.0,1.0,0.0
3466320.0,18.0,33.0,2950000.0,1080000.0,197825.0,12.0,6.0,0.0,4.0,2828950.0,1.0,0.0
1369200.0,12.0,68.0,4800000.0,0.0,107436.0,4.0,3.0,0.0,1.0,1210000.0,1.0,0.0
1657200.0,12.0,32.0,4000000.0,1800000.0,130587.0,4.0,1.0,0.0,1.0,916148.0,1.0,0.0
945000.0,10.0,25.0,1000000.0,500000.0,87578.0,5.0,1.0,0.0,2.0,1147105.0,1.0,0.0
738600.0,6.0,42.0,1200000.0,500000.0,110625.0,12.0,3.0,0.0,7.0,1452950.0,1.0,0.0
1848000.0,24.0,28.0,1100000.0,500000.0,81901.0,3.0,2.0,0.0,0.0,972362.0,1.0,0.0
2216280.0,12.0,45.0,2500000.0,800000.0,174337.0,4.0,1.0,0.0,2.0,3450634.0,1.0,0.0
2175855.6,10.0,39.0,3500000.0,400000.0,184837.0,7.0,6.0,1.0,0.0,863662.0,1.0,0.0
3895405.1999999997,11.0,48.0,4000000.0,1200000.0,303592.0,7.0,3.0,0.0,2.0,466736.0,1.0,0.0
2723400.0,12.0,34.0,8000000.0,3000000.0,213945.0,5.0,2.0,0.0,1.0,3474983.0,0.0,1.0
1440000.0,6.0,49.0,8000000.0,3000000.0,214074.0,4.0,2.0,0.0,1.0,1427272.0,0.0,1.0
5975640.0,6.0,35.0,8000000.0,2000000.0,829950.0,4.0,3.0,0.0,0.0,1210000.0,0.0,1.0
2148000.0,12.0,58.0,1500000.0,200000.0,168535.0,0.0,0.0,0.0,0.0,827768.0,1.0,0.0
1560000.0,6.0,67.0,6000000.0,3000000.0,231861.0,1.0,0.0,0.0,0.0,931394.0,0.0,1.0
4636680.0,18.0,31.0,7000000.0,2000000.0,256629.0,15.0,6.0,0.0,3.0,2654912.0,1.0,0.0
1364770.8,11.0,40.0,1353000.0,426000.0,110779.0,4.0,1.0,1.0,1.0,1210000.0,1.0,0.0
433800.0,6.0,21.0,1520000.0,0.0,65192.0,1.0,1.0,0.0,0.0,954263.0,0.0,1.0
1925880.0,20.0,45.0,3500000.0,900000.0,98642.0,4.0,1.0,0.0,0.0,1210000.0,1.0,0.0
3732000.0,6.0,50.0,6000000.0,1500000.0,556153.0,10.0,5.0,0.0,4.0,2134891.0,0.0,1.0
1704000.0,18.0,27.0,1650000.0,300000.0,94551.0,5.0,1.0,0.0,2.0,1630652.0,1.0,0.0
1200000.0,6.0,61.0,5000000.0,1000000.0,177989.0,9.0,7.0,0.0,0.0,1210000.0,0.0,1.0
1428000.0,12.0,39.0,1400000.0,200000.0,112515.0,4.0,0.0,1.0,2.0,916841.0,1.0,0.0
875866.7999999999,11.0,27.0,1000000.0,500000.0,68145.0,1.0,0.0,0.0,1.0,834166.0,1.0,0.0
1058400.0,8.0,63.0,5000000.0,3000000.0,120044.0,16.0,9.0,1.0,3.0,1210000.0,1.0,0.0
1720800.0,6.0,40.0,5000000.0,1500000.0,256438.0,13.0,6.0,0.0,2.0,688965.0,0.0,1.0
1809000.0,6.0,61.0,2010000.0,1030000.0,273227.0,6.0,3.0,0.0,3.0,1210000.0,0.0,1.0
3056040.0,12.0,65.0,1659000.0,214000.0,250559.0,5.0,4.0,1.0,0.0,994350.0,1.0,0.0
937200.0,18.0,61.0,6460000.0,1857000.0,54891.0,4.0,1.0,2.0,1.0,3262573.0,1.0,0.0
624000.0,6.0,65.0,1600000.0,500000.0,92448.0,11.0,3.0,0.0,7.0,1210000.0,1.0,0.0
1068961.2,6.0,65.0,3500000.0,2000000.0,148467.0,5.0,4.0,0.0,0.0,3449815.0,1.0,0.0
1650600.0,6.0,24.0,2575000.0,37000.0,251825.0,6.0,3.0,0.0,0.0,2286903.0,1.0,0.0
1488000.0,12.0,44.0,1400000.0,400000.0,117097.0,5.0,1.0,1.0,1.0,1069160.0,1.0,0.0
5623036.8,10.0,26.0,5000000.0,1000000.0,478172.0,6.0,1.0,0.0,3.0,1210000.0,0.0,1.0
4468225.2,11.0,58.0,7500000.0,3500000.0,347133.0,7.0,5.0,0.0,1.0,6388888.0,1.0,0.0
3600000.0,36.0,43.0,2500000.0,200000.0,118646.0,0.0,0.0,0.0,0.0,1459090.0,1.0,0.0
1519560.0,12.0,41.0,1500000.0,700000.0,119383.0,16.0,2.0,1.0,12.0,931972.0,1.0,0.0
1248000.0,6.0,32.0,11000000.0,5000000.0,187603.0,19.0,10.0,0.0,7.0,1210000.0,0.0,1.0
3690396.0,36.0,56.0,3000000.0,1200000.0,119713.0,9.0,5.0,0.0,3.0,1210000.0,1.0,0.0
3457273.1999999997,11.0,44.0,3400000.0,1400000.0,270061.0,4.0,1.0,1.0,1.0,991666.0,0.0,1.0
3516000.0,18.0,38.0,2100000.0,550000.0,194255.0,3.0,2.0,0.0,1.0,2048000.0,1.0,0.0
2528100.0,6.0,58.0,2500000.0,800000.0,374841.0,4.0,1.0,0.0,2.0,1210000.0,0.0,1.0
6000000.0,12.0,63.0,1000000.0,3000000.0,470212.0,9.0,7.0,0.0,0.0,2174387.0,1.0,0.0
1406012.4,9.0,33.0,3500000.0,650000.0,131750.0,9.0,6.0,0.0,1.0,1421536.0,1.0,0.0
1495680.0,6.0,47.0,4000000.0,1000000.0,221845.0,4.0,2.0,0.0,1.0,4521178.0,1.0,0.0
1708800.0,10.0,42.0,15000000.0,5000000.0,157783.0,6.0,3.0,0.0,1.0,916148.0,0.0,1.0
2400000.0,12.0,33.0,1000000.0,0.0,193476.0,1.0,0.0,0.0,1.0,1061528.0,1.0,0.0
1961641.2,12.0,28.0,1000000.0,200000.0,136225.0,2.0,0.0,0.0,1.0,877803.0,1.0,0.0
1252566.0,10.0,58.0,3000000.0,1500000.0,106404.0,4.0,1.0,2.0,0.0,931394.0,0.0,1.0
3234960.0,12.0,33.0,2800000.0,1000000.0,253836.0,2.0,1.0,0.0,0.0,1752728.0,1.0,0.0
5806080.0,12.0,42.0,3000000.0,1200000.0,456151.0,7.0,2.0,0.0,1.0,1210000.0,1.0,0.0
3433744.8,9.0,34.0,2000000.0,1500000.0,320989.0,8.0,2.0,1.0,3.0,2757879.0,1.0,0.0
1080000.0,6.0,62.0,1800000.0,300000.0,162736.0,2.0,0.0,1.0,0.0,1210000.0,0.0,1.0
1279585.2,10.0,27.0,1800000.0,1300000.0,108813.0,1.0,0.0,1.0,0.0,1052900.0,1.0,0.0
3985681.1999999997,6.0,55.0,7000000.0,3000000.0,592521.0,4.0,2.0,0.0,0.0,1000000.0,0.0,1.0
1708800.0,6.0,51.0,2000000.0,1000000.0,253803.0,4.0,0.0,1.0,0.0,1000000.0,0.0,1.0
2987848.8,10.0,68.0,10000000.0,4000000.0,253415.0,3.0,1.0,0.0,0.0,1210000.0,0.0,1.0
1935600.0,12.0,39.0,1600000.0,150000.0,151564.0,2.0,0.0,0.0,1.0,2132675.0,1.0,0.0
2053628.4,10.0,32.0,3000000.0,2000000.0,173905.0,3.0,0.0,0.0,3.0,1210000.0,1.0,0.0
1632000.0,6.0,29.0,2436000.0,466000.0,250209.0,3.0,0.0,0.0,2.0,1210000.0,1.0,0.0
2819400.0,12.0,56.0,3300000.0,0.0,220806.0,7.0,5.0,0.0,0.0,1600000.0,1.0,0.0
2796000.0,24.0,25.0,2000000.0,100000.0,122886.0,7.0,4.0,0.0,1.0,1660865.0,1.0,0.0
2341200.0,18.0,57.0,2070000.0,631000.0,132405.0,5.0,2.0,1.0,2.0,1210000.0,1.0,0.0
656038.7999999999,8.0,41.0,1400000.0,500000.0,74341.0,6.0,4.0,0.0,1.0,1272000.0,1.0,0.0
3600000.0,12.0,35.0,3500000.0,1300000.0,282597.0,6.0,3.0,0.0,2.0,810102.0,0.0,1.0
1621080.0,6.0,52.0,3500000.0,1500000.0,240926.0,7.0,4.0,0.0,0.0,18664450.0,1.0,0.0
1787880.0,8.0,58.0,4000000.0,1500000.0,203136.0,13.0,9.0,0.0,3.0,925157.0,1.0,0.0
19259278.8,11.0,122.0,25000000.0,18000000.0,1625934.0,0.0,0.0,0.0,0.0,1210000.0,1.0,0.0
4506639.6,36.0,27.0,2030000.0,0.0,177137.0,1.0,0.0,0.0,0.0,1029090.0,0.0,1.0
3803460.0,36.0,59.0,11800000.0,1500000.0,122577.0,7.0,6.0,0.0,1.0,840386.0,1.0,0.0
996000.0,6.0,59.0,1350000.0,600000.0,147832.0,10.0,0.0,3.0,1.0,1210000.0,1.0,0.0
2655456.0,7.0,47.0,908526.0,7653000.0,314563.0,9.0,6.0,0.0,1.0,961885.0,0.0,1.0
2637360.0,6.0,37.0,3800000.0,650000.0,366300.0,6.0,2.0,0.0,2.0,1210000.0,1.0,0.0
1918200.0,12.0,54.0,1200000.0,0.0,150227.0,5.0,3.0,0.0,0.0,905965.0,0.0,1.0
821208.0,5.0,52.0,5000000.0,2000000.0,133186.0,8.0,6.0,0.0,2.0,916841.0,0.0,1.0
4859517.6,3.0,63.0,3500000.0,2000000.0,1288861.0,1.0,0.0,0.0,0.0,918689.0,1.0,0.0
1369200.0,6.0,51.0,7000000.0,4000000.0,203217.0,6.0,4.0,0.0,1.0,1210000.0,0.0,1.0
480000.0,6.0,28.0,2786000.0,700000.0,71242.0,13.0,7.0,1.0,3.0,2666601.0,1.0,0.0
2999761.1999999997,6.0,44.0,1000000.0,1834000.0,451565.0,9.0,6.0,0.0,1.0,966736.0,1.0,0.0
7391260.8,3.0,20.0,3200000.0,109000.0,1995759.0,2.0,1.0,0.0,0.0,866667.0,0.0,1.0
1269000.0,5.0,41.0,5000000.0,2000000.0,205990.0,5.0,2.0,0.0,2.0,1210000.0,0.0,1.0
4771080.0,10.0,38.0,6250000.0,1500000.0,444905.0,4.0,2.0,0.0,0.0,2129666.0,0.0,1.0
3942000.0,36.0,48.0,4510000.0,633000.0,146432.0,6.0,6.0,0.0,0.0,1000000.0,1.0,0.0
4284000.0,6.0,60.0,8000000.0,4000000.0,636692.0,4.0,4.0,0.0,0.0,1210000.0,0.0,1.0
878880.0,5.0,37.0,5000000.0,2000000.0,142581.0,14.0,9.0,0.0,1.0,1416666.0,0.0,1.0
1450525.2,10.0,51.0,3555555.0,1558884.0,123027.0,3.0,0.0,0.0,3.0,1210000.0,0.0,1.0
1798620.0,10.0,122.0,245774000.0,65845000.0,152711.0,0.0,0.0,0.0,0.0,1210000.0,1.0,0.0
1880827.2,6.0,56.0,6000000.0,2000000.0,279163.0,6.0,3.0,0.0,1.0,908526.0,0.0,1.0
1776000.0,24.0,48.0,1600000.0,450000.0,79124.0,8.0,2.0,1.0,5.0,939017.0,1.0,0.0
2524080.0,6.0,35.0,1900000.0,300000.0,376169.0,0.0,0.0,0.0,0.0,1977317.0,1.0,0.0
1084800.0,6.0,42.0,3700000.0,397000.0,163035.0,7.0,6.0,0.0,0.0,977131.0,1.0,0.0
990000.0,6.0,40.0,3360000.0,1053000.0,150289.0,4.0,1.0,3.0,0.0,2523774.0,1.0,0.0
3160080.0,6.0,49.0,10000000.0,2500000.0,469358.0,1.0,0.0,0.0,1.0,1210000.0,0.0,1.0
2112000.0,12.0,38.0,5000000.0,2000000.0,165170.0,1.0,0.0,0.0,1.0,1210000.0,0.0,1.0
1311526.8,10.0,50.0,1800000.0,950000.0,111530.0,5.0,2.0,0.0,1.0,1613625.0,1.0,0.0
1247460.0,6.0,40.0,1039550.0,0.0,184961.0,10.0,6.0,0.0,2.0,4065191.0,0.0,1.0
3196065.6,12.0,56.0,1500000.0,800000.0,250784.0,11.0,2.0,0.0,5.0,1210000.0,0.0,1.0
624000.0,6.0,48.0,5380000.0,3559000.0,94728.0,7.0,4.0,2.0,0.0,2143642.0,0.0,1.0
1269000.0,5.0,43.0,5000000.0,2000000.0,205810.0,4.0,2.0,0.0,1.0,871117.0,0.0,1.0
973500.0,6.0,61.0,3660000.0,264000.0,147223.0,5.0,2.0,0.0,2.0,984754.0,1.0,0.0
2622480.0,6.0,35.0,4500000.0,1900000.0,389244.0,7.0,4.0,0.0,1.0,1990000.0,1.0,0.0
2292000.0,12.0,68.0,1500000.0,270000.0,181702.0,3.0,2.0,0.0,1.0,1210000.0,0.0,1.0
1596026.4,11.0,40.0,3100000.0,1500000.0,124672.0,1.0,1.0,0.0,0.0,941789.0,1.0,0.0
4918503.6,6.0,62.0,10000000.0,3000000.0,731196.0,10.0,7.0,0.0,2.0,5487082.0,1.0,0.0
4253520.0,12.0,39.0,5000000.0,1500000.0,333121.0,2.0,0.0,1.0,0.0,908526.0,1.0,0.0
3289399.1999999997,8.0,122.0,1200000000.0,790000000.0,343519.0,0.0,0.0,0.0,0.0,1210000.0,1.0,0.0
2874842.4,10.0,55.0,4000000.0,1600000.0,243831.0,7.0,5.0,0.0,1.0,1210000.0,0.0,1.0
906092.4,10.0,46.0,1500000.0,800000.0,76851.0,7.0,1.0,0.0,3.0,1262406.0,1.0,0.0
2119488.0,10.0,37.0,4130000.0,1917000.0,203396.0,8.0,5.0,0.0,0.0,1210000.0,0.0,1.0
1185660.0,2.0,47.0,5000000.0,2000000.0,467909.0,2.0,0.0,0.0,1.0,1000000.0,0.0,1.0
3666960.0,12.0,36.0,4000000.0,1000000.0,287714.0,1.0,1.0,0.0,0.0,908526.0,0.0,1.0
779880.0,12.0,28.0,1600000.0,300000.0,61372.0,2.0,0.0,0.0,0.0,73880.0,1.0,0.0
2127834.0,8.0,53.0,12000000.0,2000000.0,241762.0,2.0,2.0,0.0,0.0,1210000.0,0.0,1.0
4107256.8,4.0,62.0,2500000.0,800000.0,826173.0,7.0,4.0,0.0,0.0,1817052.0,0.0,1.0
578760.0,8.0,52.0,3500000.0,1300000.0,65586.0,12.0,8.0,0.0,1.0,1210000.0,0.0,1.0
2373600.0,12.0,33.0,2000000.0,500000.0,185892.0,4.0,0.0,0.0,0.0,951600.0,1.0,0.0
1952400.0,18.0,31.0,2400000.0,700000.0,107953.0,4.0,1.0,0.0,1.0,1210000.0,1.0,0.0
1548721.2,6.0,23.0,2170000.0,522000.0,233111.0,3.0,1.0,0.0,1.0,1000000.0,1.0,0.0
4194165.5999999996,10.0,40.0,6113000.0,712000.0,376573.0,4.0,3.0,0.0,0.0,1210000.0,1.0,0.0
4146000.0,30.0,30.0,3900000.0,600000.0,153235.0,2.0,0.0,2.0,0.0,1779886.0,1.0,0.0
1878960.0,10.0,33.0,1600000.0,400000.0,174788.0,2.0,0.0,0.0,0.0,1521873.0,1.0,0.0
3360000.0,24.0,56.0,1500000.0,600000.0,151414.0,8.0,0.0,1.0,6.0,946640.0,1.0,0.0
1429647.5999999999,10.0,45.0,3000000.0,1600000.0,121766.0,7.0,1.0,2.0,1.0,693447.0,1.0,0.0
2629971.6,10.0,30.0,3500000.0,1825000.0,223648.0,8.0,2.0,2.0,1.0,1210000.0,0.0,1.0
1288800.0,12.0,53.0,2400000.0,700000.0,101128.0,2.0,0.0,0.0,0.0,886538.0,1.0,0.0
1494460.8,8.0,28.0,1600000.0,640000.0,169799.0,1.0,1.0,0.0,0.0,1525011.0,1.0,0.0
667219.2,9.0,41.0,4500000.0,2000000.0,62313.0,9.0,7.0,0.0,1.0,908526.0,0.0,1.0
2289600.0,12.0,41.0,1800000.0,800000.0,179093.0,8.0,6.0,0.0,1.0,1210000.0,1.0,0.0
2713080.0,12.0,49.0,3000000.0,1000000.0,188408.0,3.0,2.0,0.0,0.0,2820000.0,1.0,0.0
2595600.0,6.0,24.0,1800000.0,1200000.0,385517.0,4.0,0.0,0.0,1.0,1210000.0,1.0,0.0
1080000.0,12.0,61.0,3000000.0,1000000.0,86723.0,4.0,4.0,0.0,0.0,3365823.0,1.0,0.0
1269000.0,5.0,56.0,5000000.0,4000000.0,205691.0,9.0,1.0,2.0,6.0,1210000.0,0.0,1.0
2556960.0,6.0,27.0,2450000.0,350000.0,378737.0,3.0,1.0,0.0,0.0,1291667.0,1.0,0.0
2231920.8,10.0,35.0,4000000.0,2000000.0,189997.0,4.0,1.0,0.0,1.0,2767068.0,1.0,0.0
540000.0,8.0,22.0,1500000.0,0.0,61960.0,1.0,0.0,1.0,0.0,878500.0,1.0,0.0
1615284.0,11.0,50.0,3400000.0,1300000.0,125889.0,1.0,0.0,0.0,1.0,925157.0,0.0,1.0
1800000.0,6.0,59.0,2000000.0,1000000.0,267156.0,9.0,3.0,2.0,2.0,1453515.0,1.0,0.0
4013376.0,12.0,28.0,3800000.0,950000.0,315308.0,4.0,2.0,0.0,0.0,1210000.0,1.0,0.0
878880.0,5.0,59.0,5000000.0,2000000.0,142747.0,7.0,2.0,0.0,2.0,1210000.0,0.0,1.0
7960772.399999999,5.0,122.0,160806342.0,5297882.0,1314842.0,0.0,0.0,0.0,0.0,1210000.0,1.0,0.0
684600.0,6.0,38.0,3800000.0,550000.0,101849.0,5.0,1.0,1.0,1.0,1210000.0,0.0,1.0
5130601.2,12.0,40.0,6000000.0,1600000.0,403082.0,11.0,7.0,0.0,1.0,916841.0,1.0,0.0
6286333.2,36.0,41.0,2200000.0,1200000.0,203550.0,6.0,2.0,2.0,0.0,2297504.0,1.0,0.0
2480940.0,8.0,27.0,10000000.0,4000000.0,281636.0,9.0,4.0,2.0,0.0,3187777.0,0.0,1.0
1394362.8,10.0,37.0,4500000.0,3000000.0,118698.0,9.0,5.0,0.0,3.0,5039842.0,1.0,0.0
878880.0,8.0,30.0,5000000.0,2000000.0,91625.0,6.0,3.0,0.0,1.0,777294.0,0.0,1.0
3072000.0,12.0,45.0,5500000.0,1000000.0,240548.0,8.0,4.0,0.0,0.0,2059444.0,0.0,1.0
1285815.5999999999,2.0,56.0,5000000.0,3000000.0,507062.0,3.0,0.0,0.0,2.0,925157.0,0.0,1.0
659760.0,12.0,33.0,2000000.0,150000.0,45817.0,3.0,2.0,0.0,0.0,1971880.0,1.0,0.0
2236356.0,10.0,43.0,6000000.0,2000000.0,190375.0,10.0,6.0,0.0,2.0,2956727.0,1.0,0.0
1620060.0,12.0,53.0,2000000.0,700000.0,127279.0,6.0,3.0,0.0,1.0,931394.0,0.0,1.0
1572657.5999999999,4.0,22.0,2262000.0,216000.0,323049.0,4.0,2.0,0.0,0.0,275000.0,1.0,0.0
3525600.0,12.0,63.0,8000000.0,2500000.0,277331.0,6.0,3.0,0.0,1.0,1210000.0,1.0,0.0
1519334.4,9.0,32.0,1800000.0,1100000.0,141893.0,6.0,4.0,0.0,2.0,1833731.0,1.0,0.0
957480.0,12.0,48.0,3200000.0,450000.0,75171.0,11.0,7.0,0.0,3.0,2158460.0,1.0,0.0
1440000.0,6.0,35.0,2560000.0,1666000.0,217494.0,7.0,0.0,4.0,1.0,969508.0,0.0,1.0
1225112.4,6.0,41.0,1000000.0,356000.0,184601.0,2.0,0.0,1.0,0.0,961885.0,0.0,1.0
780000.0,6.0,36.0,908526.0,274000.0,116816.0,2.0,1.0,0.0,1.0,878242.0,1.0,0.0
1285543.2,6.0,51.0,8723000.0,7485000.0,196971.0,12.0,7.0,0.0,2.0,1013333.0,1.0,0.0
3810308.4,12.0,55.0,3000000.0,1000000.0,297986.0,9.0,2.0,1.0,4.0,992011.0,1.0,0.0
9713983.2,10.0,41.0,21950000.0,31257000.0,856655.0,22.0,11.0,0.0,9.0,1325000.0,0.0,1.0
2005837.2,10.0,40.0,4060000.0,1285000.0,175981.0,6.0,1.0,0.0,2.0,6007560.0,1.0,0.0
3179136.0,12.0,32.0,4160000.0,1568000.0,255180.0,4.0,3.0,0.0,0.0,1210000.0,1.0,0.0
675600.0,8.0,22.0,2000000.0,50000.0,77510.0,3.0,0.0,1.0,1.0,126184.0,1.0,0.0
360000.0,6.0,32.0,1600000.0,300000.0,53915.0,2.0,2.0,0.0,0.0,1651350.0,1.0,0.0
3513480.0,12.0,62.0,8000000.0,4000000.0,276351.0,3.0,3.0,0.0,0.0,1210000.0,0.0,1.0
6419760.0,24.0,35.0,3700000.0,100000.0,222908.0,8.0,6.0,0.0,0.0,3474307.0,1.0,0.0
2705760.0,12.0,42.0,3500000.0,2000000.0,187900.0,5.0,2.0,0.0,2.0,4116667.0,1.0,0.0
3472440.0,12.0,42.0,1500000.0,600000.0,272788.0,7.0,5.0,0.0,0.0,1210000.0,0.0,1.0
2245200.0,10.0,27.0,1600000.0,500000.0,207762.0,8.0,4.0,0.0,4.0,1355041.0,1.0,0.0
512016.0,6.0,25.0,3800000.0,500000.0,76173.0,7.0,1.0,0.0,3.0,873194.0,0.0,1.0
2231880.0,6.0,27.0,908527.0,962000.0,335939.0,5.0,2.0,0.0,2.0,837596.0,1.0,0.0
1710000.0,12.0,34.0,2320000.0,475000.0,139340.0,6.0,2.0,1.0,1.0,1221048.0,0.0,1.0
1863000.0,10.0,39.0,2400000.0,800000.0,171931.0,3.0,1.0,0.0,0.0,1210000.0,1.0,0.0
764450.4,6.0,36.0,2500000.0,0.0,113490.0,10.0,2.0,0.0,2.0,1210000.0,0.0,1.0
804000.0,8.0,24.0,1500000.0,500000.0,91186.0,4.0,2.0,0.0,1.0,908526.0,1.0,0.0
2195760.0,10.0,34.0,4160000.0,1945000.0,212651.0,11.0,8.0,0.0,1.0,6823463.0,1.0,0.0
2316000.0,6.0,42.0,908526.0,2889000.0,348636.0,13.0,9.0,0.0,2.0,966736.0,0.0,1.0
2233627.1999999997,10.0,28.0,2675000.0,1000000.0,190143.0,9.0,4.0,1.0,4.0,1210000.0,1.0,0.0
2919586.8,6.0,27.0,2000000.0,0.0,433912.0,3.0,2.0,0.0,0.0,814308.0,1.0,0.0
4812000.0,12.0,32.0,2984250.0,7251000.0,334167.0,9.0,7.0,0.0,0.0,3020655.0,1.0,0.0
929220.0,12.0,47.0,3250000.0,2000000.0,72822.0,10.0,7.0,0.0,0.0,2717476.0,1.0,0.0
1200000.0,12.0,33.0,2000000.0,1000000.0,97192.0,3.0,1.0,0.0,2.0,1210000.0,0.0,1.0
3745200.0,36.0,31.0,3500000.0,250000.0,122018.0,4.0,3.0,0.0,0.0,736666.0,1.0,0.0
499200.0,8.0,60.0,2500000.0,1000000.0,56544.0,25.0,14.0,0.0,5.0,908526.0,1.0,0.0
1578600.0,6.0,38.0,3990000.0,1503000.0,237865.0,7.0,3.0,1.0,2.0,1210000.0,1.0,0.0
14208000.0,8.0,62.0,30000000.0,15000000.0,1612795.0,2.0,1.0,0.0,1.0,928853.0,0.0,1.0
2092322.4,12.0,31.0,2000000.0,600000.0,164586.0,3.0,0.0,1.0,1.0,2790561.0,1.0,0.0
3686598.0,6.0,35.0,8000000.0,2000000.0,547934.0,5.0,2.0,1.0,1.0,30285.0,0.0,1.0
1371393.5999999999,10.0,29.0,2000000.0,800000.0,116621.0,8.0,2.0,2.0,2.0,1210000.0,1.0,0.0
1874664.0,9.0,45.0,2000000.0,1000000.0,175664.0,3.0,1.0,0.0,0.0,1758333.0,1.0,0.0
3566400.0,12.0,42.0,4000000.0,400000.0,279261.0,9.0,5.0,0.0,0.0,5893818.0,1.0,0.0
839880.0,6.0,31.0,1600000.0,400000.0,124688.0,1.0,1.0,0.0,0.0,2281939.0,1.0,0.0
1200000.0,6.0,65.0,4475055.0,0.0,180622.0,2.0,1.0,0.0,0.0,4475055.0,1.0,0.0
960000.0,24.0,28.0,2710000.0,1659000.0,45226.0,6.0,2.0,0.0,1.0,6143865.0,1.0,0.0
2760000.0,18.0,35.0,2000000.0,500000.0,152472.0,3.0,1.0,0.0,1.0,1449875.0,1.0,0.0
3637112.4,6.0,42.0,5000000.0,1900000.0,542046.0,15.0,12.0,0.0,1.0,927067.0,0.0,1.0
4626270.0,10.0,37.0,2280000.0,256000.0,401077.0,4.0,4.0,0.0,0.0,3342541.0,1.0,0.0
1345680.0,6.0,56.0,3000000.0,1500000.0,199870.0,8.0,2.0,0.0,4.0,1210000.0,1.0,0.0
3538095.6,11.0,51.0,3400000.0,1300000.0,276059.0,5.0,0.0,1.0,2.0,1000000.0,0.0,1.0
1992000.0,6.0,41.0,5000000.0,2000000.0,295866.0,13.0,4.0,0.0,7.0,60569.0,0.0,1.0
821208.0,2.0,57.0,5000000.0,2000000.0,323939.0,3.0,1.0,0.0,1.0,908526.0,0.0,1.0
1680000.0,12.0,48.0,5000000.0,4000000.0,131385.0,10.0,7.0,0.0,1.0,30285.0,0.0,1.0
1185660.0,3.0,24.0,4000000.0,2000000.0,314466.0,2.0,1.0,0.0,1.0,1210000.0,0.0,1.0
1556280.0,6.0,30.0,3500000.0,900000.0,233074.0,5.0,1.0,0.0,3.0,4525521.0,1.0,0.0
1553880.0,12.0,47.0,2500000.0,1400000.0,121928.0,11.0,3.0,0.0,1.0,794960.0,0.0,1.0
1788778.8,9.0,39.0,4700000.0,2200000.0,167056.0,8.0,2.0,0.0,6.0,1210000.0,1.0,0.0
1080000.0,6.0,28.0,3150000.0,1000000.0,160555.0,3.0,2.0,0.0,0.0,1190710.0,1.0,0.0
1630701.5999999999,10.0,33.0,1000000.0,0.0,138091.0,3.0,0.0,0.0,0.0,1210000.0,1.0,0.0
1288800.0,8.0,40.0,2000000.0,500000.0,146928.0,2.0,1.0,0.0,1.0,1210000.0,1.0,0.0
3360000.0,10.0,52.0,4000000.0,1000000.0,309710.0,4.0,1.0,0.0,1.0,1210000.0,0.0,1.0
4152000.0,8.0,61.0,8000000.0,4000000.0,471713.0,5.0,1.0,2.0,0.0,926820.0,0.0,1.0
1017451.2,10.0,21.0,1200000.0,700000.0,86522.0,0.0,0.0,0.0,0.0,1210000.0,0.0,1.0
4449480.0,12.0,29.0,5200000.0,150000.0,350149.0,3.0,2.0,0.0,0.0,5136430.0,1.0,0.0
1004640.0,6.0,24.0,1820000.0,77000.0,152767.0,2.0,1.0,0.0,0.0,1056250.0,1.0,0.0
1808280.0,10.0,49.0,2500000.0,600000.0,167154.0,8.0,5.0,0.0,0.0,1837037.0,1.0,0.0
802320.0,6.0,38.0,1500000.0,350000.0,119166.0,5.0,4.0,0.0,0.0,1210000.0,1.0,0.0
1086420.0,18.0,28.0,1600000.0,380000.0,59701.0,8.0,3.0,0.0,3.0,1098417.0,1.0,0.0
1236000.0,12.0,36.0,0.0,0.0,103000.0,5.0,1.0,0.0,2.0,1350222.0,1.0,0.0
1258714.8,6.0,39.0,2500000.0,1000000.0,189213.0,8.0,1.0,3.0,2.0,516667.0,0.0,1.0
1560000.0,12.0,45.0,6000000.0,1000000.0,123671.0,5.0,3.0,0.0,1.0,1429793.0,1.0,0.0
2274708.0,9.0,65.0,2000000.0,1000000.0,213252.0,3.0,0.0,2.0,0.0,3710985.0,1.0,0.0
1200000.0,18.0,42.0,3500000.0,2000000.0,66526.0,8.0,5.0,0.0,3.0,1210000.0,1.0,0.0
3872923.1999999997,11.0,42.0,1817000.0,409000.0,311946.0,12.0,10.0,0.0,0.0,31809.0,0.0,1.0
1542840.0,12.0,36.0,1500000.0,500000.0,120810.0,3.0,0.0,0.0,2.0,1458766.0,1.0,0.0
610231.2,8.0,64.0,1800000.0,600000.0,70010.0,4.0,0.0,2.0,2.0,946640.0,1.0,0.0
1312480.8,10.0,55.0,1300000.0,520000.0,111728.0,11.0,3.0,1.0,3.0,1368844.0,1.0,0.0
681661.2,6.0,66.0,1500000.0,300000.0,101245.0,3.0,0.0,0.0,1.0,931394.0,1.0,0.0
1051081.2,12.0,30.0,2000000.0,350000.0,72992.0,2.0,0.0,0.0,1.0,1716274.0,1.0,0.0
2520000.0,6.0,38.0,3500000.0,1200000.0,374884.0,8.0,4.0,0.0,1.0,1927131.0,1.0,0.0
878880.0,5.0,60.0,4000000.0,2000000.0,142747.0,6.0,3.0,0.0,2.0,908526.0,0.0,1.0
4454400.0,36.0,31.0,2510000.0,511000.0,153871.0,6.0,3.0,0.0,2.0,2375410.0,1.0,0.0
762000.0,6.0,47.0,3000000.0,1000000.0,113249.0,4.0,0.0,0.0,2.0,848330.0,1.0,0.0
6000000.0,12.0,51.0,2960000.0,125000.0,499273.0,3.0,1.0,0.0,1.0,969508.0,0.0,1.0
1811881.2,6.0,30.0,1960000.0,245000.0,274581.0,2.0,1.0,0.0,0.0,1000000.0,0.0,1.0
2795520.0,12.0,37.0,2750000.0,500000.0,194133.0,12.0,7.0,0.0,1.0,3256705.0,1.0,0.0
1200000.0,6.0,27.0,2600000.0,650000.0,166667.0,4.0,1.0,0.0,1.0,1210000.0,1.0,0.0
3335280.0,36.0,37.0,1800000.0,800000.0,107488.0,4.0,2.0,0.0,2.0,1563106.0,1.0,0.0
1111080.0,12.0,26.0,1800000.0,600000.0,87291.0,5.0,4.0,0.0,1.0,1125000.0,1.0,0.0
1128000.0,8.0,26.0,2170000.0,69000.0,131669.0,4.0,2.0,0.0,1.0,1103323.0,1.0,0.0
1087909.2,10.0,49.0,2500000.0,1200000.0,92417.0,4.0,3.0,0.0,0.0,1210000.0,1.0,0.0
3300601.1999999997,12.0,43.0,4170000.0,1000000.0,258987.0,9.0,4.0,3.0,0.0,3290773.0,1.0,0.0
2808388.8,4.0,40.0,2652000.0,113000.0,579852.0,5.0,3.0,1.0,0.0,1854545.0,0.0,1.0
2810962.8,9.0,50.0,1500000.0,500000.0,262897.0,0.0,0.0,0.0,0.0,1210000.0,1.0,0.0
845756.4,6.0,62.0,2000000.0,1500000.0,115485.0,10.0,7.0,1.0,2.0,3468823.0,1.0,0.0
1369200.0,8.0,53.0,8000000.0,500000.0,155288.0,2.0,0.0,1.0,1.0,30285.0,0.0,1.0
2393952.0,12.0,66.0,1800000.0,600000.0,188411.0,6.0,1.0,0.0,4.0,1600204.0,1.0,0.0
4747796.399999999,36.0,36.0,3000000.0,0.0,153680.0,15.0,6.0,0.0,5.0,918689.0,0.0,1.0
1200000.0,24.0,26.0,1590000.0,324000.0,58404.0,6.0,3.0,0.0,1.0,1082819.0,1.0,0.0
1185660.0,2.0,49.0,5000000.0,2000000.0,467840.0,8.0,1.0,0.0,2.0,941789.0,0.0,1.0
7080000.0,36.0,28.0,2000000.0,0.0,243085.0,6.0,3.0,0.0,1.0,917604.0,1.0,0.0
1531200.0,6.0,69.0,4000000.0,0.0,229318.0,7.0,2.0,0.0,0.0,870542.0,0.0,1.0
2244000.0,18.0,34.0,3000000.0,50000.0,126937.0,1.0,1.0,0.0,0.0,946640.0,1.0,0.0
2525280.0,6.0,67.0,4000000.0,2000000.0,374817.0,8.0,4.0,1.0,1.0,1362789.0,1.0,0.0
2841600.0,6.0,41.0,3000000.0,800000.0,422055.0,11.0,7.0,0.0,1.0,1210000.0,1.0,0.0
1923600.0,6.0,46.0,2000000.0,700000.0,285212.0,6.0,2.0,1.0,2.0,2434247.0,1.0,0.0
732000.0,6.0,54.0,1500000.0,400000.0,109091.0,4.0,1.0,0.0,2.0,1210000.0,0.0,1.0
720000.0,12.0,32.0,954263.0,371000.0,57426.0,5.0,4.0,0.0,0.0,954263.0,0.0,1.0
3087764.4,11.0,28.0,20000000.0,18000000.0,240236.0,7.0,5.0,0.0,1.0,908526.0,1.0,0.0
4176000.0,12.0,35.0,2500000.0,1500000.0,328085.0,4.0,3.0,0.0,0.0,1210000.0,0.0,1.0
360000.0,6.0,62.0,1500000.0,500000.0,53736.0,7.0,2.0,0.0,4.0,1210000.0,0.0,1.0
7200000.0,12.0,60.0,12000000.0,3000000.0,570791.0,4.0,2.0,0.0,2.0,950105.0,0.0,1.0
1296000.0,12.0,43.0,1100000.0,150000.0,101735.0,6.0,2.0,0.0,2.0,947815.0,1.0,0.0
1311600.0,10.0,56.0,3800000.0,1800000.0,123650.0,7.0,3.0,2.0,1.0,950105.0,0.0,1.0
2016000.0,12.0,37.0,5000000.0,2000000.0,159837.0,9.0,5.0,0.0,1.0,6140920.0,1.0,0.0
2148000.0,12.0,38.0,1867000.0,0.0,179584.0,0.0,0.0,0.0,0.0,1210000.0,1.0,0.0
713880.0,24.0,34.0,2000000.0,500000.0,31208.0,10.0,1.0,0.0,8.0,2353258.0,1.0,0.0
1633080.0,12.0,43.0,1800000.0,700000.0,113408.0,5.0,0.0,0.0,5.0,1210000.0,0.0,1.0
3365400.0,6.0,53.0,1000000.0,200000.0,499512.0,1.0,0.0,0.0,0.0,867832.0,1.0,0.0
1967880.0,12.0,30.0,4500000.0,1500000.0,136658.0,4.0,2.0,0.0,0.0,3940740.0,1.0,0.0
2423520.0,12.0,51.0,1300000.0,500000.0,168300.0,4.0,0.0,1.0,1.0,1258954.0,1.0,0.0
3851640.0,8.0,37.0,10000000.0,3500000.0,436269.0,8.0,5.0,0.0,1.0,2612888.0,0.0,1.0
1105920.0,12.0,27.0,1700000.0,500000.0,86597.0,0.0,0.0,0.0,0.0,1906578.0,1.0,0.0
2973762.0,9.0,36.0,15000000.0,6000000.0,277990.0,7.0,5.0,0.0,1.0,939017.0,0.0,1.0
2388000.0,12.0,57.0,1600000.0,400000.0,188155.0,2.0,0.0,0.0,1.0,1210000.0,1.0,0.0
821208.0,5.0,36.0,4000000.0,2000000.0,133418.0,11.0,7.0,0.0,2.0,1500000.0,0.0,1.0
3069240.0,12.0,61.0,2300000.0,500000.0,213142.0,4.0,3.0,0.0,0.0,916148.0,1.0,0.0
936480.0,5.0,63.0,5000000.0,2000000.0,152146.0,10.0,4.0,0.0,2.0,1210000.0,0.0,1.0
482400.0,6.0,55.0,12000000.0,3000000.0,71715.0,3.0,0.0,0.0,1.0,1210000.0,0.0,1.0
2098800.0,18.0,28.0,6000000.0,3000000.0,116439.0,1.0,1.0,0.0,0.0,3000000.0,1.0,0.0
8496000.0,18.0,49.0,5000000.0,2716000.0,484871.0,5.0,1.0,2.0,1.0,1210000.0,0.0,1.0
3120000.0,12.0,47.0,2200000.0,600000.0,244000.0,4.0,2.0,0.0,2.0,1210000.0,0.0,1.0
7051200.0,12.0,38.0,6000000.0,3000000.0,553973.0,10.0,6.0,0.0,2.0,1210000.0,0.0,1.0
7924920.0,6.0,68.0,2000000.0,500000.0,1175027.0,5.0,3.0,0.0,0.0,908526.0,1.0,0.0
821208.0,5.0,66.0,3500000.0,1800000.0,133225.0,5.0,2.0,0.0,3.0,1210000.0,0.0,1.0
878880.0,5.0,31.0,5000000.0,2000000.0,142664.0,10.0,7.0,0.0,2.0,30894.0,0.0,1.0
1990561.2,10.0,50.0,2000000.0,600000.0,184458.0,6.0,3.0,0.0,1.0,1376277.0,1.0,0.0
821208.0,3.0,51.0,4800000.0,2200000.0,217932.0,5.0,0.0,1.0,2.0,931394.0,1.0,0.0
540000.0,6.0,53.0,1560000.0,0.0,80259.0,8.0,4.0,0.0,3.0,1056583.0,1.0,0.0
1200000.0,6.0,48.0,1000000.0,350000.0,178838.0,1.0,0.0,1.0,0.0,956288.0,1.0,0.0
2230800.0,6.0,41.0,5082586.0,3477000.0,336148.0,4.0,2.0,0.0,0.0,5336697.0,1.0,0.0
2439480.0,6.0,47.0,18000000.0,5000000.0,338817.0,10.0,8.0,0.0,1.0,732877.0,0.0,1.0
3506400.0,10.0,61.0,6550000.0,2500000.0,324468.0,9.0,5.0,0.0,1.0,928853.0,1.0,0.0
2417760.0,6.0,24.0,2000000.0,600000.0,360301.0,4.0,3.0,0.0,1.0,666253.0,1.0,0.0
1485360.0,6.0,64.0,8000000.0,2000000.0,221366.0,14.0,9.0,0.0,4.0,1210000.0,1.0,0.0
1979887.2,10.0,27.0,2500000.0,1000000.0,168101.0,7.0,0.0,4.0,0.0,2225649.0,1.0,0.0
875880.0,6.0,46.0,3930000.0,968000.0,132291.0,5.0,3.0,0.0,1.0,2535646.0,1.0,0.0
8492857.2,36.0,56.0,15000000.0,1000000.0,275500.0,10.0,7.0,0.0,0.0,16411324.0,1.0,0.0
840000.0,6.0,63.0,1500000.0,100000.0,124535.0,1.0,1.0,0.0,0.0,1210000.0,0.0,1.0
3816000.0,6.0,25.0,10000000.0,5000000.0,567137.0,5.0,1.0,0.0,3.0,954263.0,0.0,1.0
1864800.0,18.0,35.0,1600000.0,900000.0,107143.0,2.0,0.0,0.0,2.0,990476.0,1.0,0.0
1688280.0,12.0,49.0,2000000.0,1100000.0,132308.0,8.0,2.0,0.0,2.0,1210000.0,1.0,0.0
2139240.0,24.0,35.0,2575000.0,501000.0,104359.0,7.0,1.0,2.0,3.0,1425121.0,1.0,0.0
2640000.0,6.0,36.0,3500000.0,3000000.0,392379.0,8.0,2.0,0.0,3.0,925157.0,0.0,1.0
3242880.0,6.0,38.0,6000000.0,2000000.0,482094.0,5.0,2.0,0.0,2.0,5863989.0,1.0,0.0
600000.0,6.0,36.0,3538000.0,511000.0,91634.0,3.0,0.0,2.0,0.0,1437657.0,0.0,1.0
1416000.0,12.0,39.0,1890000.0,0.0,110739.0,10.0,6.0,0.0,1.0,1210000.0,1.0,0.0
4735336.8,9.0,47.0,8000000.0,3200000.0,442240.0,7.0,1.0,0.0,3.0,908526.0,0.0,1.0
495600.0,6.0,40.0,6000000.0,3000000.0,73509.0,7.0,3.0,0.0,3.0,4350519.0,1.0,0.0
799680.0,11.0,51.0,3100000.0,1500000.0,62324.0,4.0,0.0,1.0,1.0,878616.0,1.0,0.0
894370.7999999999,12.0,30.0,1240000.0,0.0,70903.0,1.0,0.0,0.0,1.0,1164752.0,1.0,0.0
4396200.0,12.0,59.0,1700000.0,300000.0,305292.0,1.0,1.0,0.0,0.0,905453.0,1.0,0.0
3331742.4,9.0,122.0,1320000.0,930200.0,311752.0,0.0,0.0,0.0,0.0,1210000.0,1.0,0.0
1439079.5999999999,11.0,60.0,5000000.0,3500000.0,112156.0,3.0,0.0,0.0,2.0,991122.0,1.0,0.0
2222880.0,18.0,43.0,2600000.0,371000.0,127361.0,5.0,3.0,0.0,1.0,1210000.0,1.0,0.0
2653921.1999999997,18.0,28.0,1600000.0,0.0,154766.0,0.0,0.0,0.0,0.0,1091350.0,1.0,0.0
2170440.0,6.0,30.0,1800000.0,300000.0,322137.0,5.0,2.0,0.0,3.0,1347058.0,1.0,0.0
1428000.0,12.0,64.0,4000000.0,500000.0,112515.0,7.0,3.0,0.0,3.0,1210000.0,1.0,0.0
2663880.0,6.0,50.0,6200000.0,1600000.0,397003.0,12.0,7.0,0.0,1.0,1458170.0,1.0,0.0
1419930.0,10.0,24.0,1100000.0,400000.0,120938.0,7.0,2.0,1.0,4.0,1400000.0,1.0,0.0
2648100.0,12.0,42.0,5000000.0,2000000.0,207528.0,1.0,1.0,0.0,0.0,1400000.0,0.0,1.0
1018944.0,8.0,39.0,3400000.0,1200000.0,115564.0,4.0,3.0,0.0,0.0,1863565.0,1.0,0.0
2019000.0,6.0,39.0,1570000.0,251000.0,304945.0,6.0,4.0,0.0,1.0,908526.0,1.0,0.0
1449600.0,10.0,36.0,1800000.0,500000.0,133990.0,5.0,4.0,0.0,0.0,497715.0,1.0,0.0
1440000.0,12.0,28.0,2200000.0,1000000.0,113332.0,9.0,0.0,1.0,8.0,908526.0,0.0,1.0
579206.4,2.0,28.0,5000000.0,2000000.0,228209.0,6.0,1.0,0.0,2.0,1210000.0,0.0,1.0
770158.7999999999,6.0,60.0,2500000.0,500000.0,114390.0,7.0,6.0,0.0,0.0,1210000.0,0.0,1.0
5058660.0,18.0,28.0,2900000.0,600000.0,278720.0,6.0,5.0,0.0,1.0,908526.0,1.0,0.0
4100353.1999999997,3.0,47.0,5000000.0,4000000.0,1087937.0,13.0,10.0,0.0,0.0,9767241.0,1.0,0.0
4161981.5999999996,10.0,35.0,3000000.0,1500000.0,352444.0,8.0,2.0,0.0,3.0,1210000.0,0.0,1.0
4228440.0,12.0,44.0,11000000.0,850000.0,331791.0,10.0,7.0,0.0,1.0,8923891.0,1.0,0.0
3510900.0,6.0,54.0,4860000.0,970000.0,527653.0,11.0,6.0,0.0,1.0,30285.0,0.0,1.0
2015077.2,11.0,54.0,12800000.0,6367000.0,159204.0,26.0,14.0,1.0,9.0,7216666.0,1.0,0.0
5170490.399999999,9.0,45.0,2000000.0,1000000.0,484730.0,2.0,0.0,0.0,1.0,954263.0,1.0,0.0
667800.0,6.0,52.0,3800000.0,400000.0,99350.0,4.0,1.0,0.0,1.0,931394.0,0.0,1.0
1474800.0,12.0,30.0,3500000.0,300000.0,116202.0,7.0,1.0,2.0,2.0,1210000.0,0.0,1.0
1746840.0,12.0,29.0,2400000.0,600000.0,138497.0,4.0,0.0,1.0,1.0,1896836.0,1.0,0.0
1415760.0,18.0,52.0,1300000.0,250000.0,80086.0,7.0,2.0,0.0,1.0,1210000.0,0.0,1.0
1798441.2,8.0,51.0,4090000.0,849000.0,207659.0,8.0,5.0,0.0,2.0,1693680.0,1.0,0.0
2582580.0,24.0,23.0,2700000.0,1200000.0,113506.0,5.0,3.0,0.0,1.0,1239618.0,1.0,0.0
1869600.0,12.0,33.0,3000000.0,200000.0,146421.0,4.0,3.0,0.0,0.0,1889222.0,1.0,0.0
845754.0,10.0,61.0,3000000.0,2000000.0,71733.0,7.0,2.0,1.0,2.0,908526.0,0.0,1.0
1852200.0,12.0,45.0,1400000.0,100000.0,146851.0,13.0,3.0,0.0,7.0,1210000.0,0.0,1.0
670200.0,10.0,42.0,3000000.0,1000000.0,56933.0,5.0,4.0,0.0,0.0,2991197.0,1.0,0.0
1709760.0,6.0,22.0,1117000.0,200000.0,254809.0,1.0,0.0,1.0,0.0,500000.0,1.0,0.0
618000.0,12.0,31.0,1919000.0,100000.0,48519.0,4.0,0.0,1.0,2.0,1973123.0,1.0,0.0
1546680.0,6.0,30.0,8000000.0,2200000.0,214817.0,2.0,0.0,0.0,0.0,935514.0,0.0,1.0
1051081.2,12.0,23.0,1000000.0,300000.0,82578.0,0.0,0.0,0.0,0.0,1276363.0,1.0,0.0
1200000.0,12.0,63.0,6000000.0,1000000.0,83333.0,21.0,17.0,0.0,3.0,916148.0,1.0,0.0
1109160.0,10.0,63.0,1900000.0,1000000.0,95346.0,2.0,0.0,0.0,2.0,90853.0,0.0,1.0
1564627.2,10.0,40.0,4000000.0,2500000.0,133192.0,8.0,2.0,0.0,4.0,946640.0,0.0,1.0
4695888.0,12.0,56.0,2980000.0,1200000.0,326103.0,2.0,0.0,0.0,1.0,927464.0,1.0,0.0
991200.0,12.0,30.0,2400000.0,1000000.0,78355.0,9.0,4.0,0.0,1.0,3048487.0,1.0,0.0
878880.0,4.0,36.0,5000000.0,2000000.0,176743.0,1.0,0.0,0.0,1.0,1210000.0,0.0,1.0
2791920.0,12.0,41.0,2400000.0,600000.0,219073.0,2.0,0.0,0.0,0.0,908526.0,1.0,0.0
3600000.0,36.0,60.0,1900000.0,0.0,126366.0,1.0,1.0,0.0,0.0,1210000.0,1.0,0.0
1824000.0,6.0,42.0,7300000.0,3763000.0,275492.0,7.0,6.0,0.0,0.0,975052.0,0.0,1.0
960000.0,24.0,25.0,3793000.0,980000.0,48159.0,7.0,4.0,0.0,3.0,4618780.0,1.0,0.0
3220440.0,6.0,49.0,2250000.0,0.0,478323.0,5.0,3.0,0.0,0.0,2288461.0,1.0,0.0
3574816.8,11.0,34.0,4000000.0,2000000.0,278130.0,6.0,3.0,0.0,1.0,469405.0,1.0,0.0
8640000.0,36.0,40.0,5500000.0,700000.0,281570.0,7.0,5.0,0.0,1.0,3383613.0,1.0,0.0
948000.0,8.0,45.0,3000000.0,800000.0,108084.0,2.0,1.0,0.0,0.0,1210000.0,1.0,0.0
1528744.8,11.0,34.0,3100000.0,1500000.0,118940.0,3.0,0.0,2.0,0.0,1422698.0,1.0,0.0
2654108.4,9.0,41.0,4500000.0,1000000.0,249296.0,2.0,0.0,0.0,0.0,4225393.0,1.0,0.0
2492400.0,6.0,53.0,3900000.0,1000000.0,370673.0,1.0,1.0,0.0,0.0,1424411.0,1.0,0.0
1498992.0,3.0,47.0,5000000.0,2000000.0,397801.0,4.0,1.0,0.0,2.0,1323083.0,0.0,1.0
2384874.0,10.0,24.0,1200000.0,500000.0,202274.0,3.0,2.0,0.0,0.0,1210000.0,1.0,0.0
3309840.0,12.0,35.0,7000000.0,2000000.0,229850.0,4.0,3.0,0.0,0.0,2552000.0,0.0,1.0
3678480.0,24.0,58.0,1200000.0,200000.0,160809.0,4.0,0.0,1.0,3.0,1122000.0,1.0,0.0
5046240.0,36.0,27.0,1900000.0,600000.0,163396.0,6.0,1.0,1.0,2.0,905965.0,0.0,1.0
636000.0,6.0,47.0,1250000.0,0.0,94784.0,2.0,0.0,0.0,2.0,1210000.0,0.0,1.0
1540630.8,9.0,55.0,3500000.0,1100000.0,144226.0,1.0,0.0,0.0,1.0,1210000.0,0.0,1.0
1440000.0,24.0,28.0,2400000.0,1000000.0,62800.0,7.0,3.0,1.0,1.0,905965.0,1.0,0.0
1468801.2,6.0,59.0,1600000.0,400000.0,217759.0,4.0,3.0,0.0,0.0,961885.0,1.0,0.0
1387028.4,12.0,49.0,1400000.0,500000.0,108881.0,6.0,3.0,0.0,3.0,1084812.0,1.0,0.0
2695840.8,9.0,54.0,4000000.0,2000000.0,251768.0,2.0,1.0,0.0,0.0,1210000.0,0.0,1.0
2537520.0,24.0,63.0,2000000.0,250000.0,111186.0,3.0,0.0,0.0,1.0,1950922.0,1.0,0.0
3186480.0,6.0,57.0,2890000.0,176000.0,485346.0,5.0,0.0,0.0,3.0,1739567.0,1.0,0.0
7464000.0,10.0,42.0,10000000.0,3000000.0,687028.0,5.0,4.0,0.0,1.0,908526.0,0.0,1.0
2181000.0,6.0,68.0,5000000.0,1700000.0,323923.0,8.0,8.0,0.0,0.0,5835309.0,1.0,0.0
1740000.0,10.0,61.0,1300000.0,300000.0,161846.0,8.0,3.0,0.0,5.0,1210000.0,1.0,0.0
878880.0,5.0,52.0,5000000.0,2000000.0,142664.0,9.0,4.0,0.0,3.0,1210000.0,0.0,1.0
1663800.0,6.0,44.0,2650000.0,1722000.0,250038.0,8.0,2.0,0.0,3.0,5567383.0,1.0,0.0
3983520.0,18.0,54.0,2000000.0,700000.0,219430.0,12.0,1.0,0.0,10.0,1210000.0,1.0,0.0
3529500.0,12.0,43.0,3500000.0,1600000.0,276948.0,9.0,2.0,5.0,0.0,4674570.0,1.0,0.0
1188000.0,12.0,47.0,1300000.0,62000.0,94181.0,1.0,0.0,0.0,1.0,1361105.0,1.0,0.0
3415723.1999999997,10.0,40.0,3000000.0,1600000.0,289250.0,1.0,0.0,0.0,1.0,1210000.0,1.0,0.0
829800.0,6.0,40.0,4000000.0,2800000.0,123248.0,2.0,1.0,0.0,0.0,1210000.0,1.0,0.0
2158680.0,12.0,37.0,2300000.0,600000.0,149908.0,4.0,2.0,0.0,1.0,2394000.0,1.0,0.0
971520.0,6.0,66.0,1100000.0,350000.0,144034.0,2.0,1.0,0.0,1.0,908526.0,1.0,0.0
8400000.0,24.0,55.0,11000000.0,7000000.0,369186.0,16.0,7.0,2.0,2.0,8799583.0,1.0,0.0
1375353.5999999999,10.0,52.0,3000000.0,900000.0,116835.0,5.0,4.0,0.0,0.0,1187561.0,1.0,0.0
3974040.0,18.0,31.0,2500000.0,300000.0,218907.0,8.0,6.0,0.0,0.0,1210000.0,1.0,0.0
1345080.0,10.0,53.0,1300000.0,500000.0,124337.0,10.0,5.0,0.0,2.0,1210000.0,0.0,1.0
2135760.0,6.0,25.0,3000000.0,7000000.0,317507.0,3.0,2.0,0.0,0.0,939017.0,0.0,1.0
4938255.6,36.0,36.0,2300000.0,150000.0,160158.0,3.0,1.0,0.0,1.0,1000000.0,1.0,0.0
3342720.0,6.0,55.0,6000000.0,3500000.0,464267.0,3.0,2.0,0.0,0.0,2158333.0,1.0,0.0
2867640.0,12.0,42.0,4000000.0,1500000.0,199142.0,4.0,2.0,0.0,0.0,1487928.0,0.0,1.0
3837376.8,11.0,39.0,1500000.0,500000.0,300606.0,6.0,1.0,0.0,2.0,1210000.0,1.0,0.0
1200000.0,12.0,53.0,1200000.0,100000.0,94550.0,4.0,1.0,0.0,2.0,1210000.0,1.0,0.0
2121600.0,12.0,35.0,3660000.0,980000.0,170362.0,8.0,5.0,0.0,1.0,1210000.0,1.0,0.0
6482984.399999999,18.0,31.0,10000000.0,1000000.0,358143.0,5.0,4.0,0.0,1.0,2150000.0,1.0,0.0
1404831.5999999999,12.0,36.0,2500000.0,1000000.0,110370.0,4.0,1.0,0.0,3.0,869760.0,1.0,0.0
1200000.0,6.0,53.0,4200000.0,0.0,179717.0,6.0,3.0,0.0,2.0,1433333.0,0.0,1.0
5844256.8,11.0,43.0,2041000.0,223000.0,479703.0,3.0,0.0,0.0,1.0,1210000.0,1.0,0.0
485700.0,6.0,66.0,3000000.0,500000.0,72015.0,1.0,1.0,0.0,0.0,1210000.0,1.0,0.0
876000.0,8.0,30.0,2630000.0,408000.0,103555.0,5.0,0.0,0.0,2.0,946300.0,1.0,0.0
1193880.0,6.0,54.0,2000000.0,300000.0,165817.0,1.0,1.0,0.0,0.0,1224635.0,1.0,0.0
2013627.5999999999,9.0,58.0,8000000.0,4000000.0,188235.0,1.0,0.0,0.0,0.0,916841.0,0.0,1.0
1388280.0,12.0,47.0,1300000.0,600000.0,96408.0,3.0,0.0,0.0,0.0,1259348.0,1.0,0.0
1258680.0,12.0,63.0,4000000.0,2500000.0,87408.0,1.0,0.0,0.0,0.0,3568605.0,1.0,0.0
1560000.0,12.0,26.0,2500000.0,900000.0,122459.0,3.0,1.0,0.0,2.0,469405.0,0.0,1.0
2328480.0,8.0,58.0,5000000.0,1000000.0,263712.0,7.0,0.0,1.0,1.0,1210000.0,0.0,1.0
2640000.0,24.0,30.0,2000000.0,400000.0,115396.0,5.0,2.0,1.0,1.0,1169037.0,1.0,0.0
2098173.6,9.0,67.0,5970000.0,144000.0,198492.0,3.0,1.0,0.0,0.0,4866666.0,1.0,0.0
1979818.7999999998,12.0,33.0,2278397.0,1081000.0,159353.0,12.0,2.0,2.0,1.0,2208915.0,1.0,0.0
5940000.0,12.0,62.0,8000000.0,7000000.0,467252.0,1.0,1.0,0.0,0.0,1000000.0,0.0,1.0
4659840.0,6.0,39.0,12000000.0,6000000.0,690914.0,3.0,2.0,0.0,0.0,5615070.0,1.0,0.0
3307080.0,6.0,37.0,3200000.0,1800000.0,491638.0,4.0,2.0,0.0,0.0,1210000.0,1.0,0.0
4324407.6,11.0,48.0,4200000.0,2800000.0,366751.0,5.0,2.0,0.0,2.0,1210000.0,1.0,0.0
2286871.1999999997,10.0,48.0,4000000.0,1500000.0,194675.0,3.0,1.0,0.0,1.0,1210000.0,0.0,1.0
1657200.0,6.0,40.0,6000000.0,2500000.0,246363.0,7.0,4.0,0.0,3.0,1322812.0,0.0,1.0
3026337.6,11.0,31.0,4000000.0,1000000.0,236399.0,9.0,4.0,1.0,4.0,1210000.0,1.0,0.0
947881.2,6.0,35.0,1800000.0,0.0,141486.0,6.0,3.0,0.0,1.0,1535543.0,1.0,0.0
876000.0,6.0,35.0,4000000.0,1000000.0,130228.0,7.0,0.0,0.0,2.0,837863.0,1.0,0.0
1097136.0,6.0,66.0,1400000.0,400000.0,163214.0,2.0,2.0,0.0,0.0,925157.0,1.0,0.0
514080.0,6.0,32.0,3140000.0,1166000.0,77910.0,10.0,2.0,1.0,1.0,1924302.0,1.0,0.0
1389024.0,12.0,60.0,1100000.0,300000.0,108992.0,4.0,4.0,0.0,0.0,923771.0,1.0,0.0
2098540.8,10.0,39.0,1500000.0,700000.0,178269.0,2.0,1.0,0.0,1.0,1210000.0,0.0,1.0
3125400.0,12.0,34.0,5000000.0,1200000.0,247065.0,8.0,4.0,1.0,0.0,939017.0,1.0,0.0
2146800.0,10.0,49.0,2000000.0,250000.0,197811.0,3.0,0.0,1.0,0.0,635969.0,1.0,0.0
5544553.2,10.0,122.0,15887000.0,3414297.0,510351.0,0.0,0.0,0.0,0.0,1210000.0,1.0,0.0
9246008.4,11.0,51.0,3100000.0,1400000.0,719364.0,0.0,0.0,0.0,0.0,1300000.0,1.0,0.0
2999760.0,12.0,59.0,1200000.0,800000.0,208317.0,1.0,0.0,1.0,0.0,1210000.0,0.0,1.0
1345897.2,10.0,47.0,9000000.0,6000000.0,114153.0,7.0,7.0,0.0,0.0,1500000.0,0.0,1.0
1692418.8,12.0,57.0,4000000.0,1000000.0,132854.0,4.0,0.0,0.0,3.0,4360864.0,1.0,0.0
3808320.0,12.0,29.0,1200000.0,200000.0,264467.0,1.0,0.0,0.0,0.0,1316977.0,1.0,0.0
1695480.0,10.0,59.0,2200000.0,1400000.0,156893.0,10.0,10.0,0.0,0.0,2035000.0,1.0,0.0
3059880.0,8.0,48.0,5000000.0,3000000.0,347760.0,5.0,4.0,0.0,0.0,8142500.0,1.0,0.0
1200000.0,6.0,63.0,4900000.0,1350000.0,179717.0,4.0,1.0,0.0,2.0,1210000.0,1.0,0.0
6840000.0,6.0,36.0,3016000.0,808000.0,1060972.0,1.0,1.0,0.0,0.0,1210000.0,0.0,1.0
3600000.0,8.0,58.0,2500000.0,100000.0,409176.0,8.0,3.0,1.0,3.0,1210000.0,1.0,0.0
3083880.0,6.0,66.0,4335315.0,1023000.0,464683.0,5.0,3.0,0.0,1.0,4251431.0,1.0,0.0
540000.0,6.0,61.0,1600000.0,300000.0,80314.0,11.0,6.0,0.0,4.0,950105.0,1.0,0.0
2120400.0,6.0,28.0,2040000.0,513000.0,320670.0,5.0,2.0,0.0,2.0,2471046.0,1.0,0.0
3600000.0,24.0,34.0,2500000.0,800000.0,158254.0,0.0,0.0,0.0,0.0,916148.0,1.0,0.0
1867500.0,10.0,46.0,3500000.0,1500000.0,158559.0,2.0,1.0,0.0,0.0,923771.0,1.0,0.0
4156700.4,12.0,30.0,6000000.0,1000000.0,326568.0,4.0,2.0,1.0,0.0,939017.0,0.0,1.0
720000.0,6.0,31.0,1000000.0,350000.0,106867.0,3.0,0.0,1.0,0.0,916148.0,1.0,0.0
452400.0,6.0,36.0,1500000.0,300000.0,67255.0,2.0,0.0,0.0,2.0,1210000.0,0.0,1.0
1121880.0,10.0,54.0,1400000.0,400000.0,103961.0,2.0,2.0,0.0,0.0,933473.0,1.0,0.0
2800629.6,10.0,28.0,9500000.0,2500000.0,238410.0,10.0,6.0,0.0,2.0,4391815.0,1.0,0.0
3935760.0,12.0,60.0,5500000.0,2000000.0,273317.0,4.0,2.0,1.0,0.0,1210000.0,0.0,1.0
2402100.0,18.0,59.0,3000000.0,1200000.0,133266.0,10.0,7.0,0.0,1.0,1210000.0,0.0,1.0
1036332.0,6.0,63.0,8000000.0,1500000.0,141364.0,3.0,2.0,0.0,1.0,1230076.0,0.0,1.0
1815480.0,12.0,57.0,2500000.0,700000.0,126075.0,5.0,4.0,0.0,0.0,908526.0,0.0,1.0
2807881.1999999997,18.0,34.0,4706000.0,2257000.0,162316.0,5.0,3.0,0.0,0.0,5780555.0,1.0,0.0
1051080.0,12.0,42.0,1700000.0,600000.0,72992.0,3.0,2.0,0.0,1.0,2384740.0,1.0,0.0
878880.0,3.0,68.0,5000000.0,2000000.0,233464.0,6.0,4.0,0.0,1.0,1121259.0,0.0,1.0
1710720.0,10.0,27.0,2000000.0,700000.0,158136.0,4.0,1.0,0.0,2.0,1210000.0,1.0,0.0
2029719.5999999999,10.0,53.0,3000000.0,1500000.0,172151.0,10.0,6.0,0.0,2.0,916148.0,0.0,1.0
3713196.0,11.0,61.0,3000000.0,0.0,314376.0,3.0,2.0,0.0,0.0,923771.0,1.0,0.0
748759.2,11.0,22.0,1400000.0,400000.0,58322.0,1.0,0.0,1.0,0.0,1045755.0,1.0,0.0
1404000.0,10.0,37.0,3500000.0,2000000.0,129921.0,2.0,0.0,0.0,0.0,3447484.0,1.0,0.0
2898842.4,12.0,35.0,7200000.0,2900000.0,201309.0,13.0,5.0,3.0,1.0,4280000.0,1.0,0.0
10200000.0,6.0,36.0,4222000.0,1966000.0,1563882.0,6.0,2.0,2.0,0.0,1013333.0,0.0,1.0
793800.0,6.0,53.0,2000000.0,600000.0,118008.0,6.0,3.0,1.0,0.0,1000000.0,1.0,0.0
1200000.0,6.0,51.0,2500000.0,300000.0,177907.0,13.0,2.0,0.0,9.0,1210000.0,1.0,0.0
2587200.0,6.0,30.0,3500000.0,1800000.0,387469.0,3.0,2.0,0.0,1.0,333333.0,1.0,0.0
3518400.0,36.0,37.0,7000000.0,500000.0,113514.0,3.0,3.0,0.0,0.0,5270833.0,1.0,0.0
3549121.1999999997,18.0,32.0,2958000.0,1330000.0,211063.0,5.0,5.0,0.0,0.0,1408511.0,1.0,0.0
1269000.0,3.0,43.0,5000000.0,2000000.0,337095.0,20.0,12.0,0.0,5.0,1622899.0,0.0,1.0
1817320.8,10.0,57.0,59593000.0,51405000.0,154703.0,17.0,13.0,0.0,1.0,2454545.0,0.0,1.0
878880.0,8.0,40.0,5000000.0,2000000.0,91704.0,8.0,6.0,0.0,1.0,33334.0,0.0,1.0
4484780.399999999,3.0,30.0,10000000.0,2500000.0,1192258.0,7.0,6.0,0.0,0.0,1210000.0,1.0,0.0
2773800.0,8.0,37.0,1400000.0,400000.0,314863.0,3.0,1.0,0.0,1.0,950000.0,1.0,0.0
4855200.0,6.0,35.0,8000000.0,6000000.0,719318.0,3.0,1.0,0.0,0.0,1210000.0,0.0,1.0
360000.0,6.0,48.0,800000.0,100000.0,53652.0,1.0,1.0,0.0,0.0,1403704.0,0.0,1.0
2047200.0,12.0,42.0,1450000.0,700000.0,160102.0,9.0,5.0,0.0,1.0,1393975.0,1.0,0.0
3144000.0,8.0,45.0,7000000.0,1000000.0,357217.0,5.0,3.0,0.0,0.0,2087486.0,0.0,1.0
923880.0,6.0,41.0,2600000.0,450000.0,137904.0,1.0,0.0,0.0,1.0,2487272.0,1.0,0.0
600000.0,6.0,44.0,2500000.0,980000.0,89055.0,4.0,4.0,0.0,0.0,908526.0,0.0,1.0
924000.0,6.0,29.0,2000000.0,800000.0,137706.0,6.0,3.0,0.0,1.0,939017.0,1.0,0.0
1498992.0,5.0,65.0,5000000.0,2000000.0,243323.0,9.0,5.0,0.0,2.0,1656231.0,0.0,1.0
1104000.0,12.0,32.0,1400000.0,900000.0,86843.0,3.0,3.0,0.0,0.0,1330203.0,1.0,0.0
5678040.0,24.0,49.0,3491000.0,1052000.0,277805.0,7.0,2.0,1.0,1.0,1210000.0,1.0,0.0
878880.0,4.0,49.0,5000000.0,2000000.0,176743.0,2.0,2.0,0.0,0.0,941789.0,1.0,0.0
4800000.0,24.0,49.0,4450000.0,299000.0,224923.0,1.0,1.0,0.0,0.0,1210000.0,0.0,1.0
912000.0,18.0,56.0,2100000.0,400000.0,51133.0,8.0,0.0,2.0,3.0,1424251.0,1.0,0.0
2320274.4,10.0,54.0,4200000.0,2750000.0,197518.0,6.0,4.0,0.0,0.0,1210000.0,1.0,0.0
1052400.0,8.0,67.0,6000000.0,1000000.0,119468.0,4.0,1.0,0.0,3.0,6307480.0,1.0,0.0
3763144.8,36.0,31.0,2000000.0,0.0,121808.0,3.0,1.0,0.0,2.0,1023587.0,1.0,0.0
3890205.5999999996,36.0,31.0,1500000.0,0.0,126778.0,2.0,2.0,0.0,0.0,933970.0,1.0,0.0
1860000.0,10.0,40.0,1300000.0,600000.0,171925.0,3.0,0.0,1.0,1.0,969631.0,1.0,0.0
1892782.7999999998,6.0,25.0,10000000.0,2000000.0,281307.0,8.0,2.0,2.0,0.0,33334.0,0.0,1.0
936480.0,2.0,50.0,5000000.0,2000000.0,369247.0,5.0,3.0,0.0,2.0,2023317.0,0.0,1.0
676800.0,6.0,32.0,2500000.0,800000.0,100592.0,4.0,1.0,0.0,2.0,1210000.0,0.0,1.0
1989384.0,10.0,46.0,5450000.0,2500000.0,169173.0,19.0,12.0,0.0,4.0,2106681.0,1.0,0.0
2546640.0,12.0,27.0,2380000.0,1085000.0,208164.0,7.0,0.0,1.0,1.0,576744.0,1.0,0.0
840000.0,8.0,36.0,2500000.0,1000000.0,96371.0,5.0,1.0,0.0,2.0,1068571.0,1.0,0.0
612391.2,10.0,43.0,1200000.0,100000051.0,52158.0,2.0,1.0,0.0,0.0,1000000.0,1.0,0.0
3188834.4,4.0,36.0,7000000.0,4000000.0,634306.0,12.0,7.0,0.0,0.0,941789.0,1.0,0.0
936592.7999999999,11.0,46.0,3100000.0,1550000.0,73369.0,5.0,4.0,0.0,0.0,961885.0,1.0,0.0
684600.0,6.0,54.0,3800000.0,900000.0,103156.0,7.0,4.0,1.0,1.0,908526.0,0.0,1.0
3984000.0,6.0,53.0,8000000.0,2000000.0,598921.0,4.0,3.0,0.0,0.0,950105.0,0.0,1.0
2849280.0,12.0,45.0,3000000.0,1100000.0,223146.0,5.0,3.0,0.0,1.0,908526.0,0.0,1.0
2132397.6,10.0,60.0,4000000.0,2000000.0,196905.0,4.0,2.0,0.0,0.0,1210000.0,0.0,1.0
1708800.0,12.0,31.0,1500000.0,400000.0,134084.0,10.0,5.0,0.0,1.0,1210000.0,0.0,1.0
878880.0,8.0,52.0,5000000.0,2000000.0,91585.0,8.0,5.0,0.0,1.0,923771.0,0.0,1.0
2919240.0,12.0,44.0,1350000.0,420000.0,202725.0,8.0,2.0,1.0,3.0,1118359.0,1.0,0.0
8875200.0,36.0,25.0,2610000.0,667000.0,337620.0,5.0,0.0,1.0,2.0,1017503.0,1.0,0.0
3295921.1999999997,24.0,37.0,3500000.0,1500000.0,146070.0,6.0,3.0,0.0,1.0,204470.0,1.0,0.0
576000.0,6.0,55.0,2870000.0,542000.0,86998.0,4.0,0.0,1.0,1.0,969508.0,1.0,0.0
3084340.8,10.0,53.0,3000000.0,2000000.0,262286.0,12.0,6.0,3.0,1.0,1210000.0,0.0,1.0
1269000.0,5.0,46.0,5000000.0,2000000.0,205870.0,15.0,5.0,0.0,6.0,1210000.0,1.0,0.0
2523480.0,12.0,34.0,3500000.0,1500000.0,198256.0,9.0,5.0,0.0,0.0,1210000.0,0.0,1.0
3859792.8,6.0,31.0,6000000.0,1800000.0,573646.0,5.0,3.0,0.0,0.0,7519139.0,0.0,1.0
926888.4,10.0,32.0,1500000.0,700000.0,78614.0,2.0,0.0,0.0,2.0,1210000.0,1.0,0.0
1643878.8,24.0,39.0,3605000.0,2100000.0,71855.0,8.0,5.0,0.0,0.0,1750000.0,0.0,1.0
1617840.0,24.0,67.0,1750000.0,153000.0,78325.0,2.0,1.0,0.0,1.0,992377.0,1.0,0.0
903240.0,8.0,25.0,1450000.0,150000.0,102536.0,2.0,1.0,0.0,0.0,1300000.0,1.0,0.0
3118370.4,3.0,36.0,1500000.0,800000.0,828358.0,2.0,0.0,0.0,1.0,1210000.0,0.0,1.0
717914.4,6.0,24.0,1800000.0,400000.0,106581.0,2.0,0.0,0.0,2.0,765364.0,1.0,0.0
3744000.0,36.0,26.0,2500000.0,15.0,130000.0,2.0,1.0,1.0,0.0,30285.0,1.0,0.0
845641.2,8.0,58.0,1800000.0,300000.0,96116.0,5.0,3.0,0.0,1.0,1210000.0,0.0,1.0
574800.0,6.0,47.0,1000000.0,0.0,86084.0,2.0,2.0,0.0,0.0,930303.0,1.0,0.0
2040000.0,24.0,43.0,4060000.0,550000.0,94528.0,3.0,0.0,2.0,1.0,1210000.0,0.0,1.0
630000.0,6.0,37.0,2500000.0,500000.0,94037.0,9.0,7.0,0.0,1.0,1210000.0,1.0,0.0
438230.39999999997,6.0,27.0,1500000.0,250000.0,65876.0,2.0,0.0,2.0,0.0,1210000.0,0.0,1.0
6960000.0,8.0,38.0,9875000.0,13224000.0,807187.0,12.0,6.0,0.0,5.0,975052.0,0.0,1.0
2520000.0,12.0,30.0,2000000.0,800000.0,199208.0,2.0,0.0,0.0,1.0,916148.0,1.0,0.0
3064280.4,6.0,68.0,1000000.0,22005000.0,461231.0,11.0,6.0,3.0,0.0,969508.0,0.0,1.0
1477080.0,12.0,52.0,2000000.0,500000.0,115901.0,3.0,0.0,1.0,1.0,1043556.0,1.0,0.0
1476518.4,10.0,31.0,1400000.0,900000.0,125429.0,4.0,4.0,0.0,0.0,1303625.0,1.0,0.0
878880.0,8.0,48.0,5000000.0,2000000.0,91704.0,7.0,4.0,0.0,1.0,939017.0,0.0,1.0
902713.2,10.0,42.0,3500000.0,1500000.0,76886.0,4.0,3.0,0.0,1.0,1210000.0,1.0,0.0
4398960.0,12.0,42.0,3000000.0,1400000.0,344511.0,4.0,0.0,0.0,0.0,2976032.0,1.0,0.0
2763960.0,8.0,53.0,5000000.0,2500000.0,313205.0,5.0,4.0,0.0,0.0,953982.0,0.0,1.0
840000.0,12.0,27.0,3000000.0,1800000.0,58333.0,4.0,3.0,0.0,0.0,1506646.0,1.0,0.0
6708000.0,12.0,47.0,3460000.0,1369000.0,548316.0,7.0,2.0,0.0,5.0,977131.0,1.0,0.0
2381401.1999999997,12.0,66.0,1720000.0,273000.0,192878.0,2.0,1.0,1.0,0.0,1210000.0,0.0,1.0
1993920.0,6.0,68.0,2100000.0,750000.0,296138.0,2.0,1.0,0.0,1.0,939017.0,1.0,0.0
1943761.2,6.0,41.0,1500000.0,700000.0,288504.0,1.0,1.0,0.0,0.0,908526.0,1.0,0.0
7074000.0,18.0,52.0,2300000.0,1000000.0,390831.0,6.0,2.0,0.0,1.0,2022735.0,1.0,0.0
936480.0,3.0,44.0,5000000.0,2000000.0,248522.0,18.0,17.0,0.0,1.0,1324352.0,0.0,1.0
3674400.0,6.0,20.0,3000000.0,200000.0,546277.0,0.0,0.0,0.0,0.0,954263.0,0.0,1.0
1037640.0,12.0,62.0,1700000.0,400000.0,82269.0,3.0,1.0,0.0,2.0,1291304.0,1.0,0.0
4369920.0,12.0,60.0,3500000.0,1000000.0,343320.0,16.0,7.0,2.0,3.0,1210000.0,1.0,0.0
1620060.0,8.0,66.0,1000000.0,365000.0,183480.0,4.0,2.0,0.0,2.0,975012.0,1.0,0.0
1852965.5999999999,10.0,40.0,1400000.0,800000.0,157573.0,3.0,3.0,0.0,0.0,1202583.0,1.0,0.0
3636000.0,6.0,37.0,15000000.0,5000000.0,544590.0,5.0,1.0,1.0,3.0,1100000.0,0.0,1.0
2112000.0,6.0,57.0,1100000.0,1177000.0,316301.0,11.0,1.0,0.0,8.0,1000000.0,1.0,0.0
600000.0,18.0,43.0,2300000.0,1500000.0,33268.0,4.0,2.0,0.0,1.0,688965.0,0.0,1.0
2006520.0,8.0,67.0,3000000.0,700000.0,231318.0,4.0,1.0,2.0,1.0,988052.0,1.0,0.0
1771927.2,8.0,55.0,1000000.0,500000.0,201382.0,9.0,1.0,0.0,7.0,1210000.0,0.0,1.0
3063524.4,10.0,33.0,4000000.0,2000000.0,260516.0,3.0,1.0,0.0,1.0,3569564.0,1.0,0.0
1992000.0,6.0,47.0,2500000.0,1000000.0,296872.0,3.0,2.0,0.0,1.0,1210000.0,1.0,0.0
606363.6,6.0,48.0,2120000.0,230000.0,91125.0,4.0,0.0,0.0,4.0,988243.0,1.0,0.0
2658963.6,10.0,44.0,3000000.0,2000000.0,226469.0,2.0,0.0,0.0,2.0,1210000.0,1.0,0.0
3804502.8,9.0,37.0,3000000.0,1500000.0,355648.0,3.0,0.0,2.0,0.0,2840155.0,1.0,0.0
1297773.5999999999,12.0,45.0,3000000.0,1200000.0,104661.0,12.0,5.0,0.0,7.0,1210000.0,0.0,1.0
2591880.0,12.0,43.0,1500000.0,600000.0,203629.0,10.0,2.0,0.0,5.0,983870.0,1.0,0.0
1908892.7999999998,9.0,37.0,2000000.0,900000.0,178445.0,5.0,3.0,0.0,2.0,1305583.0,1.0,0.0
2400000.0,20.0,31.0,2500000.0,600000.0,121740.0,7.0,3.0,1.0,1.0,2550751.0,1.0,0.0
3929058.0,9.0,28.0,4000000.0,2000000.0,368346.0,4.0,3.0,0.0,0.0,1600000.0,0.0,1.0
1611570.0,12.0,57.0,2981000.0,0.0,134114.0,2.0,1.0,0.0,0.0,1000000.0,0.0,1.0
1680000.0,6.0,44.0,3400000.0,1500000.0,250767.0,4.0,1.0,0.0,1.0,1500000.0,0.0,1.0
3203499.6,10.0,28.0,1500000.0,1000000.0,271706.0,2.0,0.0,0.0,1.0,908526.0,1.0,0.0
5599999.2,6.0,27.0,2160000.0,526000.0,842904.0,9.0,5.0,0.0,3.0,939017.0,0.0,1.0
2028240.0,12.0,43.0,6000000.0,2000000.0,159628.0,7.0,2.0,1.0,1.0,939017.0,0.0,1.0
6624000.0,6.0,42.0,12392000.0,8788000.0,997035.0,11.0,3.0,3.0,1.0,908526.0,1.0,0.0
3568904.4,10.0,36.0,4000000.0,2000000.0,304607.0,3.0,2.0,0.0,0.0,1210000.0,1.0,0.0
3724999.1999999997,6.0,64.0,7000000.0,3000000.0,553641.0,5.0,2.0,0.0,0.0,931394.0,0.0,1.0
5398018.8,18.0,24.0,4050000.0,500000.0,298767.0,4.0,2.0,0.0,0.0,3335555.0,1.0,0.0
3856044.0,10.0,36.0,6210000.0,5876000.0,341617.0,21.0,10.0,0.0,7.0,1210000.0,0.0,1.0
5171038.8,24.0,26.0,4100000.0,2000000.0,225190.0,5.0,4.0,0.0,0.0,3476479.0,1.0,0.0
4345620.0,12.0,27.0,2946860.0,1780000.0,340277.0,3.0,2.0,0.0,0.0,3005552.0,1.0,0.0
5493334.8,2.0,122.0,29000000.0,980000.0,2165346.0,0.0,0.0,0.0,0.0,1210000.0,1.0,0.0
2160000.0,6.0,48.0,1100000.0,400000.0,323490.0,14.0,7.0,0.0,4.0,941789.0,1.0,0.0
3447360.0,6.0,32.0,6000000.0,2000000.0,512027.0,6.0,3.0,0.0,3.0,1300000.0,0.0,1.0
1604400.0,2.0,64.0,4000000.0,2000000.0,632417.0,4.0,2.0,0.0,1.0,916148.0,0.0,1.0
7548960.0,36.0,38.0,18490000.0,5276000.0,254695.0,5.0,5.0,0.0,0.0,4660556.0,1.0,0.0
3672000.0,8.0,52.0,5000000.0,1500000.0,417180.0,2.0,0.0,0.0,2.0,904895.0,0.0,1.0
821788.7999999999,9.0,49.0,5000000.0,3000000.0,77042.0,7.0,3.0,1.0,1.0,954263.0,0.0,1.0
4473715.2,10.0,122.0,20279182.0,6229738.0,379440.0,0.0,0.0,0.0,0.0,1210000.0,1.0,0.0
1498992.0,8.0,28.0,5000000.0,2000000.0,156408.0,20.0,4.0,2.0,9.0,1100000.0,0.0,1.0
3399600.0,24.0,32.0,3170738.0,1498000.0,118042.0,9.0,2.0,3.0,2.0,3538110.0,1.0,0.0
4253160.0,12.0,58.0,3800000.0,750000.0,295358.0,9.0,6.0,0.0,0.0,1241604.0,1.0,0.0
2484660.0,12.0,37.0,1600000.0,300000.0,195190.0,5.0,3.0,0.0,2.0,1453278.0,1.0,0.0
2640000.0,36.0,32.0,1820000.0,331000.0,99249.0,2.0,1.0,1.0,0.0,1146250.0,1.0,0.0
2448000.0,6.0,30.0,3000000.0,1500000.0,363578.0,5.0,4.0,0.0,0.0,863410.0,0.0,1.0
878880.0,9.0,60.0,2500000.0,1500000.0,82198.0,0.0,0.0,0.0,0.0,1210000.0,1.0,0.0
1697199.5999999999,10.0,38.0,4000000.0,2000000.0,143949.0,2.0,0.0,0.0,1.0,1148719.0,1.0,0.0
2823630.0,10.0,37.0,6000000.0,3500000.0,239487.0,2.0,1.0,0.0,0.0,2521454.0,1.0,0.0
1269000.0,11.0,50.0,3000000.0,1450000.0,98901.0,9.0,5.0,0.0,1.0,470930.0,1.0,0.0
2009880.0,12.0,31.0,1100000.0,450000.0,139575.0,1.0,1.0,0.0,0.0,924166.0,1.0,0.0
3960000.0,12.0,43.0,1500000.0,100000.0,313006.0,5.0,0.0,0.0,3.0,925157.0,0.0,1.0
1871880.0,12.0,30.0,1000000.0,600000.0,129992.0,3.0,1.0,0.0,1.0,1214013.0,1.0,0.0
1776000.0,12.0,59.0,16500000.0,4000000.0,140394.0,8.0,6.0,0.0,1.0,17232233.0,1.0,0.0
702000.0,12.0,28.0,1588000.0,0.0,55106.0,3.0,0.0,1.0,2.0,1208221.0,1.0,0.0
2849280.0,8.0,50.0,5000000.0,750000.0,322884.0,8.0,1.0,1.0,2.0,1210000.0,0.0,1.0
2569764.0,10.0,50.0,5220000.0,1574000.0,222787.0,9.0,5.0,0.0,0.0,1000000.0,1.0,0.0
996000.0,6.0,48.0,2000000.0,350000.0,148669.0,2.0,1.0,0.0,0.0,1210000.0,1.0,0.0
2400000.0,12.0,40.0,2500000.0,300000.0,188398.0,5.0,3.0,0.0,0.0,908526.0,0.0,1.0
1163880.0,6.0,42.0,3500000.0,600000.0,172986.0,6.0,2.0,0.0,1.0,3117480.0,1.0,0.0
1884840.0,10.0,29.0,1200000.0,300000.0,174231.0,7.0,4.0,1.0,1.0,1117465.0,1.0,0.0
871080.0,8.0,29.0,1000000.0,200000.0,98971.0,3.0,2.0,0.0,1.0,1210000.0,0.0,1.0
1335240.0,6.0,44.0,2800000.0,800000.0,198184.0,4.0,2.0,0.0,0.0,1210000.0,1.0,0.0
6968400.0,36.0,32.0,2440000.0,1847000.0,254211.0,8.0,4.0,2.0,1.0,1817545.0,1.0,0.0
634800.0,6.0,35.0,2500000.0,350000.0,94600.0,4.0,0.0,0.0,3.0,1135333.0,1.0,0.0
4260000.0,24.0,51.0,2500000.0,700000.0,189825.0,6.0,2.0,0.0,4.0,2248615.0,1.0,0.0
3011542.8,10.0,60.0,8000000.0,3800000.0,256499.0,3.0,3.0,0.0,0.0,1210000.0,1.0,0.0
1638000.0,10.0,31.0,1871000.0,1133000.0,155561.0,9.0,6.0,0.0,3.0,1210000.0,1.0,0.0
3135600.0,30.0,48.0,5900000.0,1328000.0,121538.0,4.0,1.0,2.0,0.0,3071044.0,1.0,0.0
1582680.0,12.0,66.0,7000000.0,2100000.0,123950.0,14.0,10.0,0.0,2.0,1210000.0,1.0,0.0
1277478.0,10.0,57.0,4000000.0,2500000.0,108464.0,1.0,1.0,0.0,0.0,919960.0,0.0,1.0
846420.0,6.0,68.0,1300000.0,300000.0,125544.0,1.0,1.0,0.0,0.0,916148.0,1.0,0.0
1887316.7999999998,10.0,42.0,2800000.0,1000000.0,160073.0,8.0,4.0,2.0,0.0,2568182.0,1.0,0.0
750708.0,8.0,52.0,4000000.0,2000000.0,78060.0,11.0,5.0,0.0,4.0,1210000.0,0.0,1.0
1380000.0,8.0,43.0,1200000.0,500000.0,156520.0,8.0,0.0,3.0,1.0,853001.0,1.0,0.0
960000.0,6.0,58.0,5000000.0,2000000.0,142724.0,7.0,1.0,3.0,2.0,1210000.0,1.0,0.0
1200000.0,12.0,34.0,2000000.0,350000.0,96359.0,8.0,1.0,3.0,4.0,1567266.0,1.0,0.0
1424618.4,9.0,47.0,2000000.0,800000.0,133493.0,12.0,7.0,0.0,5.0,1110584.0,1.0,0.0
3103392.0,5.0,47.0,4000000.0,2000000.0,503464.0,12.0,9.0,0.0,1.0,1590909.0,0.0,1.0
1968000.0,6.0,54.0,1870000.0,316000.0,299737.0,3.0,0.0,0.0,3.0,908526.0,0.0,1.0
1860046.8,18.0,37.0,1750000.0,120000.0,102827.0,3.0,1.0,1.0,0.0,908526.0,1.0,0.0
382680.0,6.0,33.0,1763000.0,509000.0,58440.0,4.0,1.0,1.0,1.0,1533204.0,0.0,1.0
1235988.0,12.0,52.0,5000000.0,1000000.0,85833.0,12.0,9.0,0.0,1.0,1210000.0,0.0,1.0
1702026.0,12.0,24.0,2000000.0,150000.0,133543.0,5.0,0.0,1.0,4.0,1800900.0,1.0,0.0
910080.0,12.0,61.0,1300000.0,200000.0,71322.0,5.0,2.0,1.0,1.0,1210000.0,0.0,1.0
3600000.0,6.0,68.0,5000000.0,1000000.0,533411.0,6.0,3.0,0.0,1.0,916148.0,0.0,1.0
3393390.0,24.0,45.0,4500000.0,400000.0,149172.0,9.0,5.0,2.0,1.0,2659205.0,1.0,0.0
2616000.0,6.0,33.0,3001000.0,1322000.0,393757.0,4.0,3.0,0.0,0.0,2917368.0,1.0,0.0
1391880.0,24.0,23.0,1250000.0,300000.0,60988.0,4.0,2.0,0.0,0.0,1244753.0,1.0,0.0
2100493.1999999997,9.0,60.0,3500000.0,2000000.0,196450.0,10.0,7.0,0.0,1.0,1210000.0,1.0,0.0
1438560.0,6.0,40.0,4000000.0,1000000.0,213811.0,4.0,3.0,0.0,0.0,925157.0,0.0,1.0
3484800.0,12.0,45.0,3000000.0,800000.0,273781.0,13.0,4.0,1.0,2.0,1119218.0,0.0,1.0
3600000.0,12.0,25.0,1700000.0,350000.0,282635.0,0.0,0.0,0.0,0.0,1530220.0,1.0,0.0
7200000.0,12.0,54.0,1800000.0,500000.0,565663.0,8.0,4.0,2.0,1.0,1280390.0,1.0,0.0
1200000.0,12.0,33.0,3600000.0,950000.0,94277.0,8.0,4.0,1.0,2.0,3255243.0,1.0,0.0
1103880.0,6.0,34.0,4600000.0,1000000.0,153317.0,4.0,1.0,0.0,1.0,4482369.0,1.0,0.0
2986800.0,8.0,37.0,3900000.0,1300000.0,338310.0,8.0,6.0,0.0,0.0,3855155.0,1.0,0.0
1895880.0,12.0,36.0,2500000.0,600000.0,131658.0,3.0,1.0,0.0,0.0,908526.0,0.0,1.0
1548372.0,12.0,39.0,1500000.0,800000.0,121647.0,5.0,1.0,0.0,1.0,944666.0,0.0,1.0
3346236.0,10.0,52.0,4000000.0,3000000.0,284856.0,3.0,2.0,0.0,0.0,1740479.0,1.0,0.0
3594000.0,10.0,33.0,12000000.0,5000000.0,331333.0,8.0,5.0,0.0,0.0,1210000.0,0.0,1.0
2127872.4,10.0,34.0,1200000.0,200000.0,181140.0,2.0,1.0,0.0,0.0,1210000.0,1.0,0.0
2708160.0,6.0,37.0,5000000.0,2500000.0,401946.0,8.0,6.0,0.0,1.0,6985072.0,1.0,0.0
819600.0,12.0,26.0,1408672.0,435000.0,66101.0,4.0,3.0,0.0,1.0,1235261.0,1.0,0.0
4080000.0,6.0,37.0,20000000.0,14000000.0,605991.0,10.0,8.0,0.0,1.0,1210000.0,1.0,0.0
1350000.0,18.0,32.0,1832000.0,396000.0,83049.0,2.0,0.0,2.0,0.0,677778.0,1.0,0.0
1699479.5999999999,12.0,31.0,1400000.0,500000.0,133740.0,4.0,3.0,0.0,1.0,30285.0,1.0,0.0
1080000.0,6.0,57.0,4200000.0,900000.0,160555.0,11.0,5.0,0.0,1.0,1210000.0,1.0,0.0
509400.0,8.0,52.0,2000000.0,400000.0,58198.0,2.0,0.0,1.0,0.0,1090014.0,1.0,0.0
2364860.4,9.0,36.0,3100000.0,2200000.0,221704.0,1.0,1.0,0.0,0.0,1326666.0,1.0,0.0
3068128.8,11.0,50.0,2400000.0,800000.0,238709.0,18.0,8.0,1.0,3.0,916148.0,1.0,0.0
1084186.8,2.0,50.0,4000000.0,1500000.0,427173.0,9.0,4.0,0.0,1.0,1210000.0,0.0,1.0
3111064.8,24.0,41.0,2600000.0,100000.0,138629.0,7.0,3.0,2.0,2.0,1198083.0,1.0,0.0
948000.0,8.0,22.0,1600000.0,0.0,109288.0,3.0,0.0,0.0,2.0,1272381.0,1.0,0.0
3625947.6,12.0,67.0,4000000.0,1300000.0,285373.0,7.0,4.0,0.0,1.0,941789.0,1.0,0.0
3978908.4,10.0,36.0,2800000.0,2608000.0,342272.0,11.0,6.0,0.0,2.0,2100000.0,1.0,0.0
2069340.0,8.0,42.0,4000000.0,700000.0,234391.0,4.0,4.0,0.0,0.0,6383924.0,1.0,0.0
2418000.0,6.0,36.0,4184615.0,0.0,365212.0,2.0,1.0,1.0,0.0,4184615.0,1.0,0.0
768000.0,6.0,49.0,15000000.0,4000000.0,113991.0,3.0,1.0,1.0,0.0,1210000.0,0.0,1.0
3431143.1999999997,11.0,57.0,4000000.0,1500000.0,267714.0,6.0,4.0,0.0,1.0,1210000.0,0.0,1.0
677502.0,10.0,37.0,2800000.0,1000000.0,57674.0,9.0,2.0,1.0,3.0,1210000.0,0.0,1.0
2481000.0,18.0,47.0,2500000.0,700000.0,137059.0,1.0,0.0,0.0,1.0,908526.0,1.0,0.0
1281168.0,12.0,44.0,1300000.0,700000.0,100571.0,6.0,3.0,0.0,3.0,908526.0,1.0,0.0
2744280.0,6.0,33.0,5200000.0,2000000.0,381150.0,1.0,1.0,0.0,0.0,3397409.0,1.0,0.0
1667353.2,9.0,39.0,3500000.0,1250000.0,155865.0,14.0,11.0,0.0,0.0,923771.0,0.0,1.0
1994400.0,6.0,68.0,4000000.0,1500000.0,296223.0,4.0,3.0,0.0,0.0,1210000.0,0.0,1.0
3504000.0,8.0,34.0,5000000.0,1500000.0,396550.0,4.0,1.0,0.0,2.0,1210000.0,0.0,1.0
1920000.0,12.0,28.0,2100000.0,400000.0,150718.0,5.0,3.0,0.0,1.0,1424779.0,1.0,0.0
6540300.0,12.0,47.0,8000000.0,800000.0,513792.0,5.0,1.0,0.0,2.0,1210000.0,0.0,1.0
7646400.0,12.0,54.0,7000000.0,3000000.0,600685.0,12.0,9.0,0.0,1.0,1210000.0,0.0,1.0
4872000.0,36.0,41.0,8000000.0,1000000.0,157700.0,14.0,7.0,0.0,6.0,1210000.0,0.0,1.0
1200000.0,6.0,68.0,4000000.0,2500000.0,178476.0,4.0,1.0,0.0,0.0,1210000.0,1.0,0.0
1672112.4,12.0,46.0,2300000.0,690000.0,131260.0,2.0,0.0,1.0,1.0,905965.0,0.0,1.0
1500000.0,12.0,33.0,1500000.0,300000.0,120970.0,2.0,0.0,0.0,1.0,2667705.0,0.0,1.0
616455.6,12.0,45.0,3500000.0,1500000.0,42809.0,3.0,2.0,0.0,0.0,931394.0,1.0,0.0
3217939.1999999997,11.0,49.0,4320000.0,1010000.0,264132.0,3.0,1.0,0.0,0.0,1210000.0,0.0,1.0
2537650.8,36.0,29.0,4600000.0,1000000.0,82169.0,5.0,4.0,0.0,0.0,3671414.0,1.0,0.0
865680.0,8.0,42.0,3490000.0,2022000.0,99957.0,11.0,4.0,0.0,7.0,1770902.0,1.0,0.0
1618680.0,12.0,51.0,1000000.0,200000.0,127381.0,2.0,2.0,0.0,0.0,1121167.0,1.0,0.0
684600.0,12.0,48.0,3800000.0,1150000.0,53718.0,1.0,1.0,0.0,0.0,726821.0,0.0,1.0
1253880.0,6.0,24.0,2500000.0,300000.0,186108.0,3.0,1.0,0.0,0.0,1210000.0,0.0,1.0
2090760.0,12.0,28.0,1500000.0,400000.0,163741.0,6.0,2.0,0.0,1.0,1949111.0,1.0,0.0
1891348.7999999998,10.0,48.0,5000000.0,3000000.0,160415.0,16.0,6.0,3.0,2.0,9564882.0,1.0,0.0
4464000.0,12.0,63.0,8000000.0,3200000.0,350682.0,4.0,4.0,0.0,0.0,923771.0,0.0,1.0
1920961.2,6.0,31.0,2000000.0,200000.0,286734.0,1.0,1.0,0.0,0.0,2091000.0,1.0,0.0
5712000.0,6.0,42.0,15000000.0,6000000.0,846257.0,13.0,7.0,1.0,4.0,2285467.0,0.0,1.0
2764056.0,9.0,55.0,10400000.0,51514000.0,271531.0,7.0,2.0,3.0,0.0,1210000.0,0.0,1.0
821760.0,6.0,41.0,3600000.0,2878000.0,125367.0,12.0,7.0,1.0,2.0,1210000.0,1.0,0.0
1247500.8,9.0,47.0,3000000.0,1500000.0,116506.0,13.0,9.0,2.0,1.0,2319300.0,0.0,1.0
612000.0,6.0,27.0,1000000.0,200000.0,90857.0,4.0,3.0,0.0,1.0,2000000.0,1.0,0.0
670200.0,2.0,55.0,5000000.0,2000000.0,264488.0,6.0,5.0,0.0,1.0,1101671.0,0.0,1.0
1680000.0,12.0,46.0,4000000.0,1500000.0,131988.0,7.0,1.0,3.0,0.0,878310.0,1.0,0.0
1800000.0,6.0,34.0,4000000.0,900000.0,268258.0,4.0,2.0,1.0,0.0,1210000.0,0.0,1.0
3444000.0,24.0,28.0,2400000.0,600000.0,150711.0,2.0,1.0,0.0,1.0,2290029.0,1.0,0.0
1560000.0,6.0,52.0,2000000.0,400000.0,216667.0,4.0,1.0,0.0,2.0,1210000.0,0.0,1.0
637140.0,6.0,45.0,2000000.0,500000.0,94469.0,7.0,5.0,0.0,0.0,1739093.0,1.0,0.0
4664594.399999999,11.0,31.0,2000000.0,1000000.0,363954.0,4.0,0.0,0.0,3.0,939017.0,0.0,1.0
600000.0,6.0,67.0,2000000.0,497000.0,90174.0,2.0,1.0,0.0,1.0,1210000.0,0.0,1.0
4943040.0,24.0,35.0,3200000.0,800000.0,217085.0,4.0,2.0,0.0,0.0,925157.0,1.0,0.0
3275761.1999999997,12.0,44.0,3000000.0,900000.0,227483.0,3.0,0.0,1.0,0.0,1210000.0,1.0,0.0
1845480.0,24.0,36.0,1300000.0,400000.0,81110.0,6.0,4.0,2.0,0.0,1167190.0,1.0,0.0
3196611.6,12.0,48.0,4500000.0,1000000.0,251867.0,6.0,2.0,0.0,2.0,1210000.0,0.0,1.0
1256640.0,11.0,43.0,5718000.0,2065000.0,103836.0,3.0,1.0,0.0,0.0,523776.0,1.0,0.0
3186720.0,12.0,28.0,3000000.0,500000.0,249573.0,6.0,2.0,0.0,1.0,2218110.0,1.0,0.0
1042684.7999999999,10.0,35.0,4630000.0,1271000.0,90396.0,5.0,4.0,0.0,1.0,1210000.0,1.0,0.0
2076000.0,6.0,40.0,3000000.0,1000000.0,308343.0,4.0,2.0,0.0,1.0,1210000.0,0.0,1.0
2835538.8,24.0,35.0,1700000.0,400000.0,124244.0,6.0,2.0,0.0,2.0,1497318.0,1.0,0.0
3191760.0,12.0,36.0,1000000.0,400000.0,221650.0,2.0,0.0,0.0,2.0,908526.0,1.0,0.0
1897920.0,12.0,29.0,1500000.0,400000.0,148730.0,3.0,0.0,0.0,3.0,32650.0,0.0,1.0
1108800.0,6.0,37.0,3000000.0,900000.0,165247.0,2.0,1.0,0.0,1.0,870265.0,0.0,1.0
8153115.6,5.0,122.0,38062010.0,20671524.0,1323066.0,0.0,0.0,0.0,0.0,1210000.0,1.0,0.0
3483885.6,10.0,55.0,3680000.0,692000.0,307236.0,6.0,4.0,0.0,0.0,2187663.0,0.0,1.0
1333081.2,12.0,32.0,2000000.0,400000.0,104602.0,9.0,4.0,3.0,2.0,1566753.0,1.0,0.0
886680.0,12.0,48.0,1500000.0,300000.0,69570.0,4.0,3.0,0.0,1.0,1210000.0,1.0,0.0
678619.2,12.0,59.0,2000000.0,600000.0,53645.0,5.0,4.0,0.0,0.0,1668500.0,1.0,0.0
3117240.0,10.0,45.0,3000000.0,1200000.0,288457.0,2.0,1.0,0.0,0.0,1823208.0,1.0,0.0
1136520.0,6.0,24.0,1200000.0,250000.0,168512.0,6.0,2.0,0.0,3.0,1210000.0,1.0,0.0
2438280.0,36.0,60.0,3600000.0,1200000.0,78838.0,2.0,1.0,0.0,0.0,1210000.0,1.0,0.0
4676400.0,6.0,29.0,4000000.0,1000000.0,694072.0,11.0,7.0,0.0,1.0,1751666.0,1.0,0.0
1924441.2,12.0,34.0,4500000.0,800000.0,151380.0,5.0,3.0,0.0,0.0,5210807.0,1.0,0.0
2245152.0,12.0,38.0,4500000.0,2000000.0,176681.0,12.0,7.0,0.0,2.0,1210000.0,0.0,1.0
1311600.0,6.0,51.0,3800000.0,1800000.0,196448.0,5.0,0.0,2.0,1.0,1210000.0,0.0,1.0
2894845.1999999997,6.0,55.0,6000000.0,2500000.0,428928.0,6.0,4.0,0.0,1.0,939249.0,0.0,1.0
3096000.0,12.0,50.0,7000000.0,2000000.0,244741.0,5.0,3.0,0.0,0.0,30285.0,0.0,1.0
7872000.0,8.0,35.0,15000000.0,7000000.0,894406.0,5.0,2.0,2.0,1.0,920115.0,0.0,1.0
465460.8,2.0,29.0,3000000.0,1000000.0,183393.0,7.0,0.0,0.0,4.0,1210000.0,0.0,1.0
1886259.5999999999,10.0,58.0,5000000.0,2000000.0,160236.0,13.0,10.0,0.0,1.0,2113531.0,1.0,0.0
806400.0,6.0,55.0,3500000.0,510000.0,121220.0,5.0,1.0,2.0,1.0,954263.0,0.0,1.0
5184720.0,12.0,31.0,6000000.0,3000000.0,406827.0,3.0,2.0,0.0,0.0,2500000.0,1.0,0.0
1761702.0,5.0,29.0,4685833.0,861000.0,286549.0,5.0,4.0,0.0,1.0,6425333.0,1.0,0.0
1355330.4,3.0,60.0,3000000.0,2500000.0,359607.0,21.0,18.0,0.0,3.0,13750000.0,1.0,0.0
1415880.0,6.0,49.0,5390000.0,2638000.0,213851.0,5.0,0.0,2.0,3.0,5861427.0,1.0,0.0
2523660.0,6.0,58.0,4000000.0,1000000.0,374576.0,3.0,1.0,0.0,0.0,4967330.0,1.0,0.0
762480.0,10.0,39.0,2000000.0,700000.0,70367.0,6.0,1.0,0.0,4.0,1790065.0,1.0,0.0
2040000.0,6.0,46.0,12000000.0,9000000.0,305518.0,10.0,4.0,3.0,2.0,1210000.0,0.0,1.0
2298240.0,8.0,23.0,1700000.0,680000.0,262028.0,8.0,2.0,0.0,4.0,558500.0,1.0,0.0
1631880.0,6.0,41.0,2300000.0,650000.0,242599.0,2.0,1.0,0.0,0.0,1210000.0,1.0,0.0
720000.0,12.0,35.0,2500000.0,500000.0,56527.0,7.0,2.0,0.0,4.0,908526.0,1.0,0.0
2152680.0,12.0,57.0,3500000.0,1000000.0,169404.0,5.0,2.0,0.0,2.0,939017.0,0.0,1.0
6350404.8,10.0,25.0,5000000.0,1800000.0,540026.0,7.0,4.0,1.0,0.0,1290000.0,0.0,1.0
2117880.0,12.0,45.0,1400000.0,600000.0,166172.0,6.0,3.0,0.0,1.0,908526.0,1.0,0.0
1269000.0,9.0,40.0,4000000.0,2000000.0,118514.0,16.0,8.0,2.0,3.0,916148.0,0.0,1.0
1989240.0,6.0,42.0,3000000.0,950000.0,295456.0,4.0,2.0,0.0,1.0,1210000.0,1.0,0.0
3363643.1999999997,10.0,33.0,5000000.0,1150000.0,285289.0,4.0,1.0,0.0,3.0,1210000.0,0.0,1.0
480000.0,6.0,45.0,2000000.0,1200000.0,71293.0,1.0,0.0,0.0,1.0,151421.0,0.0,1.0
1200000.0,6.0,38.0,3800000.0,1800000.0,179733.0,12.0,0.0,1.0,10.0,1210000.0,0.0,1.0
1700290.8,9.0,49.0,7000000.0,4000000.0,159173.0,12.0,11.0,0.0,1.0,6800909.0,1.0,0.0
1105800.0,6.0,34.0,3500000.0,500000.0,163957.0,4.0,3.0,0.0,1.0,1210000.0,1.0,0.0
1542840.0,12.0,58.0,3000000.0,1200000.0,121061.0,2.0,0.0,0.0,1.0,1210000.0,0.0,1.0
1559880.0,24.0,25.0,1300000.0,150000.0,68192.0,4.0,2.0,0.0,2.0,1140925.0,1.0,0.0
767424.0,9.0,36.0,3000000.0,1000000.0,71568.0,10.0,7.0,0.0,2.0,3673296.0,1.0,0.0
1349760.0,6.0,51.0,2200000.0,1200000.0,200476.0,6.0,2.0,1.0,3.0,1901882.0,1.0,0.0
3118800.0,8.0,30.0,5100000.0,2000000.0,360623.0,6.0,2.0,0.0,2.0,4560770.0,1.0,0.0
2244660.0,6.0,28.0,2890000.0,1522000.0,341325.0,2.0,1.0,0.0,0.0,1433800.0,1.0,0.0
1143631.2,10.0,48.0,4500000.0,2000000.0,97099.0,7.0,2.0,2.0,3.0,923771.0,0.0,1.0
780643.2,11.0,37.0,2000000.0,1000000.0,60736.0,5.0,3.0,0.0,2.0,2307802.0,1.0,0.0
1466160.0,6.0,46.0,1600000.0,0.0,217616.0,7.0,5.0,0.0,0.0,908526.0,1.0,0.0
4243200.0,6.0,42.0,2990000.0,4048000.0,640883.0,10.0,6.0,0.0,1.0,977131.0,0.0,1.0
2280000.0,24.0,37.0,3500000.0,1800000.0,99660.0,5.0,3.0,0.0,1.0,916841.0,0.0,1.0
1185660.0,11.0,38.0,5000000.0,2000000.0,92406.0,10.0,7.0,0.0,2.0,1210000.0,0.0,1.0
5625000.0,6.0,51.0,5690000.0,1997000.0,846667.0,4.0,2.0,0.0,1.0,1583333.0,0.0,1.0
2918041.1999999997,12.0,62.0,1400000.0,300000.0,229539.0,5.0,3.0,0.0,0.0,1210000.0,1.0,0.0
752400.0,6.0,39.0,3000000.0,1000000.0,111752.0,6.0,2.0,0.0,1.0,917735.0,1.0,0.0
2503080.0,12.0,31.0,9000000.0,1500000.0,173825.0,8.0,4.0,0.0,2.0,908526.0,1.0,0.0
878880.0,5.0,42.0,5500000.0,2000000.0,142539.0,5.0,3.0,0.0,1.0,923771.0,0.0,1.0
2245200.0,6.0,45.0,3500000.0,500000.0,333777.0,4.0,1.0,0.0,1.0,3755914.0,1.0,0.0
3360000.0,6.0,43.0,2960000.0,810000.0,509214.0,5.0,4.0,0.0,0.0,954263.0,0.0,1.0
5245360.8,6.0,61.0,10000000.0,0.0,779834.0,4.0,2.0,0.0,1.0,1174010.0,0.0,1.0
2199240.0,24.0,43.0,2600000.0,1000000.0,96130.0,7.0,4.0,0.0,3.0,2559519.0,1.0,0.0
3300000.0,12.0,58.0,2180000.0,0.0,276271.0,0.0,0.0,0.0,0.0,954263.0,1.0,0.0
1379881.2,12.0,60.0,2700000.0,800000.0,108589.0,4.0,2.0,0.0,0.0,3253972.0,1.0,0.0
1302892.8,10.0,30.0,2700000.0,1700000.0,110795.0,2.0,1.0,0.0,0.0,1396543.0,1.0,0.0
2988000.0,12.0,49.0,2800000.0,800000.0,234750.0,9.0,5.0,0.0,0.0,1210000.0,0.0,1.0
2962020.0,6.0,55.0,12000000.0,2000000.0,439439.0,1.0,1.0,0.0,0.0,908526.0,1.0,0.0
1693200.0,12.0,51.0,1600000.0,600000.0,132694.0,0.0,0.0,0.0,0.0,1210000.0,0.0,1.0
3115440.0,36.0,34.0,2668000.0,279000.0,115083.0,9.0,5.0,0.0,3.0,3111556.0,1.0,0.0
3028440.0,6.0,53.0,4700000.0,1500000.0,453551.0,6.0,4.0,1.0,0.0,1210000.0,1.0,0.0
2244000.0,12.0,32.0,2167000.0,200000.0,176067.0,3.0,1.0,0.0,1.0,2341785.0,1.0,0.0
5373480.0,12.0,37.0,3200000.0,2000000.0,373158.0,15.0,13.0,0.0,0.0,916148.0,1.0,0.0
1440000.0,12.0,48.0,3500000.0,1200000.0,113332.0,10.0,4.0,0.0,1.0,1210000.0,0.0,1.0
2304456.0,6.0,58.0,4440000.0,249000.0,341681.0,3.0,1.0,0.0,0.0,1210000.0,1.0,0.0
3051660.0,12.0,36.0,5000000.0,2000000.0,238995.0,2.0,1.0,0.0,0.0,6038669.0,1.0,0.0
1314000.0,12.0,64.0,2500000.0,1500000.0,103162.0,2.0,1.0,1.0,0.0,2137895.0,1.0,0.0
1070280.0,8.0,57.0,1200000.0,400000.0,121604.0,4.0,1.0,0.0,2.0,981370.0,1.0,0.0
770280.0,6.0,50.0,1907000.0,585000.0,116341.0,10.0,4.0,0.0,2.0,928571.0,0.0,1.0
2564640.0,6.0,38.0,5000000.0,2000000.0,380902.0,7.0,5.0,0.0,2.0,2706429.0,1.0,0.0
841200.0,8.0,29.0,2800000.0,1000000.0,95576.0,8.0,1.0,0.0,5.0,1210000.0,1.0,0.0
3647880.0,6.0,45.0,9500000.0,1943000.0,550967.0,7.0,3.0,0.0,1.0,5792500.0,0.0,1.0
2672038.8,12.0,38.0,3500000.0,1000000.0,209652.0,5.0,4.0,0.0,0.0,908600.0,1.0,0.0
2572680.0,24.0,46.0,3000000.0,300000.0,112709.0,12.0,5.0,0.0,5.0,1210000.0,0.0,1.0
2998800.0,5.0,52.0,36000000.0,30000000.0,486354.0,15.0,11.0,3.0,1.0,15588182.0,0.0,1.0
3170040.0,12.0,37.0,2500000.0,400000.0,220142.0,5.0,2.0,0.0,0.0,1446083.0,1.0,0.0
1452000.0,18.0,42.0,1700000.0,600000.0,80269.0,7.0,3.0,0.0,3.0,908526.0,1.0,0.0
2841360.0,18.0,28.0,2000000.0,500000.0,157542.0,4.0,3.0,0.0,0.0,1069811.0,1.0,0.0
1269000.0,9.0,63.0,4000000.0,2000000.0,118514.0,17.0,6.0,0.0,8.0,29261.0,1.0,0.0
2340000.0,24.0,24.0,2500000.0,500000.0,103705.0,2.0,2.0,0.0,0.0,1080608.0,1.0,0.0
1625923.2,24.0,43.0,2520000.0,906000.0,77457.0,4.0,1.0,1.0,0.0,1210000.0,0.0,1.0
2003790.0,11.0,67.0,15500000.0,11300000.0,157775.0,12.0,10.0,0.0,0.0,1210000.0,0.0,1.0
1937880.0,12.0,42.0,1600000.0,600000.0,153628.0,7.0,3.0,0.0,2.0,1766942.0,1.0,0.0
3156720.0,36.0,39.0,1900000.0,200000.0,106550.0,4.0,1.0,2.0,0.0,1932273.0,1.0,0.0
1875144.0,6.0,57.0,1000000.0,200000.0,278129.0,6.0,5.0,0.0,0.0,1210000.0,0.0,1.0
490320.0,6.0,55.0,1200000.0,500000.0,72776.0,6.0,0.0,0.0,6.0,1210000.0,0.0,1.0
1290000.0,12.0,31.0,3000000.0,1200000.0,101474.0,3.0,1.0,0.0,0.0,1210000.0,0.0,1.0
1649280.0,6.0,29.0,1400000.0,300000.0,244538.0,2.0,2.0,0.0,0.0,1322508.0,1.0,0.0
9216000.0,6.0,122.0,300000000.0,0.0,1373478.0,0.0,0.0,0.0,0.0,1210000.0,1.0,0.0
3611280.0,10.0,32.0,2570000.0,437000.0,342958.0,4.0,1.0,0.0,0.0,4581500.0,1.0,0.0
1330680.0,12.0,69.0,3000000.0,1000000.0,104544.0,4.0,2.0,0.0,0.0,4059489.0,1.0,0.0
4827600.0,6.0,47.0,6000000.0,2500000.0,716049.0,9.0,7.0,0.0,0.0,916841.0,1.0,0.0
480289.19999999995,6.0,53.0,1000000.0,300000.0,71691.0,2.0,1.0,0.0,1.0,939017.0,1.0,0.0
4441920.0,12.0,34.0,5000000.0,4000000.0,351137.0,27.0,19.0,0.0,4.0,4500000.0,1.0,0.0
600000.0,6.0,40.0,2900000.0,900000.0,88962.0,1.0,0.0,0.0,0.0,1161637.0,0.0,1.0
1572000.0,12.0,31.0,3000000.0,500000.0,122939.0,3.0,2.0,1.0,0.0,1210000.0,0.0,1.0
2795460.0,12.0,37.0,2700000.0,500000.0,218931.0,8.0,0.0,0.0,3.0,908526.0,0.0,1.0
2483206.8,10.0,34.0,4000000.0,1800000.0,211167.0,5.0,3.0,0.0,0.0,2193599.0,1.0,0.0
2888496.0,9.0,25.0,3200000.0,1500000.0,270665.0,2.0,2.0,0.0,0.0,1030353.0,0.0,1.0
1488000.0,6.0,57.0,5000000.0,2000000.0,221210.0,4.0,0.0,3.0,0.0,981410.0,0.0,1.0
2009029.2,3.0,59.0,3000000.0,1000000.0,532843.0,4.0,3.0,0.0,0.0,1210000.0,1.0,0.0
600000.0,6.0,38.0,3500000.0,1500000.0,89197.0,5.0,1.0,0.0,2.0,1210000.0,1.0,0.0
1918309.2,10.0,30.0,2000000.0,1000000.0,162702.0,31.0,16.0,1.0,6.0,1210000.0,1.0,0.0
776640.0,6.0,33.0,2000000.0,500000.0,115152.0,2.0,0.0,0.0,1.0,1960121.0,1.0,0.0
584289.6,6.0,23.0,3810000.0,1255000.0,88694.0,3.0,3.0,0.0,0.0,1055038.0,0.0,1.0
756000.0,6.0,26.0,1100000.0,75000.0,113918.0,2.0,0.0,1.0,1.0,1181608.0,1.0,0.0
3516000.0,6.0,53.0,10000000.0,3000000.0,522198.0,5.0,2.0,0.0,2.0,916841.0,0.0,1.0
976651.2,11.0,37.0,2000000.0,800000.0,82735.0,8.0,1.0,0.0,6.0,2938275.0,1.0,0.0
2379607.1999999997,11.0,51.0,3400000.0,1200000.0,185457.0,9.0,7.0,0.0,2.0,1210000.0,0.0,1.0
5400000.0,18.0,33.0,1200000.0,400000.0,298344.0,4.0,2.0,0.0,0.0,757105.0,1.0,0.0
995215.2,6.0,29.0,3000000.0,1000000.0,147760.0,6.0,3.0,1.0,1.0,856217.0,1.0,0.0
878880.0,9.0,57.0,4000000.0,2000000.0,82198.0,6.0,5.0,0.0,1.0,1210000.0,0.0,1.0
1863480.0,12.0,33.0,2100000.0,150000.0,129408.0,5.0,2.0,1.0,2.0,2269803.0,1.0,0.0
1665388.8,5.0,34.0,5000000.0,4000000.0,270883.0,14.0,14.0,0.0,0.0,963410.0,0.0,1.0
1603200.0,12.0,30.0,1500000.0,500000.0,125798.0,2.0,0.0,0.0,2.0,1210000.0,0.0,1.0
6613239.6,9.0,122.0,970534000.0,0.0,619690.0,0.0,0.0,0.0,0.0,1210000.0,1.0,0.0
2311080.0,12.0,36.0,5500000.0,3000000.0,160492.0,9.0,0.0,4.0,3.0,1358185.0,1.0,0.0
1084186.8,2.0,30.0,5000000.0,2000000.0,427173.0,8.0,2.0,0.0,5.0,1210000.0,0.0,1.0
1051081.2,6.0,21.0,1500000.0,500000.0,156114.0,10.0,2.0,0.0,7.0,33334.0,1.0,0.0
1209436.8,10.0,52.0,2100000.0,1000000.0,102740.0,3.0,0.0,1.0,0.0,3502115.0,1.0,0.0
12257595.6,36.0,36.0,5300000.0,0.0,399464.0,6.0,5.0,0.0,1.0,4021717.0,1.0,0.0
2984607.6,10.0,56.0,3500000.0,0.0,253141.0,5.0,3.0,0.0,1.0,2314207.0,1.0,0.0
1368207.5999999999,6.0,24.0,6000000.0,1000000.0,204238.0,4.0,1.0,0.0,2.0,1210000.0,0.0,1.0
2926885.1999999997,9.0,27.0,6000000.0,2500000.0,274393.0,2.0,0.0,1.0,0.0,2138889.0,0.0,1.0
878880.0,2.0,26.0,5000000.0,2000000.0,346790.0,4.0,2.0,0.0,1.0,2583814.0,0.0,1.0
2805241.1999999997,6.0,43.0,1200000.0,1052000.0,422283.0,7.0,6.0,0.0,0.0,1110909.0,1.0,0.0
1863753.5999999999,12.0,42.0,1800000.0,600000.0,148673.0,5.0,2.0,0.0,2.0,1702686.0,1.0,0.0
2867760.0,12.0,36.0,3200000.0,950000.0,225677.0,4.0,2.0,0.0,0.0,1210000.0,0.0,1.0
1259974.8,8.0,30.0,3200000.0,500000.0,144554.0,13.0,5.0,0.0,6.0,941789.0,1.0,0.0
1451760.0,6.0,30.0,3500000.0,1000000.0,216698.0,4.0,1.0,1.0,0.0,3640085.0,1.0,0.0
4440086.399999999,10.0,37.0,4000000.0,3000000.0,376587.0,4.0,1.0,0.0,2.0,916148.0,0.0,1.0
4185600.0,36.0,39.0,3816000.0,803000.0,154614.0,3.0,2.0,0.0,0.0,3382783.0,1.0,0.0
7657010.399999999,4.0,24.0,3000000.0,1400000.0,1540204.0,3.0,2.0,0.0,0.0,874159.0,1.0,0.0
3327178.8,12.0,40.0,3100000.0,500000.0,231054.0,4.0,4.0,0.0,0.0,1210000.0,1.0,0.0
1923600.0,6.0,42.0,4000000.0,600000.0,284923.0,10.0,8.0,0.0,0.0,1794414.0,1.0,0.0
922680.0,6.0,59.0,1700000.0,700000.0,128150.0,4.0,2.0,0.0,0.0,1210000.0,0.0,1.0
1692000.0,6.0,43.0,2000000.0,1000000.0,251297.0,4.0,2.0,0.0,0.0,1210000.0,0.0,1.0
2067540.0,6.0,54.0,4350000.0,1352000.0,312676.0,10.0,6.0,0.0,1.0,1536363.0,0.0,1.0
8640000.0,36.0,55.0,2510000.0,1322000.0,303279.0,6.0,2.0,0.0,3.0,1210000.0,0.0,1.0
1604400.0,2.0,47.0,5000000.0,2000000.0,632882.0,8.0,5.0,0.0,2.0,767614.0,0.0,1.0
1767240.0,8.0,60.0,3500000.0,1200000.0,200791.0,3.0,1.0,0.0,2.0,977131.0,0.0,1.0
2073067.2,10.0,46.0,1500000.0,400000.0,175551.0,9.0,7.0,0.0,0.0,961521.0,1.0,0.0
720000.0,12.0,27.0,1200000.0,200000.0,57815.0,4.0,1.0,0.0,2.0,1210000.0,1.0,0.0
888000.0,6.0,56.0,1188272.0,771000.0,131652.0,5.0,2.0,0.0,3.0,1244366.0,1.0,0.0
6078722.399999999,12.0,28.0,2800000.0,1000000.0,422134.0,7.0,6.0,0.0,0.0,2033378.0,1.0,0.0
5090040.0,12.0,56.0,1500000.0,400000.0,353475.0,6.0,2.0,0.0,1.0,916148.0,1.0,0.0
2588160.0,6.0,40.0,3000000.0,1000000.0,384150.0,4.0,1.0,0.0,0.0,1700000.0,1.0,0.0
469063.2,6.0,30.0,1000000.0,200000.0,69732.0,3.0,2.0,0.0,0.0,190224.0,1.0,0.0
1100700.0,12.0,60.0,940000.0,450000.0,86476.0,8.0,4.0,0.0,1.0,931394.0,1.0,0.0
754216.7999999999,6.0,30.0,1350000.0,1000000.0,102812.0,9.0,2.0,1.0,6.0,1337700.0,1.0,0.0
1185660.0,9.0,50.0,5000000.0,2000000.0,110996.0,8.0,5.0,0.0,2.0,1242500.0,0.0,1.0
1680000.0,6.0,27.0,1200000.0,300000.0,249093.0,5.0,1.0,0.0,3.0,863100.0,1.0,0.0
3634800.0,36.0,37.0,4840000.0,2555000.0,125618.0,8.0,3.0,3.0,0.0,2598961.0,1.0,0.0
3347760.0,12.0,39.0,6000000.0,2000000.0,232483.0,4.0,3.0,0.0,0.0,6705555.0,1.0,0.0
753600.0,6.0,28.0,1400000.0,100000.0,112039.0,1.0,1.0,0.0,0.0,913677.0,1.0,0.0
853201.2,10.0,40.0,1500000.0,500000.0,72365.0,3.0,1.0,0.0,2.0,1210000.0,0.0,1.0
1476000.0,6.0,46.0,4330000.0,1557000.0,222165.0,4.0,3.0,0.0,1.0,1210000.0,0.0,1.0
574560.0,6.0,55.0,3270000.0,908000.0,86346.0,9.0,4.0,0.0,3.0,1210000.0,0.0,1.0
3485312.4,9.0,22.0,3500000.0,1300000.0,325498.0,2.0,0.0,0.0,2.0,908872.0,1.0,0.0
3797520.0,12.0,52.0,4200000.0,1200000.0,263717.0,6.0,3.0,0.0,2.0,4962338.0,1.0,0.0
3147480.0,6.0,45.0,4000000.0,180000.0,467806.0,3.0,0.0,0.0,2.0,908526.0,0.0,1.0
6456000.0,6.0,57.0,5540000.0,0.0,975098.0,3.0,1.0,1.0,0.0,977131.0,0.0,1.0
1498992.0,7.0,39.0,5000000.0,2000000.0,177092.0,8.0,5.0,0.0,2.0,1802324.0,0.0,1.0
1368000.0,12.0,66.0,1000000.0,100000.0,107787.0,1.0,0.0,0.0,1.0,1210000.0,0.0,1.0
858384.0,6.0,32.0,1504479.0,562000.0,128566.0,1.0,1.0,0.0,0.0,1509975.0,1.0,0.0
1994040.0,6.0,41.0,5887794.0,3206000.0,300170.0,4.0,2.0,0.0,1.0,1833333.0,1.0,0.0
2492400.0,6.0,25.0,2500000.0,1000000.0,370526.0,4.0,2.0,0.0,0.0,1390344.0,1.0,0.0
1656000.0,6.0,54.0,8000000.0,4000000.0,245343.0,3.0,3.0,0.0,0.0,908526.0,0.0,1.0
4716000.0,36.0,38.0,2000000.0,100000.0,161919.0,8.0,5.0,0.0,1.0,1293171.0,1.0,0.0
1144800.0,6.0,49.0,2257000.0,1000000.0,170189.0,4.0,1.0,0.0,1.0,2835797.0,1.0,0.0
2057640.0,6.0,48.0,1700000.0,400000.0,285783.0,5.0,4.0,0.0,0.0,466667.0,0.0,1.0
479761.19999999995,6.0,62.0,4000000.0,500000.0,66634.0,5.0,1.0,0.0,1.0,916148.0,0.0,1.0
1871511.5999999999,10.0,46.0,3500000.0,1800000.0,158733.0,3.0,2.0,0.0,0.0,908526.0,1.0,0.0
1860132.0,10.0,35.0,10000000.0,5000000.0,158348.0,7.0,5.0,0.0,0.0,849301.0,0.0,1.0
2775000.0,6.0,50.0,7240000.0,3858000.0,417689.0,10.0,5.0,0.0,3.0,969508.0,1.0,0.0
4152746.4,4.0,54.0,1880000.0,0.0,839180.0,0.0,0.0,0.0,0.0,6138818.0,1.0,0.0
4938714.0,9.0,33.0,8000000.0,2000000.0,461233.0,1.0,1.0,0.0,0.0,1133333.0,0.0,1.0
816000.0,6.0,54.0,2500000.0,600000.0,121801.0,5.0,0.0,4.0,0.0,945115.0,1.0,0.0
4707000.0,6.0,45.0,2800000.0,800000.0,699118.0,7.0,5.0,0.0,0.0,1000000.0,1.0,0.0
1783786.8,12.0,122.0,461374141.0,461374141.0,123874.0,0.0,0.0,0.0,0.0,1210000.0,1.0,0.0
1913685.5999999999,9.0,32.0,1000000.0,0.0,178722.0,4.0,3.0,0.0,0.0,4358706.0,1.0,0.0
2750160.0,24.0,34.0,4200000.0,1500000.0,120780.0,12.0,5.0,0.0,2.0,3557838.0,1.0,0.0
8597760.0,12.0,60.0,4000000.0,400000.0,675477.0,5.0,1.0,1.0,0.0,931394.0,0.0,1.0
1390680.0,12.0,54.0,1100000.0,100000.0,109258.0,7.0,2.0,0.0,5.0,1000000.0,0.0,1.0
1116120.0,12.0,51.0,1100000.0,0.0,88230.0,5.0,1.0,1.0,1.0,1072678.0,1.0,0.0
1196280.0,12.0,38.0,3800000.0,800000.0,94141.0,8.0,3.0,0.0,1.0,1210000.0,1.0,0.0
790256.4,6.0,37.0,1100000.0,500000.0,117321.0,4.0,3.0,0.0,1.0,990431.0,1.0,0.0
2856360.0,8.0,26.0,1840000.0,520000.0,327704.0,1.0,1.0,0.0,0.0,1800000.0,1.0,0.0
1326964.8,11.0,60.0,3000000.0,2000000.0,103065.0,5.0,1.0,0.0,1.0,905965.0,0.0,1.0
556680.0,6.0,30.0,2000000.0,700000.0,82757.0,0.0,0.0,0.0,0.0,955038.0,0.0,1.0
1334280.0,12.0,51.0,2500000.0,700000.0,92658.0,12.0,5.0,0.0,6.0,1210000.0,1.0,0.0
1581060.0,6.0,31.0,1400000.0,600000.0,234027.0,2.0,0.0,0.0,0.0,1150000.0,1.0,0.0
2014699.2,12.0,32.0,2400000.0,400000.0,159734.0,4.0,2.0,0.0,1.0,1210000.0,1.0,0.0
3610320.0,18.0,33.0,2500000.0,700000.0,199466.0,7.0,2.0,2.0,1.0,919960.0,1.0,0.0
2287080.0,12.0,40.0,1800000.0,800000.0,158825.0,1.0,1.0,0.0,0.0,1910696.0,1.0,0.0
2391120.0,6.0,27.0,2000000.0,500000.0,355147.0,4.0,3.0,0.0,0.0,2810239.0,1.0,0.0
6803166.0,10.0,52.0,908526.0,4911000.0,585219.0,12.0,7.0,0.0,1.0,966736.0,0.0,1.0
1074500.4,10.0,33.0,877803.0,0.0,98643.0,7.0,0.0,0.0,5.0,981833.0,1.0,0.0
7848000.0,6.0,49.0,10000000.0,4500000.0,1179803.0,7.0,5.0,0.0,1.0,14030061.0,1.0,0.0
1631880.0,6.0,39.0,4600000.0,1200000.0,242544.0,8.0,5.0,1.0,0.0,4579886.0,1.0,0.0
2089894.7999999998,10.0,37.0,1800000.0,500000.0,193186.0,4.0,2.0,0.0,2.0,1210000.0,0.0,1.0
2807880.0,6.0,50.0,908526.0,4078000.0,420556.0,10.0,3.0,2.0,2.0,941789.0,0.0,1.0
1308000.0,8.0,42.0,1835000.0,232000.0,151694.0,5.0,3.0,0.0,2.0,1210000.0,1.0,0.0
3820347.5999999996,10.0,25.0,2300000.0,1300000.0,324024.0,5.0,4.0,0.0,0.0,3223282.0,1.0,0.0
9461502.0,10.0,41.0,13280000.0,7108000.0,820270.0,8.0,5.0,2.0,0.0,1355500.0,0.0,1.0
660600.0,6.0,36.0,4408000.0,0.0,101156.0,3.0,2.0,0.0,0.0,1388137.0,0.0,1.0
1473324.0,6.0,28.0,1412000.0,1433000.0,218429.0,4.0,1.0,0.0,2.0,1394601.0,1.0,0.0
5519280.0,24.0,42.0,2000000.0,200000.0,191642.0,8.0,4.0,0.0,1.0,1974185.0,1.0,0.0
2102280.0,24.0,50.0,1800000.0,600000.0,93170.0,5.0,3.0,0.0,0.0,1618851.0,1.0,0.0
2400000.0,12.0,50.0,1500000.0,700000.0,189100.0,5.0,2.0,1.0,0.0,1163622.0,1.0,0.0
840000.0,6.0,56.0,1990000.0,0.0,127944.0,0.0,0.0,0.0,0.0,532317.0,0.0,1.0
2007241.2,9.0,41.0,3650000.0,1958000.0,188088.0,4.0,2.0,1.0,1.0,1210000.0,0.0,1.0
2790411.6,11.0,20.0,1000000.0,500000.0,217349.0,0.0,0.0,0.0,0.0,1210000.0,0.0,1.0
1177017.5999999999,10.0,39.0,3000000.0,1200000.0,101338.0,3.0,2.0,0.0,0.0,954263.0,1.0,0.0
1069920.0,6.0,53.0,2090543.0,804000.0,160235.0,7.0,4.0,1.0,0.0,2087192.0,1.0,0.0
4979400.0,6.0,37.0,13000000.0,6500000.0,738565.0,9.0,6.0,0.0,0.0,943184.0,1.0,0.0
41444152.8,10.0,122.0,92564739.0,51522111.0,3816752.0,0.0,0.0,0.0,0.0,1210000.0,1.0,0.0
2849280.0,12.0,37.0,3800000.0,1600000.0,222735.0,5.0,1.0,0.0,1.0,908526.0,0.0,1.0
896280.0,12.0,44.0,2000000.0,300000.0,70323.0,1.0,0.0,0.0,0.0,1180160.0,0.0,1.0
624540.0,6.0,59.0,1850000.0,200000.0,92761.0,3.0,1.0,1.0,0.0,1210000.0,1.0,0.0
821208.0,2.0,52.0,5000000.0,2000000.0,324034.0,8.0,5.0,0.0,2.0,1210000.0,0.0,1.0
2524560.0,12.0,22.0,1500000.0,300000.0,198587.0,7.0,2.0,0.0,2.0,1145468.0,1.0,0.0
1679974.8,6.0,34.0,1500000.0,400000.0,249932.0,4.0,0.0,0.0,2.0,927250.0,1.0,0.0
487920.0,6.0,61.0,1408000.0,42000.0,74760.0,5.0,0.0,0.0,5.0,1210000.0,0.0,1.0
2040000.0,6.0,51.0,1000000.0,3151000.0,307088.0,8.0,5.0,0.0,1.0,966736.0,1.0,0.0
1743600.0,8.0,45.0,2000000.0,600000.0,197933.0,9.0,6.0,1.0,0.0,1600000.0,1.0,0.0
1482264.0,12.0,39.0,5000000.0,2000000.0,116163.0,25.0,12.0,6.0,7.0,5425531.0,1.0,0.0
1008000.0,6.0,63.0,3000000.0,1000000.0,150224.0,9.0,6.0,0.0,2.0,1210000.0,1.0,0.0
1618320.0,6.0,43.0,3000000.0,500000.0,241181.0,4.0,2.0,0.0,2.0,1210000.0,1.0,0.0
778560.0,6.0,29.0,1435000.0,184000.0,117199.0,5.0,2.0,0.0,1.0,1324743.0,1.0,0.0
1381728.0,11.0,53.0,4000000.0,3000000.0,116850.0,0.0,0.0,0.0,0.0,908526.0,0.0,1.0
3686880.0,12.0,38.0,4000000.0,1500000.0,289277.0,2.0,1.0,1.0,0.0,861836.0,0.0,1.0
4398841.2,12.0,55.0,5000000.0,1500000.0,305475.0,17.0,7.0,0.0,7.0,1318255.0,1.0,0.0
2708278.8,8.0,35.0,8000000.0,3500000.0,307800.0,8.0,8.0,0.0,0.0,7250000.0,1.0,0.0
8494800.0,6.0,44.0,8000000.0,1000000.0,1261710.0,8.0,3.0,0.0,2.0,1210000.0,1.0,0.0
1404000.0,6.0,46.0,2000000.0,500000.0,210268.0,10.0,6.0,0.0,2.0,2703810.0,1.0,0.0
1134000.0,12.0,42.0,2000000.0,400000.0,89900.0,6.0,4.0,0.0,0.0,1993466.0,1.0,0.0
3583785.6,9.0,24.0,4444000.0,1500000.0,333095.0,8.0,4.0,0.0,2.0,4088594.0,1.0,0.0
1737478.8,6.0,48.0,2000000.0,850000.0,258313.0,8.0,2.0,0.0,4.0,1210000.0,0.0,1.0
8640000.0,36.0,58.0,4000000.0,200000.0,299965.0,3.0,2.0,0.0,1.0,1592424.0,1.0,0.0
1319000.4,10.0,51.0,2000000.0,800000.0,112283.0,0.0,0.0,0.0,0.0,1307741.0,1.0,0.0
2591880.0,12.0,26.0,4582000.0,2407000.0,216988.0,6.0,2.0,2.0,1.0,2252261.0,0.0,1.0
3543170.4,10.0,56.0,12000000.0,5000000.0,301304.0,12.0,8.0,0.0,3.0,933473.0,0.0,1.0
816543.6,10.0,38.0,1800000.0,1000000.0,69437.0,9.0,3.0,0.0,3.0,1211224.0,1.0,0.0
2018652.0,18.0,39.0,8000000.0,2500000.0,111992.0,5.0,4.0,0.0,1.0,1378097.0,1.0,0.0
1527480.0,12.0,24.0,2200000.0,400000.0,119856.0,1.0,0.0,0.0,1.0,1697970.0,1.0,0.0
3619560.0,6.0,31.0,3782303.0,305000.0,542079.0,1.0,0.0,1.0,0.0,3782303.0,1.0,0.0
4060800.0,6.0,51.0,3669000.0,2846000.0,611287.0,8.0,3.0,1.0,1.0,800000.0,0.0,1.0
687360.0,6.0,33.0,2000000.0,750000.0,102942.0,5.0,3.0,0.0,0.0,1210000.0,1.0,0.0
4800000.0,24.0,32.0,15000000.0,5000000.0,209354.0,7.0,2.0,0.0,3.0,8534399.0,0.0,1.0
1872788.4,11.0,45.0,3000000.0,1500000.0,145708.0,5.0,2.0,0.0,1.0,916148.0,1.0,0.0
3598800.0,10.0,40.0,5000000.0,2000000.0,331776.0,8.0,1.0,0.0,3.0,1210000.0,1.0,0.0
2381686.8,9.0,57.0,908526.0,139000.0,223708.0,7.0,3.0,0.0,0.0,732877.0,1.0,0.0
3840000.0,6.0,32.0,6000000.0,4000000.0,573181.0,4.0,3.0,0.0,0.0,946666.0,0.0,1.0
7689000.0,12.0,51.0,8800000.0,4000000.0,604081.0,10.0,4.0,3.0,1.0,7752503.0,1.0,0.0
2448000.0,12.0,37.0,1400000.0,158000.0,192166.0,2.0,0.0,0.0,1.0,969312.0,1.0,0.0
1046744.3999999999,6.0,20.0,1500000.0,100000.0,157725.0,2.0,1.0,0.0,1.0,954263.0,1.0,0.0
4977703.2,36.0,37.0,3600000.0,100000.0,170953.0,2.0,1.0,0.0,0.0,759986.0,1.0,0.0
3524314.8,9.0,55.0,5000000.0,3000000.0,330402.0,2.0,1.0,0.0,0.0,1800000.0,0.0,1.0
1869298.8,6.0,29.0,2260000.0,796000.0,279953.0,6.0,2.0,0.0,3.0,1958965.0,1.0,0.0
2563078.8,12.0,23.0,1600000.0,300000.0,201102.0,5.0,1.0,0.0,2.0,1697342.0,1.0,0.0
1606290.0,5.0,22.0,1700000.0,1200000.0,260361.0,3.0,3.0,0.0,0.0,1210000.0,0.0,1.0
5180047.2,11.0,48.0,22000000.0,121150000.0,403482.0,9.0,6.0,0.0,1.0,378553.0,0.0,1.0
2778000.0,10.0,29.0,2600000.0,500000.0,257065.0,8.0,7.0,0.0,1.0,2570276.0,1.0,0.0
1419600.0,12.0,51.0,5170000.0,104000.0,116728.0,4.0,3.0,0.0,0.0,2801109.0,0.0,1.0
3036000.0,24.0,24.0,2099000.0,145000.0,149413.0,2.0,0.0,0.0,1.0,1371054.0,1.0,0.0
2950678.8,6.0,44.0,8000000.0,3500000.0,438256.0,5.0,2.0,0.0,0.0,14551865.0,1.0,0.0
1620120.0,6.0,56.0,1600000.0,600000.0,240621.0,4.0,3.0,0.0,1.0,1480481.0,1.0,0.0
1728000.0,6.0,45.0,2300000.0,1510000.0,260096.0,3.0,3.0,0.0,0.0,2300000.0,1.0,0.0
2067240.0,6.0,67.0,3000000.0,1300000.0,287117.0,9.0,2.0,0.0,0.0,916148.0,1.0,0.0
5795520.0,12.0,41.0,4000000.0,1500000.0,402467.0,4.0,2.0,0.0,0.0,4325209.0,1.0,0.0
1065600.0,2.0,42.0,33860000.0,11870000.0,444000.0,12.0,8.0,0.0,3.0,18486833.0,1.0,0.0
667800.0,8.0,34.0,1700000.0,400000.0,69589.0,7.0,6.0,0.0,0.0,1513470.0,1.0,0.0
2508480.0,12.0,68.0,4000000.0,300000.0,196832.0,3.0,2.0,0.0,0.0,1210000.0,0.0,1.0
3749760.0,24.0,48.0,4373000.0,1514000.0,182140.0,7.0,4.0,0.0,1.0,1650457.0,1.0,0.0
1445760.0,8.0,38.0,4300000.0,1500000.0,163836.0,3.0,0.0,0.0,0.0,1000000.0,1.0,0.0
396261.6,6.0,55.0,6000000.0,4000000.0,59148.0,5.0,1.0,1.0,2.0,797484.0,1.0,0.0
8035920.0,6.0,34.0,24000000.0,15000000.0,1203598.0,5.0,4.0,0.0,1.0,15783867.0,1.0,0.0
947461.2,6.0,28.0,1600000.0,300000.0,140717.0,3.0,1.0,0.0,0.0,1210000.0,0.0,1.0
957480.0,10.0,52.0,2800000.0,600000.0,88549.0,4.0,2.0,0.0,1.0,1210000.0,1.0,0.0
2429022.0,9.0,41.0,8000000.0,3000000.0,226524.0,4.0,3.0,1.0,0.0,1000000.0,0.0,1.0
2261040.0,24.0,37.0,2500000.0,850000.0,98944.0,11.0,1.0,2.0,7.0,3458640.0,1.0,0.0
533520.0,6.0,66.0,2500000.0,1000000.0,79239.0,1.0,0.0,0.0,0.0,1210000.0,1.0,0.0
1005546.0,10.0,64.0,2000000.0,0.0,85420.0,4.0,3.0,0.0,1.0,1210000.0,1.0,0.0
547920.0,6.0,48.0,3800000.0,500000.0,82066.0,8.0,1.0,1.0,5.0,1210000.0,0.0,1.0
1392000.0,12.0,58.0,1500000.0,400000.0,109271.0,4.0,0.0,1.0,3.0,948857.0,1.0,0.0
8012499.6,12.0,28.0,25000000.0,8000000.0,630539.0,14.0,10.0,0.0,1.0,1210000.0,0.0,1.0
5068200.0,6.0,61.0,10870000.0,2224000.0,761699.0,3.0,3.0,0.0,0.0,24376313.0,1.0,0.0
1940278.7999999998,12.0,37.0,5720000.0,3000000.0,134742.0,10.0,5.0,0.0,1.0,5133333.0,1.0,0.0
1440000.0,6.0,65.0,10000000.0,5000000.0,214943.0,7.0,2.0,2.0,1.0,1210000.0,0.0,1.0
22261135.2,10.0,122.0,71000000.0,68000000.0,2049038.0,0.0,0.0,0.0,0.0,1210000.0,1.0,0.0
2207640.0,6.0,42.0,2910000.0,1571000.0,332291.0,5.0,2.0,1.0,0.0,838500.0,1.0,0.0
2099640.0,6.0,31.0,3000000.0,600000.0,314478.0,3.0,1.0,0.0,1.0,1210000.0,1.0,0.0
1200000.0,6.0,40.0,6000000.0,2000000.0,178827.0,9.0,6.0,0.0,2.0,758333.0,0.0,1.0
1696681.2,6.0,36.0,1100000.0,450000.0,235650.0,3.0,1.0,1.0,0.0,1210000.0,1.0,0.0
2260556.4,11.0,55.0,3100000.0,1500000.0,175576.0,15.0,4.0,0.0,3.0,1210000.0,1.0,0.0
2241819.6,9.0,43.0,8000000.0,5000000.0,209367.0,5.0,1.0,0.0,2.0,2436742.0,1.0,0.0
1275480.0,12.0,48.0,3800000.0,1800000.0,88575.0,2.0,1.0,0.0,0.0,848804.0,1.0,0.0
1125480.0,12.0,23.0,2500000.0,400000.0,88423.0,2.0,0.0,0.0,1.0,1308380.0,1.0,0.0
793064.4,4.0,24.0,2000000.0,0.0,161738.0,2.0,1.0,0.0,0.0,4031256.0,1.0,0.0
3486720.0,36.0,38.0,3500000.0,1100000.0,114946.0,3.0,2.0,0.0,0.0,800000.0,1.0,0.0
2160000.0,18.0,23.0,1500000.0,200000.0,119011.0,5.0,2.0,0.0,1.0,908526.0,1.0,0.0
2539802.4,6.0,50.0,2273000.0,255000.0,390701.0,6.0,4.0,0.0,0.0,1064000.0,0.0,1.0
1435200.0,12.0,55.0,4000000.0,1200000.0,112240.0,3.0,3.0,0.0,0.0,1210000.0,0.0,1.0
4335000.0,6.0,42.0,6800000.0,2500000.0,644305.0,7.0,2.0,0.0,3.0,1372738.0,1.0,0.0
2400000.0,6.0,44.0,3210000.0,903000.0,359433.0,6.0,2.0,0.0,1.0,1210000.0,1.0,0.0
2659106.4,9.0,46.0,3000000.0,1200000.0,249170.0,7.0,2.0,0.0,0.0,1210000.0,1.0,0.0
959880.0,12.0,28.0,1000000.0,400000.0,66658.0,5.0,1.0,0.0,2.0,916352.0,0.0,1.0
4410000.0,6.0,63.0,10000000.0,5000000.0,655005.0,12.0,9.0,0.0,0.0,923771.0,1.0,0.0
2704198.8,12.0,50.0,1000000.0,500000.0,187792.0,9.0,7.0,0.0,0.0,1145147.0,1.0,0.0
1264800.0,12.0,53.0,30285.0,723000.0,102439.0,10.0,3.0,1.0,6.0,30285.0,0.0,1.0
2481360.0,6.0,38.0,3230000.0,397000.0,376037.0,8.0,4.0,0.0,1.0,1200231.0,1.0,0.0
2396280.0,12.0,32.0,1800000.0,600000.0,166408.0,8.0,3.0,0.0,1.0,931394.0,1.0,0.0
1088659.2,6.0,29.0,2000000.0,1000000.0,161696.0,6.0,1.0,2.0,0.0,1210000.0,0.0,1.0
2990180.4,10.0,32.0,5280000.0,3702000.0,263698.0,12.0,10.0,0.0,0.0,5506398.0,1.0,0.0
1709907.5999999999,10.0,30.0,3107583.0,1495000.0,145026.0,4.0,1.0,1.0,0.0,908526.0,1.0,0.0
1171200.0,6.0,54.0,1883897.0,552000.0,176058.0,10.0,5.0,0.0,2.0,1966675.0,1.0,0.0
2591640.0,12.0,53.0,2600000.0,1000000.0,202968.0,7.0,5.0,0.0,1.0,2187443.0,1.0,0.0
2115496.8,11.0,22.0,2000000.0,900000.0,164873.0,4.0,1.0,1.0,1.0,908526.0,0.0,1.0
4800000.0,10.0,33.0,1500000.0,800000.0,452517.0,2.0,0.0,1.0,1.0,1275429.0,1.0,0.0
1872000.0,12.0,27.0,1751000.0,281000.0,155773.0,4.0,2.0,0.0,1.0,1115666.0,1.0,0.0
806400.0,6.0,36.0,1200000.0,500000.0,120770.0,3.0,1.0,0.0,2.0,940000.0,1.0,0.0
1560000.0,6.0,31.0,2000000.0,500000.0,232071.0,2.0,1.0,0.0,0.0,2673025.0,1.0,0.0
1722000.0,6.0,36.0,10000000.0,5000000.0,255589.0,4.0,2.0,0.0,1.0,1210000.0,0.0,1.0
1780800.0,12.0,49.0,3000000.0,1120000.0,139294.0,4.0,3.0,0.0,1.0,1210000.0,0.0,1.0
1823761.2,24.0,25.0,1050000.0,480000.0,80081.0,5.0,3.0,0.0,2.0,1121331.0,1.0,0.0
3780000.0,10.0,59.0,1000000.0,100000.0,350312.0,11.0,2.0,0.0,8.0,1210000.0,0.0,1.0
2204299.1999999997,9.0,59.0,5500000.0,3000000.0,205567.0,6.0,5.0,0.0,0.0,2465917.0,0.0,1.0
1247880.0,6.0,25.0,2111000.0,713000.0,191972.0,5.0,3.0,0.0,2.0,1372727.0,1.0,0.0
1091880.0,6.0,38.0,1890662.0,789000.0,164348.0,9.0,4.0,1.0,1.0,1913386.0,1.0,0.0
963918.0,6.0,64.0,2330000.0,0.0,146818.0,1.0,0.0,0.0,0.0,2142000.0,0.0,1.0
2988000.0,12.0,32.0,3000000.0,500000.0,233677.0,8.0,5.0,0.0,2.0,1210000.0,1.0,0.0
1498992.0,2.0,65.0,5000000.0,1500000.0,591128.0,8.0,6.0,0.0,1.0,1049516.0,1.0,0.0
2428800.0,6.0,57.0,5390000.0,1220000.0,366843.0,10.0,4.0,0.0,1.0,1500000.0,0.0,1.0
442560.0,5.0,52.0,5000000.0,2000000.0,71838.0,9.0,6.0,0.0,2.0,908526.0,0.0,1.0
2815064.4,9.0,35.0,3500000.0,2000000.0,268618.0,4.0,2.0,0.0,0.0,827768.0,0.0,1.0
8400000.0,12.0,66.0,7000000.0,500000.0,660698.0,4.0,1.0,0.0,2.0,1210000.0,0.0,1.0
878880.0,3.0,59.0,4000000.0,2000000.0,233237.0,1.0,1.0,0.0,0.0,1210000.0,0.0,1.0
964018.7999999999,8.0,64.0,2000000.0,700000.0,100675.0,0.0,0.0,0.0,0.0,1210000.0,0.0,1.0
7200000.0,6.0,44.0,4000000.0,2000000.0,1070071.0,7.0,3.0,0.0,2.0,1210000.0,0.0,1.0
1200000.0,6.0,65.0,2000000.0,600000.0,166667.0,6.0,1.0,0.0,3.0,1210000.0,0.0,1.0
3032410.8,10.0,49.0,3500000.0,1500000.0,257870.0,11.0,2.0,1.0,4.0,933473.0,0.0,1.0
3360721.1999999997,12.0,33.0,7000000.0,3000000.0,233383.0,13.0,7.0,0.0,2.0,844592.0,0.0,1.0
4660200.0,24.0,33.0,2100000.0,800000.0,203006.0,6.0,3.0,0.0,2.0,2049666.0,1.0,0.0
893522.4,10.0,31.0,3600000.0,1500000.0,75904.0,3.0,0.0,2.0,1.0,3382500.0,1.0,0.0
1458601.2,8.0,53.0,1500000.0,600000.0,165772.0,3.0,1.0,0.0,2.0,1210000.0,1.0,0.0
3865680.0,24.0,27.0,2000000.0,500000.0,174150.0,3.0,2.0,0.0,0.0,1094130.0,1.0,0.0
6720000.0,24.0,27.0,3910000.0,2188000.0,314892.0,2.0,2.0,0.0,0.0,2445509.0,1.0,0.0
1188625.2,10.0,41.0,14453000.0,4450000.0,105363.0,8.0,5.0,0.0,0.0,1000000.0,1.0,0.0
2400000.0,6.0,28.0,2280000.0,666000.0,362024.0,4.0,2.0,0.0,0.0,1210000.0,1.0,0.0
3387600.0,12.0,32.0,5000000.0,450000.0,266145.0,3.0,2.0,0.0,1.0,2991250.0,1.0,0.0
2670470.4,10.0,35.0,4000000.0,1500000.0,227926.0,4.0,3.0,0.0,0.0,9303013.0,1.0,0.0
737880.0,6.0,23.0,1300000.0,350000.0,109405.0,2.0,2.0,0.0,0.0,872185.0,1.0,0.0
1650628.8,12.0,42.0,5700000.0,1800000.0,131650.0,10.0,4.0,0.0,4.0,941789.0,0.0,1.0
1604400.0,3.0,50.0,4000000.0,2000000.0,425941.0,7.0,4.0,0.0,2.0,939017.0,0.0,1.0
7699999.199999999,12.0,50.0,4000000.0,3000000.0,602181.0,5.0,1.0,3.0,1.0,1210000.0,0.0,1.0
825356.4,6.0,32.0,1948000.0,548000.0,126539.0,2.0,2.0,0.0,0.0,2350990.0,1.0,0.0
2134839.6,11.0,31.0,2500000.0,1200000.0,166096.0,3.0,1.0,0.0,1.0,1210000.0,1.0,0.0
366000.0,6.0,43.0,4000000.0,2000000.0,54361.0,13.0,2.0,2.0,7.0,3759105.0,1.0,0.0
3615600.0,24.0,37.0,5500000.0,2500000.0,159271.0,5.0,2.0,0.0,0.0,5452521.0,1.0,0.0
2713045.1999999997,12.0,45.0,3000000.0,650000.0,214468.0,6.0,4.0,0.0,0.0,30285.0,1.0,0.0
5511175.2,9.0,41.0,17000000.0,14000000.0,520291.0,2.0,0.0,0.0,0.0,1326464.0,0.0,1.0
2275200.0,10.0,51.0,3500000.0,1500000.0,210303.0,6.0,3.0,0.0,0.0,400000.0,0.0,1.0
1845480.0,6.0,27.0,2000000.0,0.0,274353.0,4.0,1.0,0.0,2.0,856610.0,1.0,0.0
1560000.0,8.0,42.0,2800000.0,450000.0,178996.0,7.0,2.0,0.0,3.0,873600.0,1.0,0.0
737280.0,6.0,54.0,1500000.0,700000.0,109606.0,3.0,0.0,0.0,3.0,1533452.0,1.0,0.0
1800000.0,6.0,37.0,2650000.0,829000.0,271868.0,3.0,1.0,0.0,0.0,1277700.0,0.0,1.0
2178000.0,6.0,34.0,1940000.0,358000.0,331740.0,5.0,4.0,0.0,0.0,1200000.0,1.0,0.0
1997680.7999999998,6.0,45.0,4000000.0,1600000.0,297718.0,3.0,1.0,1.0,1.0,1210000.0,0.0,1.0
6466557.6,24.0,35.0,3712000.0,746000.0,309732.0,5.0,3.0,0.0,1.0,3608952.0,1.0,0.0
1707120.0,6.0,54.0,7000000.0,2500000.0,253784.0,6.0,4.0,0.0,0.0,939017.0,1.0,0.0
1573416.0,9.0,45.0,1700000.0,1200000.0,147436.0,6.0,4.0,0.0,0.0,1588194.0,1.0,0.0
1536000.0,8.0,25.0,1500000.0,400000.0,175123.0,2.0,1.0,0.0,0.0,941789.0,1.0,0.0
1415880.0,12.0,37.0,2400000.0,1300000.0,98325.0,6.0,3.0,1.0,2.0,916148.0,1.0,0.0
2493240.0,6.0,28.0,4200000.0,1978000.0,374709.0,13.0,5.0,0.0,0.0,975052.0,1.0,0.0
720000.0,6.0,33.0,3500000.0,1500000.0,107037.0,1.0,0.0,0.0,1.0,1208077.0,1.0,0.0
3955500.0,12.0,38.0,7500000.0,3000000.0,310354.0,13.0,5.0,0.0,6.0,1656231.0,0.0,1.0
1189999.2,12.0,26.0,4000000.0,2000000.0,93064.0,3.0,2.0,0.0,1.0,1112685.0,0.0,1.0
1800000.0,10.0,65.0,4000000.0,2000000.0,165916.0,7.0,2.0,0.0,1.0,1210000.0,0.0,1.0
3962460.0,12.0,33.0,3000000.0,700000.0,310533.0,7.0,2.0,0.0,2.0,908526.0,1.0,0.0
2419717.1999999997,11.0,37.0,3100000.0,1500000.0,188798.0,3.0,2.0,0.0,1.0,875897.0,1.0,0.0
2997061.1999999997,12.0,42.0,1200000.0,300000.0,235169.0,4.0,2.0,0.0,0.0,991119.0,1.0,0.0
3600000.0,12.0,24.0,1850000.0,360000.0,283156.0,7.0,2.0,2.0,3.0,925157.0,1.0,0.0
928200.0,6.0,56.0,1000000.0,400000.0,137769.0,2.0,0.0,0.0,1.0,1210000.0,0.0,1.0
923520.0,12.0,28.0,3329000.0,1006000.0,76680.0,5.0,2.0,0.0,3.0,1648976.0,1.0,0.0
929280.0,6.0,53.0,2100000.0,500000.0,138023.0,9.0,7.0,0.0,1.0,931394.0,1.0,0.0
1823640.0,6.0,43.0,3000000.0,200000.0,270860.0,2.0,1.0,0.0,0.0,1000000.0,0.0,1.0
606678.0,12.0,50.0,1500000.0,450000.0,47742.0,8.0,1.0,1.0,4.0,1699795.0,1.0,0.0
815760.0,6.0,52.0,3000000.0,500000.0,113300.0,3.0,2.0,0.0,0.0,916148.0,1.0,0.0
3760464.0,36.0,50.0,1200000.0,100000.0,126875.0,4.0,1.0,0.0,2.0,1559587.0,1.0,0.0
738384.0,9.0,54.0,5000000.0,2500000.0,69190.0,8.0,6.0,0.0,0.0,946640.0,0.0,1.0
2105296.8,10.0,39.0,3000000.0,1000000.0,179030.0,6.0,5.0,0.0,0.0,1210000.0,1.0,0.0
3935520.0,12.0,28.0,2500000.0,1000000.0,308807.0,6.0,5.0,0.0,0.0,1175000.0,1.0,0.0
1459800.0,12.0,38.0,5000000.0,2000000.0,113975.0,7.0,4.0,0.0,0.0,1210000.0,0.0,1.0
3574999.1999999997,8.0,30.0,3000000.0,1500000.0,404531.0,2.0,1.0,0.0,0.0,1210000.0,0.0,1.0
1414912.8,6.0,41.0,3000000.0,2000000.0,213206.0,14.0,5.0,0.0,0.0,1303939.0,1.0,0.0
1991748.0,10.0,30.0,2140000.0,500000.0,169197.0,5.0,2.0,0.0,1.0,1498413.0,1.0,0.0
821208.0,8.0,26.0,5000000.0,2000000.0,85687.0,3.0,0.0,0.0,1.0,921593.0,0.0,1.0
1311600.0,8.0,38.0,3800000.0,1800000.0,151194.0,8.0,0.0,2.0,5.0,1319677.0,0.0,1.0
538680.0,5.0,49.0,2400000.0,1600000.0,87441.0,8.0,4.0,0.0,1.0,30285.0,0.0,1.0
2171403.6,11.0,54.0,5305000.0,98000.0,188061.0,3.0,2.0,0.0,0.0,1464053.0,0.0,1.0
3296649.6,10.0,29.0,3500000.0,1000000.0,279900.0,5.0,2.0,0.0,0.0,923771.0,1.0,0.0
2380070.4,11.0,51.0,6000000.0,4000000.0,185176.0,15.0,11.0,0.0,3.0,9216425.0,1.0,0.0
1369200.0,6.0,36.0,3800000.0,1500000.0,203217.0,7.0,2.0,3.0,2.0,908526.0,1.0,0.0
2376000.0,12.0,64.0,3500000.0,1000000.0,186883.0,1.0,0.0,0.0,1.0,1210000.0,0.0,1.0
4106260.8,2.0,52.0,4490000.0,1435000.0,1644056.0,9.0,7.0,0.0,0.0,1210000.0,0.0,1.0
2074680.0,6.0,60.0,2500000.0,800000.0,308427.0,7.0,1.0,1.0,2.0,1210000.0,0.0,1.0
2302680.0,12.0,53.0,4500000.0,1100000.0,159908.0,7.0,6.0,0.0,0.0,1200000.0,0.0,1.0
736800.0,6.0,58.0,2030000.0,202000.0,111285.0,6.0,2.0,0.0,3.0,977131.0,0.0,1.0
4518750.0,10.0,42.0,8200000.0,3000000.0,418737.0,4.0,2.0,0.0,0.0,2098931.0,1.0,0.0
744000.0,6.0,26.0,2500000.0,0.0,110873.0,6.0,4.0,0.0,1.0,2008077.0,1.0,0.0
885688.7999999999,12.0,28.0,3000000.0,400000.0,69699.0,3.0,1.0,0.0,1.0,30285.0,1.0,0.0
1539927.5999999999,10.0,23.0,2000000.0,800000.0,131090.0,1.0,0.0,0.0,1.0,946640.0,1.0,0.0
971760.0,6.0,22.0,1000000.0,400000.0,144473.0,2.0,0.0,0.0,2.0,540384.0,0.0,1.0
878880.0,5.0,63.0,4000000.0,2000000.0,142664.0,9.0,4.0,1.0,2.0,969508.0,0.0,1.0
4455600.0,24.0,40.0,3000000.0,500000.0,195827.0,4.0,2.0,0.0,2.0,2194832.0,1.0,0.0
576000.0,6.0,59.0,6000000.0,3500000.0,85635.0,9.0,7.0,0.0,0.0,1600000.0,0.0,1.0
2106543.6,9.0,41.0,1300000.0,500000.0,197865.0,3.0,2.0,0.0,0.0,1210000.0,0.0,1.0
6582337.2,9.0,38.0,2000000.0,850000.0,614733.0,12.0,4.0,0.0,8.0,1210000.0,1.0,0.0
1604400.0,5.0,48.0,5000000.0,2000000.0,260585.0,12.0,9.0,0.0,1.0,908526.0,0.0,1.0
5572320.0,12.0,38.0,10000000.0,5000000.0,386967.0,8.0,5.0,0.0,0.0,9130800.0,1.0,0.0
1426800.0,6.0,23.0,1600000.0,500000.0,212063.0,2.0,1.0,0.0,0.0,1210000.0,1.0,0.0
4454400.0,36.0,26.0,1800000.0,250000.0,150287.0,2.0,2.0,0.0,0.0,1654405.0,0.0,1.0
1745191.2,6.0,52.0,4300000.0,2000000.0,262968.0,7.0,4.0,0.0,0.0,4365302.0,1.0,0.0
4507080.0,12.0,30.0,10000000.0,5000000.0,354067.0,9.0,4.0,0.0,0.0,2000000.0,1.0,0.0
1512000.0,6.0,61.0,3200000.0,1000000.0,224726.0,2.0,2.0,0.0,0.0,1210000.0,0.0,1.0
2940710.4,11.0,28.0,4350000.0,3119000.0,232335.0,7.0,2.0,0.0,3.0,2035477.0,1.0,0.0
2351223.6,10.0,48.0,6000000.0,2000000.0,199629.0,11.0,4.0,0.0,5.0,1210000.0,0.0,1.0
3342000.0,6.0,25.0,1600000.0,100000.0,495699.0,2.0,0.0,0.0,0.0,1568809.0,1.0,0.0
3182040.0,24.0,27.0,2800000.0,450000.0,139427.0,6.0,2.0,1.0,2.0,2575068.0,1.0,0.0
5713136.399999999,11.0,40.0,3000000.0,1500000.0,445259.0,8.0,3.0,0.0,4.0,1210000.0,0.0,1.0
4200000.0,6.0,56.0,10000000.0,5000000.0,624382.0,4.0,1.0,0.0,1.0,939017.0,0.0,1.0
2295600.0,12.0,30.0,2000000.0,400000.0,179894.0,5.0,1.0,0.0,3.0,1214793.0,1.0,0.0
952948.7999999999,3.0,33.0,6250000.0,5050000.0,254418.0,10.0,8.0,0.0,1.0,5024288.0,0.0,1.0
693600.0,6.0,54.0,2149657.0,1227000.0,104513.0,9.0,6.0,0.0,0.0,2101997.0,1.0,0.0
548088.0,24.0,59.0,3800000.0,1500000.0,24012.0,7.0,3.0,0.0,2.0,1210000.0,1.0,0.0
2691240.0,12.0,41.0,2000000.0,1300000.0,186892.0,7.0,5.0,0.0,1.0,2669670.0,1.0,0.0
1761219.5999999999,10.0,42.0,2000000.0,1000000.0,149771.0,0.0,0.0,0.0,0.0,925157.0,1.0,0.0
1200000.0,12.0,40.0,1500000.0,300000.0,94160.0,1.0,0.0,0.0,0.0,976965.0,1.0,0.0
1604400.0,2.0,47.0,4000000.0,2000000.0,633160.0,3.0,1.0,0.0,1.0,950105.0,0.0,1.0
1842870.0,10.0,36.0,1800000.0,600000.0,156058.0,3.0,1.0,0.0,1.0,1500000.0,1.0,0.0
2839390.8,11.0,46.0,3100000.0,1500000.0,221164.0,6.0,3.0,0.0,1.0,1210000.0,1.0,0.0
3689401.1999999997,6.0,36.0,2220000.0,67000.0,561014.0,5.0,1.0,0.0,2.0,3534752.0,1.0,0.0
1021020.0,10.0,55.0,1000000.0,400000.0,94481.0,8.0,4.0,0.0,1.0,908526.0,0.0,1.0
1055065.2,10.0,29.0,2000000.0,800000.0,89486.0,6.0,1.0,0.0,2.0,1210000.0,1.0,0.0
409200.0,6.0,31.0,1815000.0,550000.0,60750.0,10.0,6.0,0.0,2.0,1210000.0,1.0,0.0
2797383.6,9.0,25.0,2000000.0,1200000.0,261877.0,4.0,2.0,0.0,1.0,1210000.0,0.0,1.0
2352013.1999999997,9.0,42.0,2200000.0,1500000.0,222577.0,4.0,3.0,0.0,0.0,1827272.0,0.0,1.0
3600000.0,36.0,25.0,1670000.0,89000.0,136947.0,2.0,2.0,0.0,0.0,821212.0,0.0,1.0
2488320.0,6.0,46.0,5000000.0,3000000.0,369835.0,6.0,5.0,0.0,0.0,3172000.0,0.0,1.0
6043980.0,36.0,32.0,5000000.0,800000.0,196019.0,5.0,4.0,0.0,0.0,1697488.0,1.0,0.0
806400.0,6.0,54.0,2000000.0,500000.0,119718.0,11.0,8.0,1.0,1.0,3659808.0,1.0,0.0
1152000.0,6.0,22.0,2500000.0,1200000.0,170691.0,2.0,0.0,0.0,2.0,880343.0,0.0,1.0
1351800.0,6.0,28.0,2440000.0,1750000.0,205556.0,12.0,1.0,0.0,10.0,1157423.0,1.0,0.0
4030441.1999999997,12.0,39.0,6000000.0,2800000.0,279892.0,8.0,6.0,2.0,0.0,5102384.0,1.0,0.0
662112.0,6.0,26.0,3000000.0,500000.0,98342.0,4.0,2.0,0.0,1.0,3377840.0,1.0,0.0
1261978.8,6.0,28.0,2188000.0,680000.0,187683.0,8.0,4.0,0.0,1.0,1210000.0,1.0,0.0
878880.0,3.0,45.0,5000000.0,2000000.0,233464.0,5.0,3.0,0.0,1.0,30285.0,0.0,1.0
1500000.0,2.0,51.0,5000000.0,2000000.0,591526.0,8.0,2.0,2.0,2.0,931513.0,0.0,1.0
2109967.1999999997,6.0,40.0,2721902.0,1376000.0,317621.0,5.0,3.0,0.0,0.0,2952158.0,1.0,0.0
878880.0,11.0,45.0,5000000.0,2000000.0,68496.0,9.0,3.0,1.0,4.0,925157.0,0.0,1.0
2435880.0,12.0,59.0,4000000.0,1000000.0,169158.0,10.0,7.0,0.0,2.0,3000000.0,1.0,0.0
2280000.0,6.0,58.0,2800000.0,1500000.0,338642.0,3.0,2.0,0.0,0.0,1210000.0,0.0,1.0
1462681.2,8.0,66.0,1400000.0,0.0,166236.0,4.0,4.0,0.0,0.0,1650276.0,1.0,0.0
1696800.0,24.0,56.0,1920000.0,78000.0,83493.0,2.0,0.0,0.0,1.0,1210000.0,0.0,1.0
2191200.0,12.0,44.0,2500000.0,500000.0,172364.0,2.0,1.0,1.0,0.0,2414364.0,1.0,0.0
5021520.0,12.0,59.0,3400000.0,1000000.0,348717.0,6.0,3.0,0.0,2.0,1210000.0,1.0,0.0
2858278.8,12.0,40.0,2500000.0,500000.0,198492.0,3.0,0.0,0.0,1.0,2697031.0,1.0,0.0
2045724.0,4.0,35.0,3500000.0,1000000.0,411896.0,6.0,3.0,0.0,0.0,934661.0,1.0,0.0
1799881.2,6.0,53.0,3000000.0,1200000.0,267514.0,7.0,6.0,0.0,0.0,2011251.0,1.0,0.0
1440000.0,12.0,38.0,3000000.0,1200000.0,114851.0,2.0,0.0,0.0,0.0,2233554.0,1.0,0.0
1194000.0,6.0,55.0,1930000.0,937000.0,180339.0,5.0,2.0,0.0,3.0,969508.0,1.0,0.0
1248000.0,12.0,37.0,3040000.0,974000.0,101078.0,9.0,2.0,0.0,2.0,1210000.0,1.0,0.0
4347000.0,12.0,28.0,3520000.0,249000.0,361755.0,6.0,2.0,0.0,2.0,2839545.0,1.0,0.0
1884000.0,6.0,42.0,1900000.0,1532000.0,284555.0,3.0,2.0,0.0,1.0,751782.0,0.0,1.0
1728000.0,6.0,42.0,12000000.0,3500000.0,256655.0,11.0,7.0,0.0,2.0,1210000.0,1.0,0.0
3600000.0,6.0,27.0,15000000.0,2000000.0,533952.0,7.0,2.0,0.0,0.0,908526.0,1.0,0.0
1542840.0,12.0,27.0,1200000.0,400000.0,120810.0,2.0,1.0,0.0,1.0,908526.0,1.0,0.0
1108388.4,10.0,21.0,2000000.0,800000.0,94255.0,5.0,1.0,0.0,3.0,908526.0,1.0,0.0
1035255.6,10.0,26.0,3000000.0,1500000.0,88128.0,0.0,0.0,0.0,0.0,881581.0,1.0,0.0
7506279.6,10.0,33.0,10000000.0,4000000.0,638989.0,35.0,9.0,0.0,24.0,4200000.0,0.0,1.0
6586976.399999999,10.0,29.0,4000000.0,1500000.0,558677.0,21.0,8.0,1.0,8.0,1333333.0,1.0,0.0
4532400.0,36.0,64.0,7725000.0,2274000.0,171015.0,7.0,5.0,1.0,0.0,1210000.0,1.0,0.0
3826800.0,12.0,31.0,2500000.0,300000.0,301180.0,6.0,4.0,0.0,0.0,916148.0,0.0,1.0
2352000.0,6.0,60.0,2000000.0,600000.0,349911.0,6.0,4.0,0.0,1.0,2084474.0,1.0,0.0
1696657.2,11.0,121.0,500000000.0,100000000.0,131779.0,0.0,0.0,0.0,0.0,1210000.0,1.0,0.0
5670720.0,36.0,39.0,5000000.0,0.0,183354.0,10.0,5.0,0.0,0.0,1210000.0,1.0,0.0
1185660.0,2.0,37.0,5000000.0,2000000.0,467909.0,20.0,13.0,0.0,5.0,801705.0,0.0,1.0
1679880.0,6.0,39.0,1800000.0,350000.0,233317.0,1.0,0.0,0.0,0.0,908526.0,1.0,0.0
3960000.0,12.0,122.0,69301000.0,29957000.0,275000.0,0.0,0.0,0.0,0.0,1210000.0,1.0,0.0
1804800.0,6.0,40.0,2900000.0,1500000.0,269395.0,7.0,3.0,0.0,3.0,1210000.0,1.0,0.0
2888496.0,9.0,57.0,3000000.0,1500000.0,271312.0,6.0,4.0,0.0,0.0,1210000.0,1.0,0.0
1133520.0,6.0,50.0,3000000.0,1800000.0,168931.0,5.0,3.0,0.0,0.0,1210000.0,1.0,0.0
1079880.0,6.0,52.0,4000000.0,550000.0,160392.0,3.0,0.0,0.0,1.0,1210000.0,0.0,1.0
11040000.0,6.0,52.0,15000000.0,5000000.0,1635622.0,9.0,6.0,0.0,0.0,2200000.0,0.0,1.0
2580000.0,36.0,27.0,4560000.0,945000.0,94145.0,7.0,5.0,0.0,1.0,1017705.0,1.0,0.0
1694400.0,6.0,64.0,5500000.0,1000000.0,252916.0,5.0,2.0,0.0,1.0,615779.0,1.0,0.0
3840000.0,36.0,38.0,1600000.0,800000.0,124138.0,7.0,3.0,0.0,1.0,908526.0,1.0,0.0
3347640.0,10.0,30.0,1900000.0,400000.0,311411.0,4.0,2.0,0.0,0.0,1210000.0,0.0,1.0
1548000.0,6.0,61.0,1400000.0,500000.0,231064.0,1.0,0.0,0.0,1.0,1210000.0,0.0,1.0
497760.0,10.0,24.0,1200000.0,900000.0,42262.0,3.0,2.0,0.0,0.0,1791500.0,1.0,0.0
5451720.0,18.0,39.0,2400000.0,500000.0,301739.0,2.0,1.0,0.0,0.0,2067940.0,1.0,0.0
2072280.0,12.0,47.0,1300000.0,600000.0,143908.0,3.0,1.0,0.0,0.0,1345833.0,1.0,0.0
1648836.0,6.0,60.0,2170000.0,1221000.0,246936.0,5.0,0.0,1.0,2.0,1210000.0,0.0,1.0
1386820.8,10.0,68.0,2800000.0,1500000.0,117439.0,5.0,1.0,0.0,4.0,1210000.0,1.0,0.0
1065600.0,24.0,34.0,2630000.0,484000.0,51863.0,3.0,0.0,2.0,0.0,3288862.0,1.0,0.0
2454720.0,18.0,31.0,1076667.0,149000.0,140644.0,2.0,1.0,0.0,0.0,33334.0,1.0,0.0
761760.0,12.0,50.0,1853000.0,78000.0,61313.0,3.0,2.0,0.0,0.0,975052.0,1.0,0.0
480000.0,12.0,26.0,3500000.0,1000000.0,37586.0,3.0,0.0,0.0,1.0,851322.0,1.0,0.0
672000.0,6.0,39.0,2000000.0,500000.0,99901.0,3.0,0.0,0.0,1.0,1210000.0,0.0,1.0
4693680.0,36.0,45.0,2700000.0,250000.0,151736.0,8.0,0.0,0.0,5.0,923771.0,1.0,0.0
6000000.0,6.0,31.0,13000000.0,5000000.0,895644.0,4.0,3.0,0.0,0.0,7636364.0,1.0,0.0
2110321.1999999997,12.0,37.0,6000000.0,1000000.0,146550.0,10.0,5.0,0.0,1.0,6528013.0,1.0,0.0
1777920.0,6.0,27.0,2300000.0,500000.0,264070.0,3.0,2.0,0.0,0.0,1202963.0,1.0,0.0
3087000.0,12.0,51.0,3500000.0,1500000.0,242528.0,6.0,4.0,0.0,2.0,1569526.0,0.0,1.0
1392000.0,6.0,54.0,2960000.0,0.0,210244.0,2.0,1.0,0.0,1.0,1210000.0,0.0,1.0
2885880.0,12.0,25.0,2500000.0,500000.0,200408.0,4.0,0.0,0.0,2.0,1160000.0,1.0,0.0
2400000.0,6.0,58.0,2000000.0,255000.0,360696.0,3.0,1.0,0.0,1.0,2894951.0,1.0,0.0
435240.0,8.0,53.0,3800000.0,800000.0,50325.0,9.0,4.0,1.0,2.0,1210000.0,0.0,1.0
819360.0,6.0,32.0,1200000.0,400000.0,121614.0,6.0,1.0,0.0,3.0,618933.0,1.0,0.0
2827244.4,9.0,45.0,6000000.0,4500000.0,263788.0,6.0,4.0,0.0,1.0,1500000.0,1.0,0.0
4875120.0,18.0,61.0,1700000.0,400000.0,269794.0,6.0,1.0,1.0,3.0,1813193.0,1.0,0.0
2377200.0,10.0,52.0,5000000.0,0.0,219386.0,7.0,5.0,0.0,1.0,5696896.0,1.0,0.0
2113740.0,6.0,43.0,4500000.0,1200000.0,313519.0,5.0,0.0,0.0,3.0,908526.0,1.0,0.0
4272915.6,11.0,25.0,1228000.0,0.0,346834.0,2.0,0.0,0.0,1.0,3244490.0,1.0,0.0
12480000.0,6.0,42.0,14000000.0,4000000.0,1853620.0,5.0,3.0,0.0,0.0,908526.0,0.0,1.0
1607880.0,12.0,41.0,4000000.0,2500000.0,127104.0,4.0,1.0,0.0,2.0,1210000.0,0.0,1.0
4587300.0,10.0,28.0,6000000.0,1950000.0,425128.0,10.0,5.0,0.0,3.0,5599949.0,1.0,0.0
1352313.5999999999,9.0,36.0,3000000.0,1000000.0,126294.0,2.0,0.0,0.0,1.0,1210000.0,1.0,0.0
1521720.0,12.0,30.0,3000000.0,1500000.0,119553.0,8.0,3.0,0.0,3.0,1210000.0,0.0,1.0
3452146.8,11.0,27.0,2100000.0,2543000.0,272742.0,5.0,3.0,1.0,0.0,2181768.0,1.0,0.0
2138400.0,10.0,53.0,1500000.0,400000.0,197347.0,5.0,0.0,2.0,0.0,1210000.0,0.0,1.0
1200000.0,6.0,43.0,2000000.0,500000.0,178526.0,4.0,3.0,0.0,1.0,2068925.0,1.0,0.0
1348800.0,12.0,57.0,1900000.0,760000.0,106143.0,2.0,1.0,0.0,0.0,30285.0,0.0,1.0
1435080.0,6.0,49.0,5000000.0,1000000.0,213283.0,7.0,4.0,0.0,1.0,931394.0,0.0,1.0
5047422.0,6.0,32.0,20000000.0,8000000.0,755989.0,5.0,2.0,0.0,1.0,1000000.0,0.0,1.0
2931267.6,10.0,34.0,2500000.0,1200000.0,249531.0,11.0,5.0,0.0,4.0,1270000.0,0.0,1.0
3355632.0,36.0,41.0,1500000.0,700000.0,107955.0,8.0,1.0,0.0,7.0,1576294.0,1.0,0.0
2862000.0,12.0,28.0,4000000.0,1300000.0,224291.0,5.0,2.0,0.0,1.0,926820.0,1.0,0.0
856800.0,12.0,24.0,1200000.0,260000.0,67723.0,5.0,1.0,0.0,2.0,1136249.0,1.0,0.0
878880.0,8.0,63.0,5000000.0,2000000.0,91585.0,8.0,1.0,3.0,4.0,1210000.0,0.0,1.0
3546866.4,10.0,122.0,7300503.0,785980.0,300829.0,0.0,0.0,0.0,0.0,1210000.0,1.0,0.0
1311600.0,8.0,57.0,3800000.0,1800000.0,151205.0,20.0,2.0,0.0,15.0,1210000.0,0.0,1.0
1447200.0,6.0,31.0,1420000.0,700000.0,218066.0,6.0,0.0,0.0,6.0,1256697.0,1.0,0.0
11808000.0,6.0,36.0,12000000.0,6000000.0,1755508.0,6.0,2.0,0.0,0.0,1210000.0,0.0,1.0
710940.0,6.0,29.0,2500000.0,0.0,106119.0,6.0,2.0,0.0,3.0,1210000.0,1.0,0.0
3225480.0,12.0,48.0,2800000.0,1300000.0,223992.0,5.0,1.0,2.0,0.0,3269718.0,1.0,0.0
2350683.6,9.0,36.0,1800000.0,1400000.0,219849.0,5.0,3.0,1.0,0.0,1210000.0,1.0,0.0
1477755.5999999999,6.0,42.0,1900000.0,500000.0,219700.0,5.0,5.0,0.0,0.0,433334.0,0.0,1.0
3871216.8,10.0,31.0,5000000.0,2500000.0,328339.0,7.0,2.0,3.0,0.0,7984375.0,1.0,0.0
2160000.0,24.0,20.0,1200269.0,381000.0,100088.0,3.0,0.0,0.0,3.0,1215971.0,1.0,0.0
2234280.0,12.0,31.0,3700000.0,1000000.0,175535.0,3.0,2.0,1.0,0.0,908526.0,1.0,0.0
8404800.0,36.0,48.0,9500000.0,3000000.0,271707.0,17.0,13.0,0.0,2.0,923771.0,1.0,0.0
3871393.1999999997,11.0,25.0,4130000.0,2000000.0,302065.0,4.0,2.0,0.0,2.0,3570985.0,1.0,0.0
2990280.0,12.0,24.0,3200000.0,1000000.0,207658.0,10.0,5.0,2.0,0.0,400000.0,1.0,0.0
1045320.0,12.0,25.0,2000000.0,300000.0,82057.0,4.0,0.0,1.0,2.0,1210000.0,0.0,1.0
3424414.8,10.0,38.0,0.0,0.0,290443.0,3.0,0.0,2.0,0.0,1210000.0,0.0,1.0
1621383.5999999999,9.0,58.0,2000000.0,0.0,151206.0,6.0,6.0,0.0,0.0,908526.0,1.0,0.0
4344000.0,6.0,43.0,20000000.0,10000000.0,645827.0,5.0,2.0,1.0,1.0,1000000.0,0.0,1.0
2970240.0,36.0,57.0,1500000.0,250000.0,101980.0,4.0,3.0,1.0,0.0,1004375.0,1.0,0.0
2218362.0,10.0,59.0,1200000.0,200000.0,188151.0,2.0,2.0,0.0,0.0,908526.0,1.0,0.0
1200000.0,12.0,37.0,2800000.0,680000.0,93964.0,2.0,2.0,0.0,0.0,4133333.0,1.0,0.0
1852965.5999999999,9.0,50.0,3000000.0,1000000.0,173714.0,4.0,2.0,0.0,2.0,1210000.0,0.0,1.0
834000.0,12.0,24.0,2500000.0,700000.0,65712.0,1.0,0.0,0.0,1.0,1407037.0,1.0,0.0
1020000.0,8.0,65.0,3000000.0,900000.0,116534.0,6.0,3.0,1.0,0.0,3251464.0,1.0,0.0
720000.0,6.0,42.0,2200000.0,0.0,107043.0,5.0,1.0,0.0,1.0,1210000.0,1.0,0.0
1655760.0,12.0,35.0,1200000.0,200000.0,114983.0,2.0,0.0,0.0,1.0,1399734.0,1.0,0.0
2880000.0,6.0,59.0,5000000.0,2500000.0,427466.0,11.0,9.0,0.0,0.0,1250000.0,0.0,1.0
3134666.4,10.0,34.0,6500000.0,3800000.0,265868.0,8.0,2.0,1.0,2.0,1100000.0,1.0,0.0
1269000.0,5.0,54.0,5000000.0,2000000.0,205691.0,11.0,4.0,0.0,4.0,1210000.0,0.0,1.0
3197880.0,12.0,57.0,5000000.0,1500000.0,222075.0,13.0,4.0,0.0,6.0,1210000.0,0.0,1.0
2575200.0,12.0,48.0,3000000.0,1200000.0,202570.0,4.0,0.0,0.0,3.0,1210000.0,0.0,1.0
3057480.0,12.0,38.0,3500000.0,2500000.0,239451.0,3.0,1.0,2.0,0.0,2751101.0,1.0,0.0
1525081.2,6.0,35.0,3000000.0,1000000.0,227272.0,4.0,3.0,0.0,0.0,1210000.0,1.0,0.0
2759641.1999999997,12.0,37.0,5000000.0,2000000.0,191642.0,12.0,9.0,0.0,1.0,5557808.0,1.0,0.0
933390.0,5.0,26.0,1850000.0,700000.0,151380.0,4.0,3.0,0.0,1.0,1573845.0,1.0,0.0
3042780.0,6.0,57.0,3000000.0,400000.0,451936.0,1.0,0.0,0.0,0.0,931394.0,0.0,1.0
770280.0,8.0,31.0,1500000.0,700000.0,87366.0,7.0,2.0,1.0,3.0,1014485.0,1.0,0.0
4493617.2,6.0,29.0,1000000.0,196000.0,621726.0,4.0,1.0,1.0,1.0,972557.0,0.0,1.0
1307520.0,12.0,26.0,3000000.0,1200000.0,102400.0,9.0,2.0,1.0,5.0,955555.0,1.0,0.0
1656000.0,24.0,22.0,1200000.0,300000.0,72782.0,2.0,0.0,0.0,1.0,1224400.0,1.0,0.0
2778360.0,6.0,32.0,4000000.0,900000.0,412662.0,3.0,1.0,0.0,1.0,1726210.0,1.0,0.0
13658400.0,12.0,43.0,10000000.0,500000.0,1074396.0,7.0,5.0,0.0,1.0,1210000.0,1.0,0.0
2332068.0,9.0,44.0,3000000.0,2000000.0,218630.0,4.0,3.0,0.0,0.0,9390921.0,1.0,0.0
1063916.4,6.0,46.0,6000000.0,0.0,158120.0,1.0,0.0,0.0,1.0,917673.0,0.0,1.0
2890814.4,9.0,32.0,3800000.0,1500000.0,270365.0,12.0,4.0,0.0,8.0,2939705.0,1.0,0.0
1879372.8,7.0,36.0,7132971.0,3000000.0,222287.0,9.0,8.0,0.0,0.0,8589913.0,1.0,0.0
3276768.0,10.0,52.0,0.0,0.0,301612.0,4.0,2.0,2.0,0.0,966736.0,0.0,1.0
1728000.0,8.0,30.0,4661276.0,930000.0,200403.0,4.0,3.0,0.0,0.0,4592592.0,1.0,0.0
2073198.0,3.0,68.0,3540000.0,1102000.0,556849.0,4.0,3.0,0.0,0.0,1210000.0,1.0,0.0
1832400.0,24.0,43.0,2600000.0,600000.0,80551.0,3.0,2.0,0.0,0.0,1538642.0,1.0,0.0
480000.0,6.0,40.0,1000000.0,123000.0,71887.0,1.0,1.0,0.0,0.0,969638.0,0.0,1.0
1269000.0,4.0,32.0,4000000.0,2000000.0,254887.0,9.0,5.0,0.0,3.0,835593.0,0.0,1.0
5762640.0,12.0,39.0,4000000.0,2000000.0,400183.0,4.0,1.0,0.0,2.0,1000000.0,0.0,1.0
525982.7999999999,6.0,43.0,1800000.0,300000.0,78383.0,4.0,2.0,0.0,1.0,1210000.0,0.0,1.0
7900800.0,12.0,41.0,20000000.0,7000000.0,621492.0,6.0,3.0,0.0,0.0,908526.0,0.0,1.0
538680.0,3.0,67.0,1500000.0,700000.0,143066.0,3.0,2.0,0.0,1.0,1210000.0,1.0,0.0
6927600.0,18.0,41.0,7000000.0,0.0,384394.0,2.0,1.0,0.0,1.0,1052777.0,1.0,0.0
3744000.0,6.0,39.0,3470000.0,6973000.0,563541.0,6.0,4.0,1.0,0.0,1210000.0,0.0,1.0
1649280.0,6.0,51.0,12000000.0,4000000.0,244796.0,8.0,1.0,0.0,3.0,30285.0,1.0,0.0
1608415.2,6.0,26.0,4000000.0,2000000.0,239111.0,1.0,0.0,0.0,0.0,1637087.0,1.0,0.0
1185660.0,2.0,29.0,5000000.0,2000000.0,467566.0,3.0,2.0,0.0,0.0,2050000.0,0.0,1.0
981525.6,9.0,43.0,1700000.0,1000000.0,91973.0,7.0,5.0,1.0,0.0,1319844.0,1.0,0.0
4515600.0,24.0,28.0,3000000.0,500000.0,196931.0,8.0,5.0,0.0,0.0,863151.0,0.0,1.0
7467600.0,36.0,33.0,2500000.0,1000000.0,259292.0,5.0,2.0,1.0,1.0,1210000.0,0.0,1.0
792000.0,12.0,41.0,3500000.0,800000.0,62403.0,11.0,4.0,0.0,2.0,1007750.0,0.0,1.0
1953600.0,18.0,51.0,4500000.0,250000.0,108114.0,2.0,0.0,0.0,0.0,1210000.0,1.0,0.0
1200000.0,12.0,42.0,3500000.0,200000.0,94277.0,5.0,5.0,0.0,0.0,1240935.0,1.0,0.0
1124550.0,10.0,45.0,5391780.0,5000000.0,95630.0,10.0,6.0,1.0,1.0,5495679.0,1.0,0.0
1926000.0,6.0,59.0,8000000.0,2400000.0,286259.0,4.0,2.0,0.0,0.0,946394.0,0.0,1.0
2739888.0,12.0,58.0,1800000.0,800000.0,214722.0,3.0,1.0,0.0,1.0,1898044.0,1.0,0.0
1404000.0,10.0,45.0,3000000.0,800000.0,130116.0,10.0,6.0,0.0,3.0,908526.0,0.0,1.0
2635389.6,10.0,34.0,6008000.0,3081000.0,236256.0,9.0,7.0,0.0,0.0,1210000.0,1.0,0.0
6676800.0,6.0,43.0,6000000.0,3000000.0,988295.0,5.0,2.0,0.0,2.0,904137.0,0.0,1.0
3155095.1999999997,9.0,55.0,4000000.0,2000000.0,294236.0,4.0,1.0,0.0,2.0,923771.0,0.0,1.0
1320000.0,8.0,51.0,1500000.0,700000.0,150161.0,3.0,2.0,1.0,0.0,1642839.0,1.0,0.0
1249516.8,6.0,52.0,1000000.0,0.0,188279.0,4.0,4.0,0.0,0.0,1000000.0,1.0,0.0
1175266.8,10.0,28.0,2000000.0,800000.0,99681.0,0.0,0.0,0.0,0.0,1560292.0,1.0,0.0
2169558.0,10.0,39.0,5000000.0,4000000.0,184012.0,8.0,6.0,0.0,0.0,1981817.0,0.0,1.0
1390800.0,12.0,48.0,2000000.0,600000.0,108923.0,8.0,4.0,0.0,2.0,1825198.0,1.0,0.0
2671850.4,9.0,36.0,5500000.0,4500000.0,249528.0,8.0,4.0,2.0,1.0,1210000.0,1.0,0.0
4080000.0,12.0,40.0,4230000.0,1061000.0,333502.0,5.0,3.0,0.0,0.0,1210000.0,1.0,0.0
679606.7999999999,12.0,31.0,8000000.0,6000000.0,47195.0,6.0,6.0,0.0,0.0,4230555.0,1.0,0.0
548232.0,2.0,53.0,5000000.0,2000000.0,216195.0,10.0,6.0,0.0,2.0,931394.0,0.0,1.0
976728.0,9.0,122.0,50000000.0,0.0,91305.0,0.0,0.0,0.0,0.0,1210000.0,1.0,0.0
2986800.0,12.0,26.0,2700000.0,1000000.0,233877.0,6.0,3.0,0.0,2.0,700000.0,0.0,1.0
5317200.0,8.0,39.0,15000000.0,4000000.0,603051.0,12.0,7.0,0.0,0.0,908526.0,1.0,0.0
4735464.0,24.0,31.0,4700000.0,2000000.0,206285.0,4.0,0.0,2.0,0.0,5081580.0,1.0,0.0
840000.0,6.0,52.0,4650000.0,2563000.0,127303.0,12.0,9.0,0.0,2.0,983368.0,1.0,0.0
2448840.0,12.0,63.0,1300000.0,300000.0,170058.0,6.0,1.0,2.0,0.0,1300245.0,1.0,0.0
3822528.0,10.0,31.0,4000000.0,800000.0,324209.0,7.0,3.0,0.0,2.0,1210000.0,1.0,0.0
878880.0,8.0,48.0,5000000.0,2000000.0,91704.0,5.0,3.0,0.0,2.0,1210000.0,0.0,1.0
1515538.8,6.0,49.0,4000000.0,800000.0,224709.0,9.0,6.0,0.0,0.0,469405.0,1.0,0.0
2550564.0,9.0,54.0,5000000.0,3000000.0,238543.0,12.0,5.0,0.0,5.0,1210000.0,1.0,0.0
821208.0,2.0,61.0,5000000.0,2000000.0,323939.0,9.0,6.0,0.0,2.0,976666.0,0.0,1.0
2856360.0,6.0,42.0,3810000.0,798000.0,427818.0,7.0,6.0,0.0,0.0,2750000.0,1.0,0.0
2110166.4,11.0,35.0,3300000.0,1500000.0,165303.0,8.0,1.0,1.0,3.0,6242973.0,1.0,0.0
492000.0,6.0,34.0,1762000.0,720000.0,74938.0,19.0,8.0,0.0,10.0,1118546.0,1.0,0.0
699300.0,6.0,23.0,2000000.0,300000.0,103723.0,3.0,1.0,0.0,1.0,2300302.0,1.0,0.0
8016000.0,6.0,33.0,10000000.0,2300000.0,1191677.0,8.0,6.0,0.0,2.0,3300000.0,0.0,1.0
1200000.0,12.0,25.0,2280000.0,812000.0,98682.0,6.0,3.0,0.0,0.0,1716461.0,1.0,0.0
2160000.0,12.0,31.0,1510000.0,69000.0,175349.0,2.0,1.0,0.0,0.0,958333.0,1.0,0.0
4390122.0,5.0,122.0,4435921.0,2060000.0,711589.0,0.0,0.0,0.0,0.0,1210000.0,1.0,0.0
10392000.0,10.0,44.0,3460000.0,1030000.0,981676.0,6.0,2.0,1.0,1.0,1327795.0,0.0,1.0
541789.2,6.0,67.0,1910000.0,246000.0,81637.0,6.0,2.0,0.0,1.0,1210000.0,0.0,1.0
3650000.4,12.0,43.0,4700000.0,1500000.0,287235.0,10.0,8.0,0.0,0.0,1210000.0,1.0,0.0
600000.0,6.0,50.0,1600000.0,400000.0,89197.0,5.0,1.0,0.0,1.0,908526.0,0.0,1.0
2862009.6,11.0,122.0,586830730.0,96433111.0,242035.0,0.0,0.0,0.0,0.0,1210000.0,1.0,0.0
2400000.0,10.0,50.0,2400000.0,1000000.0,222420.0,4.0,2.0,0.0,1.0,808333.0,1.0,0.0
527640.0,6.0,68.0,6600000.0,450000.0,73283.0,15.0,7.0,0.0,3.0,1210000.0,1.0,0.0
1840440.0,6.0,29.0,1800000.0,500000.0,255617.0,7.0,2.0,0.0,0.0,908526.0,1.0,0.0
1701302.4,10.0,52.0,2500000.0,1000000.0,144297.0,7.0,5.0,1.0,1.0,3597450.0,1.0,0.0
3672960.0,6.0,53.0,2000000.0,400000.0,510133.0,0.0,0.0,0.0,0.0,1090276.0,1.0,0.0
1170000.0,6.0,31.0,2000000.0,700000.0,173340.0,1.0,0.0,0.0,0.0,908526.0,0.0,1.0
788281.2,12.0,51.0,1500000.0,500000.0,54742.0,6.0,3.0,0.0,0.0,832877.0,1.0,0.0
2484000.0,6.0,45.0,3735000.0,0.0,384628.0,1.0,0.0,0.0,0.0,1240000.0,0.0,1.0
2994000.0,6.0,44.0,4200000.0,1200000.0,443879.0,10.0,8.0,0.0,1.0,1210000.0,1.0,0.0
960000.0,6.0,52.0,1000000.0,77000.0,144997.0,2.0,1.0,0.0,0.0,966736.0,1.0,0.0
1008471.6,10.0,21.0,1500000.0,800000.0,85534.0,0.0,0.0,0.0,0.0,1774484.0,1.0,0.0
1320000.0,12.0,37.0,1500000.0,600000.0,104347.0,4.0,3.0,0.0,1.0,66667.0,0.0,1.0
878880.0,3.0,30.0,5000000.0,2000000.0,233328.0,4.0,0.0,0.0,1.0,30285.0,0.0,1.0
1780800.0,6.0,34.0,2000000.0,300000.0,263833.0,3.0,1.0,0.0,1.0,47548.0,0.0,1.0
768000.0,6.0,44.0,2000000.0,800000.0,114250.0,6.0,3.0,0.0,2.0,923771.0,1.0,0.0
5027774.399999999,10.0,36.0,20126000.0,16020000.0,450728.0,8.0,6.0,0.0,0.0,2274629.0,1.0,0.0
2271360.0,12.0,26.0,2500000.0,650000.0,157733.0,4.0,2.0,0.0,0.0,915107.0,1.0,0.0
4158232.8,10.0,28.0,3330000.0,3196000.0,360500.0,2.0,1.0,0.0,1.0,9963000.0,1.0,0.0
480000.0,12.0,63.0,2000000.0,700000.0,37944.0,4.0,0.0,0.0,3.0,916148.0,1.0,0.0
4991040.0,12.0,35.0,8250000.0,6000000.0,346600.0,5.0,3.0,0.0,1.0,8087269.0,1.0,0.0
1475880.0,6.0,29.0,1680000.0,266000.0,222147.0,5.0,2.0,0.0,2.0,1681182.0,1.0,0.0
1451221.2,12.0,55.0,3000000.0,1000000.0,113730.0,5.0,3.0,0.0,1.0,1210000.0,0.0,1.0
1764000.0,6.0,44.0,2000000.0,400000.0,264207.0,3.0,0.0,0.0,2.0,30285.0,0.0,1.0
1402200.0,6.0,50.0,5000000.0,2000000.0,207974.0,8.0,0.0,0.0,4.0,6258353.0,1.0,0.0
2851920.0,8.0,32.0,3000000.0,250000.0,323730.0,4.0,2.0,0.0,1.0,931394.0,1.0,0.0
7103640.0,24.0,28.0,3000000.0,100000.0,246654.0,5.0,2.0,0.0,1.0,1741530.0,1.0,0.0
1464720.0,9.0,53.0,3742000.0,3742000.0,137120.0,4.0,1.0,2.0,0.0,1210000.0,0.0,1.0
1636680.0,6.0,40.0,4000000.0,2000000.0,227317.0,10.0,5.0,0.0,1.0,5970675.0,1.0,0.0
833766.0,6.0,31.0,2200000.0,300000.0,125636.0,8.0,2.0,0.0,5.0,988565.0,1.0,0.0
2194920.0,12.0,37.0,800000.0,200000.0,172442.0,5.0,1.0,0.0,4.0,1210000.0,0.0,1.0
1680000.0,6.0,25.0,1117000.0,360000.0,249753.0,1.0,0.0,0.0,0.0,1265977.0,1.0,0.0
3217440.0,6.0,42.0,5490000.0,1870000.0,487608.0,9.0,7.0,0.0,2.0,1040343.0,1.0,0.0
2570160.0,18.0,31.0,2500000.0,500000.0,142505.0,6.0,2.0,0.0,2.0,925157.0,1.0,0.0
686400.0,8.0,51.0,3000000.0,1000000.0,77988.0,19.0,0.0,0.0,16.0,586000.0,0.0,1.0
2016000.0,12.0,33.0,6000000.0,2000000.0,159822.0,4.0,1.0,0.0,2.0,1210000.0,0.0,1.0
780000.0,12.0,24.0,2300000.0,700000.0,61382.0,5.0,2.0,0.0,1.0,1210000.0,1.0,0.0
1636440.0,6.0,53.0,2060000.0,505000.0,247164.0,4.0,3.0,0.0,0.0,2093785.0,1.0,0.0
6710700.0,12.0,44.0,7000000.0,500000.0,525559.0,11.0,7.0,0.0,0.0,5595638.0,1.0,0.0
550030.7999999999,10.0,27.0,1400000.0,300000.0,51166.0,6.0,5.0,0.0,1.0,1280749.0,1.0,0.0
14208000.0,12.0,48.0,25000000.0,18000000.0,1116242.0,12.0,8.0,0.0,1.0,1216666.0,0.0,1.0
1187400.0,6.0,39.0,1200000.0,500000.0,176961.0,2.0,1.0,0.0,1.0,908526.0,1.0,0.0
1712686.8,10.0,34.0,2800000.0,1500000.0,145796.0,4.0,2.0,0.0,1.0,4471189.0,1.0,0.0
1109160.0,2.0,57.0,5000000.0,2000000.0,437526.0,7.0,5.0,0.0,1.0,939017.0,1.0,0.0
1414260.0,6.0,38.0,7500000.0,3500000.0,209913.0,11.0,9.0,0.0,0.0,8211625.0,1.0,0.0
1809360.0,12.0,54.0,2000000.0,0.0,145305.0,7.0,2.0,1.0,3.0,954263.0,0.0,1.0
4200000.0,12.0,60.0,3000000.0,1000000.0,329560.0,4.0,0.0,1.0,1.0,3860684.0,1.0,0.0
2131670.4,10.0,41.0,2000000.0,1000000.0,181463.0,6.0,3.0,0.0,0.0,1018333.0,1.0,0.0
5900520.0,3.0,41.0,5269000.0,842000.0,1573211.0,10.0,9.0,0.0,0.0,3146686.0,1.0,0.0
1963357.2,11.0,56.0,3300000.0,1400000.0,152754.0,3.0,0.0,2.0,0.0,921593.0,0.0,1.0
9141487.2,9.0,122.0,3254979000.0,1254929000.0,856599.0,0.0,0.0,0.0,0.0,1210000.0,1.0,0.0
1001878.7999999999,6.0,40.0,2280000.0,0.0,153010.0,3.0,0.0,0.0,2.0,132083.0,0.0,1.0
3798026.4,10.0,37.0,4690000.0,1910000.0,326712.0,7.0,4.0,0.0,2.0,1210000.0,1.0,0.0
1604400.0,6.0,62.0,4000000.0,2000000.0,218705.0,6.0,4.0,0.0,1.0,1565000.0,0.0,1.0
2952000.0,6.0,63.0,10000000.0,4000000.0,438433.0,12.0,4.0,2.0,3.0,1854160.0,0.0,1.0
2992080.0,12.0,31.0,3000000.0,1200000.0,235052.0,10.0,1.0,0.0,6.0,2952911.0,1.0,0.0
3901020.0,6.0,23.0,4000000.0,2800000.0,579408.0,6.0,2.0,0.0,1.0,718169.0,0.0,1.0
2211000.0,6.0,31.0,10000000.0,6000000.0,329510.0,4.0,2.0,0.0,1.0,1210000.0,1.0,0.0
2093484.0,9.0,58.0,4750000.0,3300000.0,195513.0,9.0,7.0,0.0,1.0,3859409.0,1.0,0.0
431640.0,6.0,41.0,3500000.0,550000.0,64110.0,21.0,9.0,0.0,11.0,1083636.0,1.0,0.0
2796000.0,12.0,31.0,2500000.0,800000.0,219666.0,3.0,1.0,0.0,0.0,923771.0,1.0,0.0
1850040.0,6.0,42.0,1940000.0,0.0,278493.0,3.0,2.0,0.0,0.0,1210000.0,1.0,0.0
622214.4,6.0,35.0,3000000.0,400000.0,92374.0,2.0,0.0,0.0,1.0,1210000.0,0.0,1.0
7217083.2,10.0,122.0,399344778.0,274624227.0,613727.0,0.0,0.0,0.0,0.0,1210000.0,1.0,0.0
3585960.0,12.0,31.0,3375000.0,0.0,299805.0,4.0,3.0,0.0,0.0,2340752.0,1.0,0.0
1400280.0,8.0,66.0,3000000.0,1000000.0,159144.0,3.0,1.0,0.0,2.0,1459449.0,1.0,0.0
5325000.0,8.0,42.0,2273000.0,0.0,629486.0,2.0,0.0,0.0,1.0,866667.0,0.0,1.0
1788348.0,9.0,51.0,3000000.0,1100000.0,166777.0,6.0,6.0,0.0,0.0,905733.0,0.0,1.0
1979380.7999999998,6.0,37.0,4000000.0,0.0,294177.0,5.0,1.0,0.0,4.0,1210000.0,0.0,1.0
2436000.0,10.0,49.0,2300000.0,300000.0,229653.0,5.0,2.0,0.0,2.0,388889.0,1.0,0.0
670760.4,10.0,24.0,2000000.0,500000.0,57100.0,5.0,4.0,0.0,1.0,1210000.0,0.0,1.0
4456441.2,12.0,29.0,6000000.0,2000000.0,309475.0,5.0,5.0,0.0,0.0,4789451.0,0.0,1.0
3300210.0,11.0,26.0,2600000.0,900000.0,257205.0,5.0,4.0,0.0,1.0,1200000.0,1.0,0.0
2206440.0,12.0,56.0,3000000.0,500000.0,153225.0,0.0,0.0,0.0,0.0,466667.0,1.0,0.0
2100024.0,10.0,46.0,2000000.0,1600000.0,178769.0,7.0,2.0,0.0,3.0,1818750.0,1.0,0.0
408000.0,8.0,52.0,1200000.0,170000.0,47175.0,5.0,2.0,0.0,2.0,1210000.0,0.0,1.0
2822823.6,48.0,29.0,2800000.0,0.0,49007.0,6.0,4.0,0.0,1.0,2748150.0,1.0,0.0
1295880.0,12.0,32.0,2000000.0,600000.0,101683.0,3.0,3.0,0.0,0.0,1987364.0,1.0,0.0
2849280.0,12.0,29.0,6400000.0,2000000.0,223283.0,9.0,6.0,0.0,1.0,3437040.0,1.0,0.0
2693880.0,12.0,28.0,2600000.0,350000.0,211643.0,3.0,2.0,0.0,0.0,908526.0,1.0,0.0
2718960.0,12.0,30.0,4500000.0,500000.0,188817.0,4.0,2.0,1.0,0.0,964727.0,1.0,0.0
2323322.4,6.0,26.0,3000000.0,1300000.0,345077.0,7.0,4.0,0.0,0.0,1924928.0,1.0,0.0
951900.0,6.0,27.0,2000000.0,900000.0,141383.0,7.0,5.0,0.0,0.0,925157.0,0.0,1.0
2969400.0,36.0,43.0,1979730.0,850000.0,96638.0,8.0,4.0,0.0,1.0,1978985.0,1.0,0.0
511200.0,6.0,22.0,908526.0,564000.0,76559.0,6.0,3.0,0.0,2.0,809634.0,1.0,0.0
2471880.0,12.0,51.0,3900000.0,1800000.0,194202.0,11.0,7.0,0.0,3.0,2233750.0,1.0,0.0
2409705.6,10.0,26.0,2000000.0,625000.0,205132.0,4.0,1.0,0.0,1.0,922222.0,1.0,0.0
6024000.0,6.0,49.0,8000000.0,3800000.0,902177.0,7.0,4.0,3.0,0.0,1210000.0,0.0,1.0
2522097.6,10.0,25.0,4000000.0,1500000.0,216238.0,8.0,2.0,0.0,4.0,996568.0,1.0,0.0
1528560.0,18.0,51.0,2500000.0,700000.0,85702.0,15.0,4.0,1.0,8.0,954263.0,0.0,1.0
1646400.0,12.0,30.0,1809000.0,0.0,137200.0,1.0,0.0,0.0,0.0,2226810.0,1.0,0.0
4463388.0,12.0,59.0,4240000.0,800000.0,351244.0,4.0,2.0,0.0,0.0,1210000.0,1.0,0.0
1546680.0,6.0,57.0,1800000.0,800000.0,214817.0,1.0,1.0,0.0,0.0,1210000.0,1.0,0.0
2159791.1999999997,8.0,29.0,7600000.0,2000000.0,245376.0,10.0,8.0,1.0,1.0,1210000.0,1.0,0.0
3256372.8,11.0,39.0,3400000.0,1500000.0,253788.0,2.0,2.0,0.0,0.0,1210000.0,1.0,0.0
667800.0,6.0,50.0,3800000.0,1025000.0,99115.0,8.0,4.0,1.0,2.0,1210000.0,0.0,1.0
2340000.0,12.0,37.0,3100000.0,200000.0,183599.0,3.0,2.0,0.0,0.0,3021448.0,1.0,0.0
8400000.0,24.0,35.0,9860000.0,6764000.0,395804.0,15.0,9.0,0.0,2.0,4000000.0,1.0,0.0
2763224.4,9.0,58.0,3400000.0,1400000.0,258061.0,6.0,1.0,1.0,3.0,984236.0,0.0,1.0
3407908.8,11.0,38.0,5000000.0,2500000.0,265599.0,7.0,5.0,1.0,0.0,1200000.0,1.0,0.0
1996440.0,10.0,66.0,900000.0,400000.0,184547.0,3.0,3.0,0.0,0.0,923771.0,1.0,0.0
2719200.0,8.0,60.0,909000.0,789000.0,313975.0,11.0,2.0,0.0,7.0,967545.0,0.0,1.0
1440000.0,12.0,35.0,2300000.0,250000.0,114851.0,4.0,0.0,1.0,0.0,1609465.0,1.0,0.0
2054218.7999999998,8.0,66.0,3000000.0,1500000.0,214989.0,4.0,2.0,0.0,1.0,1135851.0,1.0,0.0
3712800.0,8.0,43.0,6000000.0,2000000.0,423272.0,5.0,1.0,0.0,0.0,935968.0,0.0,1.0
3036000.0,6.0,55.0,1000000.0,500000.0,451339.0,3.0,0.0,0.0,2.0,1373388.0,1.0,0.0
1959240.0,6.0,44.0,1700000.0,800000.0,272117.0,4.0,3.0,0.0,0.0,908526.0,1.0,0.0
1485480.0,12.0,62.0,1600000.0,300000.0,116706.0,3.0,2.0,0.0,1.0,1210000.0,1.0,0.0
2400000.0,8.0,29.0,1500000.0,250000.0,275347.0,4.0,3.0,0.0,1.0,516667.0,0.0,1.0
1058895.5999999999,10.0,32.0,3000000.0,1800000.0,98228.0,3.0,1.0,0.0,0.0,1825761.0,1.0,0.0
1290480.0,6.0,34.0,10000000.0,4500000.0,191322.0,8.0,1.0,1.0,3.0,1210000.0,0.0,1.0
1825200.0,12.0,34.0,3500000.0,150000.0,145598.0,9.0,2.0,1.0,2.0,1210000.0,0.0,1.0
3600000.0,6.0,43.0,1800000.0,2040000.0,542453.0,8.0,6.0,0.0,1.0,1720000.0,1.0,0.0
6000000.0,36.0,40.0,4200000.0,0.0,195480.0,4.0,1.0,0.0,0.0,908526.0,1.0,0.0
1728000.0,12.0,27.0,3770000.0,869000.0,143803.0,5.0,3.0,0.0,1.0,2500000.0,1.0,0.0
1200000.0,12.0,22.0,3000000.0,800000.0,94550.0,3.0,1.0,0.0,2.0,1316436.0,1.0,0.0
1890580.7999999998,10.0,36.0,3900000.0,2000000.0,160350.0,10.0,3.0,0.0,2.0,1210000.0,0.0,1.0
1377442.8,10.0,43.0,3000000.0,800000.0,116828.0,17.0,13.0,0.0,1.0,1210000.0,0.0,1.0
4541880.0,12.0,54.0,3000000.0,1200000.0,315408.0,4.0,3.0,0.0,0.0,1210000.0,1.0,0.0
541080.0,6.0,26.0,2500000.0,1000000.0,80638.0,4.0,0.0,0.0,2.0,946640.0,0.0,1.0
720000.0,6.0,52.0,2020000.0,0.0,108373.0,1.0,0.0,0.0,0.0,969508.0,0.0,1.0
3493200.0,6.0,52.0,4330000.0,1100000.0,524993.0,10.0,8.0,0.0,1.0,972557.0,0.0,1.0
1038734.3999999999,9.0,60.0,1000000.0,400000.0,97102.0,3.0,1.0,0.0,2.0,1210000.0,1.0,0.0
3960000.0,36.0,39.0,2354000.0,365000.0,151185.0,5.0,1.0,0.0,4.0,1000000.0,0.0,1.0
889569.6,9.0,53.0,1500000.0,500000.0,83078.0,7.0,4.0,1.0,0.0,1064464.0,1.0,0.0
1416000.0,12.0,55.0,1800000.0,300000.0,111155.0,4.0,0.0,1.0,3.0,908526.0,0.0,1.0
589380.0,6.0,33.0,4000000.0,2000000.0,87419.0,1.0,0.0,1.0,0.0,853762.0,1.0,0.0
3076080.0,36.0,38.0,2840000.0,867000.0,105507.0,5.0,2.0,1.0,2.0,1649532.0,1.0,0.0
2811600.0,36.0,43.0,6500000.0,4500000.0,91602.0,8.0,7.0,0.0,1.0,5541036.0,1.0,0.0
910800.0,12.0,22.0,1300000.0,350000.0,72205.0,1.0,0.0,0.0,1.0,550000.0,1.0,0.0
1663080.0,12.0,45.0,2000000.0,1000000.0,130875.0,5.0,1.0,0.0,2.0,813887.0,0.0,1.0
2175480.0,24.0,43.0,1856000.0,350000.0,95633.0,11.0,5.0,0.0,4.0,1781900.0,1.0,0.0
1812196.8,10.0,53.0,4500000.0,2000000.0,154106.0,7.0,4.0,0.0,1.0,1210000.0,0.0,1.0
1571880.0,10.0,30.0,2200000.0,850000.0,145674.0,4.0,1.0,0.0,1.0,2995394.0,1.0,0.0
1225080.0,6.0,61.0,4700000.0,800000.0,182863.0,3.0,1.0,0.0,1.0,6310840.0,1.0,0.0
1406938.8,12.0,58.0,2000000.0,1300000.0,110254.0,3.0,0.0,0.0,2.0,1210000.0,1.0,0.0
1427640.0,6.0,56.0,3000000.0,1000000.0,211891.0,1.0,1.0,0.0,0.0,1210000.0,0.0,1.0
4200000.0,6.0,39.0,20000000.0,1000000.0,623365.0,10.0,6.0,0.0,2.0,1227272.0,0.0,1.0
4044000.0,6.0,27.0,3120000.0,421000.0,614896.0,4.0,1.0,2.0,1.0,2086894.0,1.0,0.0
3360000.0,6.0,39.0,8000000.0,1500000.0,499052.0,4.0,2.0,0.0,0.0,1210000.0,0.0,1.0
2367360.0,8.0,26.0,3000000.0,300000.0,269887.0,3.0,0.0,0.0,1.0,1210000.0,1.0,0.0
3623400.0,30.0,62.0,2700952.0,6675000.0,141395.0,14.0,12.0,1.0,1.0,2804074.0,1.0,0.0
1438048.8,12.0,58.0,2200000.0,1000000.0,112692.0,6.0,3.0,0.0,1.0,1210000.0,0.0,1.0
2735934.0,11.0,49.0,4000000.0,2000000.0,212863.0,13.0,2.0,0.0,2.0,1210000.0,0.0,1.0
1748280.0,12.0,66.0,4800000.0,2100000.0,137523.0,3.0,2.0,0.0,0.0,931394.0,1.0,0.0
600000.0,6.0,29.0,2000000.0,500000.0,89116.0,1.0,1.0,0.0,0.0,1210000.0,1.0,0.0
3000000.0,12.0,39.0,1000000.0,500000.0,234616.0,1.0,0.0,0.0,1.0,1109316.0,1.0,0.0
1716024.0,10.0,47.0,3000000.0,1200000.0,145698.0,8.0,3.0,1.0,2.0,1959360.0,1.0,0.0
1260217.2,10.0,36.0,4000000.0,1500000.0,106718.0,8.0,3.0,0.0,5.0,1210000.0,1.0,0.0
504840.0,6.0,43.0,1000000.0,200000.0,74853.0,1.0,1.0,0.0,0.0,1210000.0,1.0,0.0
4156707.5999999996,11.0,36.0,7000000.0,2500000.0,323403.0,4.0,0.0,0.0,3.0,1210000.0,0.0,1.0
2182080.0,24.0,36.0,1110000.0,68000.0,95055.0,3.0,0.0,1.0,2.0,1237651.0,1.0,0.0
1348800.0,12.0,58.0,3800000.0,400000.0,105829.0,6.0,1.0,2.0,2.0,908526.0,0.0,1.0
792000.0,6.0,38.0,8000000.0,1000000.0,117338.0,6.0,1.0,0.0,4.0,1210000.0,0.0,1.0
1612800.0,8.0,32.0,2650000.0,1200000.0,183865.0,6.0,5.0,0.0,1.0,2821411.0,1.0,0.0
1291939.2,6.0,33.0,5000000.0,0.0,192204.0,6.0,3.0,0.0,2.0,1302545.0,1.0,0.0
1183200.0,10.0,45.0,2810000.0,600000.0,112367.0,5.0,2.0,0.0,0.0,1979166.0,1.0,0.0
2237760.0,6.0,36.0,1200000.0,400000.0,332578.0,3.0,2.0,1.0,0.0,1210000.0,0.0,1.0
1319880.0,12.0,47.0,1500000.0,600000.0,103610.0,6.0,2.0,0.0,3.0,454263.0,0.0,1.0
11952373.2,10.0,122.0,55000000.0,38000000.0,1101896.0,0.0,0.0,0.0,0.0,1210000.0,1.0,0.0
1192800.0,12.0,65.0,2000000.0,600000.0,93283.0,6.0,6.0,0.0,0.0,916148.0,1.0,0.0
2400000.0,6.0,33.0,2500000.0,300000.0,356709.0,7.0,4.0,0.0,2.0,2101826.0,1.0,0.0
1600320.0,24.0,42.0,1400000.0,350000.0,70335.0,2.0,2.0,0.0,0.0,1210000.0,0.0,1.0
6416878.8,12.0,39.0,6000000.0,3000000.0,445617.0,7.0,2.0,0.0,5.0,1083771.0,1.0,0.0
4044000.0,18.0,53.0,1600000.0,500000.0,224356.0,2.0,0.0,1.0,0.0,1424095.0,1.0,0.0
1298400.0,12.0,23.0,2500000.0,500000.0,101937.0,2.0,1.0,0.0,0.0,1210000.0,1.0,0.0
539880.0,12.0,35.0,1200000.0,400000.0,42363.0,3.0,1.0,0.0,2.0,1210000.0,1.0,0.0
1554240.0,6.0,33.0,6000000.0,2000000.0,230837.0,3.0,1.0,0.0,0.0,933473.0,0.0,1.0
639708.0,12.0,47.0,3800000.0,500000.0,50409.0,10.0,5.0,0.0,5.0,921593.0,0.0,1.0
3828480.0,24.0,27.0,2170000.0,274000.0,181391.0,5.0,2.0,0.0,1.0,1656576.0,1.0,0.0
1674000.0,12.0,30.0,2000000.0,700000.0,131408.0,2.0,0.0,0.0,2.0,1210000.0,0.0,1.0
1608882.0,10.0,122.0,36242000.0,33560000.0,136816.0,0.0,0.0,0.0,0.0,1210000.0,1.0,0.0
1889880.0,12.0,38.0,3000000.0,662000.0,148922.0,4.0,0.0,0.0,2.0,1210000.0,0.0,1.0
2042564.4,10.0,44.0,2500000.0,1000000.0,173878.0,6.0,2.0,0.0,1.0,1210000.0,1.0,0.0
1015233.6,7.0,63.0,4500000.0,1500000.0,119802.0,9.0,4.0,2.0,0.0,908526.0,0.0,1.0
1092960.0,8.0,40.0,1800000.0,500000.0,124065.0,1.0,0.0,0.0,0.0,1196669.0,1.0,0.0
2984940.0,6.0,23.0,8000000.0,3000000.0,443345.0,1.0,0.0,0.0,0.0,1210000.0,0.0,1.0
6796060.8,11.0,29.0,3100000.0,1700000.0,530866.0,5.0,0.0,0.0,5.0,941789.0,1.0,0.0
1947673.2,5.0,42.0,8380000.0,3776000.0,318179.0,13.0,8.0,0.0,1.0,1000000.0,1.0,0.0
1160412.0,6.0,46.0,12000000.0,2500000.0,172470.0,12.0,7.0,0.0,1.0,1714670.0,0.0,1.0
1348800.0,12.0,42.0,3800000.0,400000.0,105829.0,5.0,0.0,0.0,3.0,30285.0,0.0,1.0
2572680.0,10.0,41.0,3000000.0,1000000.0,238066.0,7.0,3.0,0.0,1.0,3791441.0,1.0,0.0
2102106.0,8.0,52.0,1600000.0,480000.0,238926.0,7.0,3.0,0.0,1.0,916148.0,1.0,0.0
3743281.1999999997,12.0,31.0,3120000.0,632000.0,309321.0,6.0,3.0,0.0,1.0,2221843.0,1.0,0.0
1190400.0,12.0,33.0,4000000.0,1300000.0,93458.0,6.0,1.0,4.0,0.0,1210000.0,0.0,1.0
1224000.0,6.0,24.0,3108000.0,463000.0,188148.0,6.0,3.0,0.0,0.0,1000000.0,1.0,0.0
913080.0,6.0,37.0,2000000.0,450000.0,135525.0,3.0,0.0,0.0,0.0,908526.0,1.0,0.0
1855669.2,6.0,41.0,4000000.0,0.0,275868.0,5.0,3.0,1.0,0.0,941789.0,0.0,1.0
5009214.0,9.0,41.0,4330000.0,2620000.0,482486.0,11.0,7.0,0.0,1.0,3862682.0,1.0,0.0
2236561.1999999997,12.0,58.0,2800000.0,400000.0,175932.0,10.0,5.0,0.0,3.0,3922859.0,1.0,0.0
1738800.0,12.0,38.0,6407000.0,3000000.0,136268.0,4.0,1.0,0.0,0.0,7212131.0,1.0,0.0
2303880.0,12.0,46.0,3000000.0,1800000.0,159992.0,6.0,2.0,3.0,0.0,1832297.0,0.0,1.0
1035600.0,3.0,53.0,5000000.0,2000000.0,274934.0,6.0,3.0,0.0,1.0,1210000.0,0.0,1.0
1200000.0,10.0,58.0,2600000.0,1400000.0,111152.0,5.0,2.0,0.0,3.0,923771.0,0.0,1.0
575880.0,12.0,55.0,4500000.0,2500000.0,39992.0,10.0,4.0,0.0,0.0,5292107.0,1.0,0.0
3455880.0,12.0,53.0,4500000.0,1500000.0,271959.0,8.0,6.0,0.0,1.0,1200000.0,0.0,1.0
4049395.1999999997,9.0,122.0,1756295.0,0.0,380354.0,0.0,0.0,0.0,0.0,1210000.0,1.0,0.0
8020394.399999999,10.0,122.0,9858473.0,1178318.0,682754.0,0.0,0.0,0.0,0.0,1210000.0,1.0,0.0
2133600.0,6.0,35.0,2530000.0,646000.0,324977.0,5.0,3.0,0.0,1.0,1210000.0,0.0,1.0
1020000.0,6.0,30.0,2010000.0,656000.0,155360.0,3.0,0.0,0.0,2.0,1210000.0,0.0,1.0
619560.0,6.0,67.0,1000000.0,320000.0,92022.0,2.0,0.0,0.0,1.0,1210000.0,0.0,1.0
1927200.0,6.0,28.0,1490000.0,121000.0,293052.0,2.0,0.0,0.0,2.0,1337500.0,1.0,0.0
4402321.2,6.0,65.0,3000000.0,800000.0,611434.0,3.0,1.0,0.0,1.0,3138147.0,1.0,0.0
1829760.0,6.0,34.0,3300000.0,1682000.0,277303.0,3.0,1.0,0.0,1.0,1210000.0,1.0,0.0
2182320.0,12.0,33.0,5000000.0,2000000.0,171438.0,4.0,1.0,0.0,1.0,908526.0,0.0,1.0
1166250.0,10.0,20.0,2000000.0,800000.0,99072.0,1.0,0.0,0.0,1.0,934661.0,1.0,0.0
2138400.0,12.0,54.0,4500000.0,1200000.0,167793.0,11.0,7.0,0.0,3.0,461885.0,1.0,0.0
1340280.0,12.0,51.0,1100000.0,650000.0,93075.0,2.0,2.0,0.0,0.0,916149.0,1.0,0.0
2775048.0,6.0,40.0,6670000.0,3207000.0,427589.0,7.0,4.0,0.0,1.0,1769540.0,0.0,1.0
1440000.0,12.0,25.0,2500000.0,800000.0,100000.0,6.0,3.0,0.0,1.0,1350600.0,1.0,0.0
2666400.0,24.0,65.0,3500000.0,600000.0,117190.0,4.0,3.0,0.0,1.0,952078.0,0.0,1.0
960000.0,6.0,57.0,1660000.0,300000.0,145483.0,0.0,0.0,0.0,0.0,1210000.0,0.0,1.0
1200000.0,6.0,37.0,3500000.0,950000.0,178838.0,3.0,2.0,0.0,0.0,1210000.0,0.0,1.0
4882200.0,12.0,42.0,3200000.0,1300000.0,339042.0,4.0,3.0,0.0,0.0,1282822.0,0.0,1.0
3117600.0,6.0,50.0,6000000.0,3000000.0,463497.0,16.0,10.0,2.0,3.0,2428739.0,0.0,1.0
710400.0,12.0,29.0,2400000.0,600000.0,56318.0,6.0,3.0,0.0,3.0,1210000.0,1.0,0.0
3293760.0,24.0,54.0,2686000.0,1000000.0,144322.0,7.0,1.0,0.0,4.0,3358504.0,1.0,0.0
2697600.0,6.0,44.0,3087000.0,1878000.0,404003.0,6.0,5.0,0.0,1.0,3038000.0,1.0,0.0
4027992.0,6.0,63.0,5500000.0,500000.0,597432.0,4.0,2.0,0.0,1.0,916148.0,0.0,1.0
7721914.8,36.0,60.0,1800000.0,0.0,252461.0,7.0,2.0,0.0,1.0,903405.0,1.0,0.0
2346720.0,24.0,32.0,6500000.0,1000000.0,105720.0,6.0,3.0,0.0,2.0,1210000.0,1.0,0.0
970800.0,12.0,38.0,1100000.0,550000.0,76397.0,4.0,1.0,0.0,3.0,908526.0,1.0,0.0
2704525.1999999997,10.0,57.0,3627272.0,0.0,235176.0,0.0,0.0,0.0,0.0,3627272.0,1.0,0.0
2685423.6,10.0,47.0,2378000.0,1108000.0,239268.0,3.0,2.0,0.0,1.0,1210000.0,1.0,0.0
1428000.0,10.0,34.0,1200000.0,100000.0,132467.0,2.0,1.0,1.0,0.0,1093546.0,1.0,0.0
1103268.0,10.0,42.0,1500000.0,800000.0,93672.0,4.0,3.0,0.0,0.0,4410434.0,1.0,0.0
1439880.0,24.0,33.0,1950000.0,561000.0,67471.0,9.0,3.0,0.0,5.0,2169770.0,1.0,0.0
1656000.0,6.0,47.0,6000000.0,1500000.0,246797.0,3.0,0.0,0.0,0.0,1210000.0,1.0,0.0
2392560.0,18.0,28.0,2000000.0,790000.0,132186.0,1.0,1.0,0.0,0.0,2188251.0,1.0,0.0
3600000.0,6.0,33.0,3000000.0,1000000.0,535063.0,5.0,2.0,0.0,2.0,4145309.0,1.0,0.0
7200000.0,6.0,68.0,6500000.0,2500000.0,1000000.0,4.0,4.0,0.0,0.0,2699366.0,0.0,1.0
456016.8,2.0,57.0,2100000.0,1300000.0,179804.0,8.0,6.0,0.0,1.0,3417586.0,1.0,0.0
1634040.0,24.0,27.0,4500000.0,2500000.0,73614.0,9.0,5.0,1.0,1.0,961885.0,1.0,0.0
4884972.0,10.0,41.0,3000000.0,2000000.0,414321.0,5.0,1.0,0.0,2.0,1210000.0,0.0,1.0
1712667.5999999999,9.0,30.0,3200000.0,1500000.0,159948.0,5.0,2.0,0.0,1.0,3549567.0,1.0,0.0
2492400.0,6.0,30.0,30000000.0,6000000.0,370189.0,6.0,6.0,0.0,0.0,933473.0,1.0,0.0
3360000.0,6.0,24.0,1000000.0,229000.0,505742.0,3.0,1.0,0.0,2.0,1358333.0,1.0,0.0
2292000.0,10.0,59.0,1700000.0,45600.0,213211.0,8.0,2.0,0.0,5.0,849400.0,1.0,0.0
1931760.0,24.0,40.0,2600000.0,500000.0,84902.0,8.0,0.0,0.0,7.0,1334857.0,1.0,0.0
1504320.0,12.0,49.0,1650000.0,700000.0,118333.0,3.0,3.0,0.0,0.0,1210000.0,0.0,1.0
1251478.8,6.0,24.0,5500000.0,500000.0,185752.0,2.0,1.0,0.0,1.0,1028140.0,1.0,0.0
372000.0,6.0,30.0,1500000.0,0.0,55527.0,4.0,2.0,0.0,2.0,1663580.0,1.0,0.0
3965520.0,18.0,33.0,2700000.0,310000.0,233258.0,4.0,0.0,0.0,2.0,991684.0,1.0,0.0
1885438.8,8.0,42.0,3000000.0,1000000.0,216337.0,5.0,3.0,0.0,0.0,961885.0,0.0,1.0
1431360.0,12.0,41.0,3500000.0,950000.0,112306.0,5.0,5.0,0.0,0.0,4480984.0,1.0,0.0
1770720.0,9.0,39.0,3000000.0,1000000.0,165924.0,4.0,2.0,0.0,1.0,1210000.0,1.0,0.0
1941420.0,10.0,36.0,3100000.0,1200000.0,178887.0,8.0,7.0,0.0,0.0,3060700.0,1.0,0.0
3631332.0,24.0,30.0,3900000.0,1500000.0,158367.0,15.0,6.0,0.0,6.0,2181818.0,1.0,0.0
2775478.8,12.0,32.0,20500000.0,5000000.0,192742.0,9.0,6.0,0.0,0.0,8771655.0,1.0,0.0
1935496.7999999998,10.0,52.0,7000000.0,5800000.0,164763.0,1.0,1.0,0.0,0.0,469405.0,1.0,0.0
1775546.4,10.0,26.0,2000000.0,1000000.0,150594.0,2.0,1.0,0.0,0.0,925368.0,0.0,1.0
1748280.0,6.0,22.0,1500000.0,450000.0,260550.0,4.0,2.0,0.0,1.0,1210000.0,1.0,0.0
2858280.0,6.0,40.0,1700000.0,350000.0,396983.0,4.0,0.0,1.0,0.0,1399884.0,1.0,0.0
1528800.0,6.0,42.0,6000000.0,1500000.0,227058.0,6.0,2.0,0.0,2.0,1210000.0,0.0,1.0
1200000.0,6.0,45.0,10000000.0,4000000.0,166667.0,34.0,13.0,2.0,13.0,1075192.0,1.0,0.0
1485864.0,6.0,55.0,3000000.0,1000000.0,220289.0,2.0,2.0,0.0,0.0,1210000.0,0.0,1.0
738384.0,9.0,39.0,5000000.0,2500000.0,69223.0,2.0,0.0,0.0,1.0,1210000.0,0.0,1.0
1707217.2,8.0,38.0,5000000.0,1500000.0,193972.0,6.0,4.0,0.0,1.0,575524.0,0.0,1.0
1934280.0,12.0,29.0,2400000.0,1000000.0,151776.0,3.0,2.0,0.0,0.0,2345454.0,1.0,0.0
2618568.0,8.0,58.0,3746000.0,113000.0,313229.0,5.0,3.0,0.0,2.0,1160000.0,1.0,0.0
2778360.0,6.0,53.0,18000000.0,2000000.0,413037.0,1.0,0.0,0.0,0.0,908526.0,0.0,1.0
5313469.2,12.0,50.0,4000000.0,1000000.0,368991.0,4.0,3.0,0.0,0.0,1210000.0,0.0,1.0
2400000.0,6.0,24.0,4895000.0,1834000.0,366507.0,10.0,9.0,0.0,0.0,4527796.0,1.0,0.0
3646320.0,6.0,32.0,3510000.0,381000.0,551436.0,7.0,4.0,0.0,0.0,4689421.0,1.0,0.0
2527080.0,12.0,35.0,2700000.0,1000000.0,175492.0,5.0,3.0,0.0,0.0,2526513.0,1.0,0.0
2328480.0,24.0,27.0,1300000.0,700000.0,101086.0,4.0,2.0,0.0,1.0,1538974.0,1.0,0.0
3298494.0,9.0,27.0,3000000.0,2000000.0,312145.0,2.0,0.0,0.0,1.0,912121.0,0.0,1.0
1857720.0,18.0,42.0,2000000.0,800000.0,102331.0,8.0,6.0,2.0,0.0,1327076.0,1.0,0.0
7811544.0,12.0,43.0,7740000.0,2566000.0,627010.0,8.0,4.0,0.0,1.0,1141818.0,0.0,1.0
960000.0,6.0,52.0,1500000.0,300000.0,133333.0,5.0,3.0,0.0,0.0,874004.0,1.0,0.0
2187478.8,18.0,28.0,2900000.0,400000.0,121359.0,4.0,0.0,0.0,3.0,2117910.0,1.0,0.0
1764961.2,8.0,50.0,1320000.0,350000.0,200591.0,5.0,3.0,0.0,1.0,1058929.0,1.0,0.0
1056000.0,6.0,52.0,20000000.0,1000000.0,157378.0,8.0,4.0,0.0,1.0,941789.0,0.0,1.0
839880.0,12.0,39.0,1200000.0,300000.0,65930.0,0.0,0.0,0.0,0.0,1210000.0,1.0,0.0
619200.0,6.0,41.0,3800000.0,2100000.0,91902.0,12.0,4.0,0.0,4.0,1210000.0,1.0,0.0
3084480.0,10.0,44.0,3730000.0,275000.0,292929.0,6.0,3.0,0.0,1.0,975052.0,0.0,1.0
1123536.0,10.0,38.0,2500000.0,1000000.0,95293.0,7.0,1.0,0.0,2.0,1210000.0,1.0,0.0
5040000.0,12.0,46.0,3000000.0,1200000.0,396456.0,2.0,1.0,0.0,0.0,1210000.0,0.0,1.0
1476000.0,12.0,67.0,850000.0,100000.0,115666.0,0.0,0.0,0.0,0.0,905965.0,1.0,0.0
5363880.0,6.0,38.0,2610000.0,572000.0,803315.0,4.0,2.0,1.0,1.0,1365140.0,1.0,0.0
1626294.0,12.0,38.0,5000000.0,1500000.0,128927.0,13.0,7.0,1.0,0.0,5343984.0,1.0,0.0
2400000.0,6.0,56.0,1800000.0,800000.0,357677.0,6.0,5.0,0.0,0.0,826326.0,0.0,1.0
2639880.0,12.0,35.0,7250000.0,4644000.0,222292.0,7.0,6.0,0.0,0.0,1277733.0,1.0,0.0
1674068.4,10.0,69.0,3000000.0,1500000.0,141987.0,4.0,3.0,0.0,0.0,5141998.0,0.0,1.0
1269000.0,8.0,60.0,5000000.0,2000000.0,132410.0,8.0,2.0,2.0,2.0,1210000.0,0.0,1.0
2223369.6,10.0,30.0,3000000.0,2800000.0,188774.0,4.0,1.0,0.0,1.0,1210000.0,0.0,1.0
548232.0,2.0,44.0,5000000.0,2000000.0,216259.0,6.0,2.0,0.0,2.0,1210000.0,0.0,1.0
3215880.0,6.0,43.0,3500000.0,1100000.0,478080.0,8.0,4.0,0.0,0.0,1210000.0,1.0,0.0
2311080.0,12.0,40.0,1400000.0,300000.0,160492.0,1.0,0.0,0.0,1.0,1035337.0,1.0,0.0
2194539.6,4.0,52.0,2500000.0,1500000.0,441430.0,5.0,3.0,1.0,1.0,2950725.0,1.0,0.0
945000.0,6.0,37.0,2000000.0,800000.0,140494.0,6.0,4.0,0.0,1.0,1886174.0,1.0,0.0
5552040.0,12.0,32.0,5000000.0,500000.0,385558.0,4.0,2.0,0.0,1.0,1210000.0,0.0,1.0
2065080.0,6.0,45.0,3000000.0,500000.0,307744.0,2.0,1.0,0.0,0.0,928853.0,0.0,1.0
1744680.0,12.0,31.0,2000000.0,1000000.0,137070.0,4.0,0.0,1.0,1.0,931394.0,1.0,0.0
3629856.0,6.0,59.0,5000000.0,300000.0,539108.0,8.0,2.0,5.0,1.0,1210000.0,1.0,0.0
6222139.2,36.0,42.0,2500000.0,0.0,201183.0,8.0,4.0,0.0,2.0,856562.0,1.0,0.0
1036993.2,2.0,122.0,5841415.0,160000.0,409059.0,0.0,0.0,0.0,0.0,1210000.0,1.0,0.0
416700.0,6.0,42.0,3300000.0,1600000.0,61891.0,4.0,4.0,0.0,0.0,4499672.0,1.0,0.0
4065600.0,6.0,46.0,5000000.0,2000000.0,604264.0,10.0,3.0,0.0,1.0,837454.0,0.0,1.0
5455089.6,9.0,121.0,398281000.0,352406000.0,508727.0,0.0,0.0,0.0,0.0,1210000.0,1.0,0.0
2220000.0,12.0,37.0,2000000.0,450000.0,174291.0,11.0,2.0,0.0,9.0,908526.0,1.0,0.0
1187760.0,6.0,39.0,5000000.0,2000000.0,164967.0,10.0,4.0,0.0,6.0,3418627.0,1.0,0.0
1972440.0,12.0,28.0,2400000.0,1500000.0,136975.0,11.0,6.0,0.0,4.0,1069989.0,1.0,0.0
28800000.0,12.0,52.0,19000000.0,12000000.0,2000000.0,6.0,1.0,0.0,0.0,926883.0,1.0,0.0
1200000.0,6.0,45.0,5000000.0,1500000.0,178395.0,4.0,0.0,0.0,2.0,933473.0,1.0,0.0
4632481.2,8.0,44.0,3441577.0,0.0,524652.0,2.0,1.0,0.0,0.0,3703549.0,1.0,0.0
3255720.0,20.0,53.0,5080000.0,420000.0,179532.0,2.0,2.0,0.0,0.0,1210000.0,1.0,0.0
674760.0,12.0,41.0,900000.0,300000.0,53493.0,3.0,0.0,1.0,0.0,1210000.0,0.0,1.0
2411011.1999999997,10.0,39.0,1800000.0,800000.0,205243.0,4.0,0.0,1.0,1.0,1210000.0,0.0,1.0
4907460.0,6.0,43.0,3500000.0,400000.0,728394.0,0.0,0.0,0.0,0.0,4229905.0,1.0,0.0
1802400.0,12.0,28.0,4000000.0,3000000.0,142888.0,4.0,3.0,0.0,1.0,2051044.0,0.0,1.0
3739116.0,10.0,122.0,6157908.0,3970682.0,317634.0,0.0,0.0,0.0,0.0,1210000.0,1.0,0.0
1543287.5999999999,9.0,34.0,8000000.0,3000000.0,147616.0,5.0,3.0,0.0,0.0,12600223.0,0.0,1.0
868575.6,12.0,44.0,6330000.0,3900000.0,60318.0,5.0,5.0,0.0,0.0,993658.0,1.0,0.0
1523880.0,12.0,43.0,1750000.0,650000.0,120808.0,10.0,5.0,0.0,4.0,1554601.0,1.0,0.0
840000.0,6.0,43.0,7000000.0,2500000.0,124876.0,6.0,4.0,0.0,1.0,6510235.0,1.0,0.0
4601640.0,12.0,27.0,2200000.0,200000.0,319558.0,5.0,4.0,0.0,0.0,1165408.0,1.0,0.0
2920224.0,6.0,62.0,2000000.0,0.0,435913.0,7.0,2.0,1.0,4.0,933473.0,1.0,0.0
1320000.0,6.0,44.0,2200000.0,1000000.0,196234.0,2.0,1.0,0.0,1.0,2070000.0,1.0,0.0
1821600.0,10.0,26.0,1100000.0,450000.0,168817.0,2.0,1.0,0.0,0.0,1048553.0,1.0,0.0
2098800.0,6.0,33.0,4200000.0,1500000.0,314324.0,3.0,2.0,0.0,0.0,3463569.0,1.0,0.0
1245240.0,12.0,48.0,5800000.0,2300000.0,97523.0,11.0,4.0,0.0,3.0,1547559.0,1.0,0.0
2708038.8,36.0,51.0,3000000.0,1000000.0,87544.0,2.0,1.0,0.0,0.0,3158119.0,1.0,0.0
2969520.0,12.0,61.0,4000000.0,1500000.0,232992.0,5.0,3.0,0.0,1.0,1210000.0,0.0,1.0
969582.0,10.0,24.0,2000000.0,0.0,82365.0,1.0,1.0,0.0,0.0,2247015.0,1.0,0.0
3360000.0,36.0,60.0,5394000.0,245000.0,131724.0,3.0,2.0,0.0,0.0,3988118.0,1.0,0.0
1269000.0,8.0,61.0,5000000.0,2000000.0,132239.0,12.0,7.0,0.0,4.0,1260010.0,0.0,1.0
1340617.2,9.0,49.0,3200000.0,1500000.0,125502.0,3.0,0.0,0.0,0.0,1688958.0,1.0,0.0
3720000.0,6.0,47.0,2040000.0,669000.0,561864.0,2.0,1.0,0.0,1.0,816666.0,0.0,1.0
1636706.4,6.0,29.0,908526.0,1327000.0,247206.0,9.0,1.0,0.0,5.0,908526.0,0.0,1.0
648000.0,6.0,56.0,3000000.0,1500000.0,96567.0,1.0,1.0,0.0,0.0,939017.0,0.0,1.0
964018.7999999999,6.0,56.0,2000000.0,700000.0,131634.0,1.0,1.0,0.0,0.0,1210000.0,0.0,1.0
1089874.8,10.0,46.0,4300000.0,3000000.0,92535.0,1.0,1.0,0.0,0.0,4433429.0,0.0,1.0
1660500.0,18.0,50.0,3000000.0,1500000.0,91795.0,0.0,0.0,0.0,0.0,1531700.0,0.0,1.0
5039684.399999999,36.0,29.0,3800000.0,300000.0,164015.0,14.0,7.0,0.0,4.0,4748927.0,1.0,0.0
2100000.0,12.0,47.0,10000000.0,4000000.0,164848.0,21.0,12.0,4.0,1.0,4066815.0,1.0,0.0
1988280.0,12.0,41.0,2000000.0,400000.0,138075.0,3.0,1.0,0.0,0.0,1210000.0,1.0,0.0
626235.6,6.0,50.0,2180000.0,563000.0,94586.0,3.0,1.0,0.0,0.0,1210000.0,0.0,1.0
2702160.0,12.0,48.0,3500000.0,800000.0,187650.0,3.0,3.0,0.0,0.0,1210000.0,1.0,0.0
3452257.1999999997,6.0,68.0,4000000.0,1500000.0,511819.0,9.0,7.0,0.0,0.0,1210000.0,1.0,0.0
1717200.0,12.0,49.0,15000000.0,5000000.0,134911.0,3.0,0.0,1.0,1.0,916841.0,1.0,0.0
360000.0,6.0,38.0,1500000.0,600000.0,53652.0,2.0,1.0,0.0,0.0,30285.0,0.0,1.0
1022012.3999999999,10.0,47.0,3000000.0,1600000.0,86682.0,4.0,2.0,0.0,0.0,7589428.0,1.0,0.0
1387666.8,2.0,59.0,2000000.0,1000000.0,546986.0,8.0,5.0,0.0,1.0,2088508.0,0.0,1.0
7360824.0,12.0,33.0,10000000.0,2000000.0,578962.0,3.0,2.0,0.0,1.0,1210000.0,0.0,1.0
4745917.2,10.0,63.0,3000000.0,1200000.0,402527.0,4.0,2.0,0.0,1.0,798745.0,0.0,1.0
2423640.0,12.0,38.0,6000000.0,3000000.0,168308.0,13.0,11.0,0.0,1.0,3904423.0,1.0,0.0
1071649.2,4.0,56.0,2730000.0,127000.0,218553.0,8.0,2.0,0.0,2.0,1210000.0,0.0,1.0
1189952.4,6.0,32.0,1400000.0,600000.0,176660.0,4.0,2.0,0.0,1.0,1329089.0,1.0,0.0
2393641.1999999997,12.0,38.0,7000000.0,2500000.0,166225.0,15.0,11.0,0.0,0.0,3000000.0,0.0,1.0
4093780.8,10.0,32.0,10266000.0,8641000.0,366997.0,9.0,4.0,0.0,1.0,1431181.0,1.0,0.0
3389690.4,6.0,60.0,8000000.0,1500000.0,503439.0,5.0,4.0,0.0,0.0,878310.0,0.0,1.0
1208916.0,10.0,37.0,2000000.0,900000.0,103181.0,4.0,3.0,0.0,0.0,1210000.0,1.0,0.0
2577034.8,12.0,28.0,1500000.0,700000.0,204319.0,1.0,0.0,1.0,0.0,939017.0,1.0,0.0
4655520.0,6.0,53.0,5610000.0,2141000.0,703164.0,8.0,7.0,0.0,0.0,1954263.0,1.0,0.0
821208.0,5.0,45.0,5000000.0,2000000.0,133186.0,5.0,2.0,0.0,1.0,121137.0,0.0,1.0
9360000.0,12.0,51.0,12000000.0,4000000.0,736276.0,18.0,11.0,0.0,4.0,1184043.0,1.0,0.0
2014699.2,10.0,31.0,2500000.0,1000000.0,186892.0,3.0,1.0,0.0,2.0,1105256.0,1.0,0.0
1247760.0,12.0,50.0,3000000.0,1200000.0,97901.0,9.0,5.0,0.0,3.0,1210000.0,0.0,1.0
3443760.0,12.0,33.0,2300000.0,600000.0,269703.0,1.0,0.0,0.0,1.0,1521742.0,1.0,0.0
4108320.0,12.0,51.0,4500000.0,1500000.0,321964.0,5.0,2.0,1.0,2.0,469405.0,1.0,0.0
3038880.0,10.0,54.0,3500000.0,500000.0,281186.0,4.0,1.0,1.0,1.0,1210000.0,0.0,1.0
1713600.0,2.0,122.0,1453171870.0,656208833.0,682906.0,0.0,0.0,0.0,0.0,1210000.0,1.0,0.0
960000.0,12.0,46.0,1000000.0,200000.0,75547.0,3.0,0.0,0.0,2.0,830652.0,1.0,0.0
900000.0,8.0,31.0,2000000.0,400000.0,101986.0,4.0,2.0,0.0,2.0,1846999.0,0.0,1.0
5008346.399999999,36.0,53.0,5000000.0,800000.0,165110.0,3.0,3.0,0.0,0.0,1057500.0,1.0,0.0
1763605.2,5.0,44.0,7630000.0,741000.0,288109.0,5.0,2.0,0.0,0.0,1179377.0,1.0,0.0
1200000.0,6.0,36.0,2000000.0,800000.0,178152.0,5.0,0.0,0.0,2.0,1210000.0,0.0,1.0
1403880.0,12.0,62.0,1000000.0,717000.0,112996.0,4.0,4.0,0.0,0.0,1000000.0,1.0,0.0
1195200.0,6.0,31.0,3000000.0,1000000.0,177681.0,5.0,3.0,0.0,0.0,423979.0,0.0,1.0
1939200.0,6.0,40.0,3000000.0,1500000.0,264523.0,10.0,8.0,0.0,1.0,1699104.0,1.0,0.0
3471369.6,11.0,30.0,7700000.0,3900000.0,270082.0,12.0,8.0,0.0,3.0,5266854.0,1.0,0.0
1889520.0,12.0,51.0,1300000.0,650000.0,148326.0,3.0,2.0,0.0,1.0,1273610.0,1.0,0.0
960000.0,6.0,45.0,4900000.0,1500000.0,143071.0,7.0,4.0,0.0,1.0,1210000.0,1.0,0.0
1860000.0,6.0,37.0,1450000.0,200000.0,278586.0,10.0,2.0,0.0,6.0,1141876.0,1.0,0.0
1544227.2,10.0,21.0,1500000.0,300000.0,131112.0,4.0,1.0,0.0,0.0,923771.0,1.0,0.0
1389240.0,12.0,39.0,1300000.0,150000.0,108873.0,2.0,0.0,0.0,0.0,1210000.0,1.0,0.0
919010.4,6.0,26.0,1200000.0,235000.0,138342.0,2.0,0.0,0.0,1.0,1474563.0,0.0,1.0
2981610.0,11.0,54.0,3100000.0,1580000.0,232640.0,2.0,0.0,0.0,1.0,939017.0,1.0,0.0
1200000.0,12.0,25.0,3400000.0,1500000.0,93980.0,5.0,1.0,0.0,1.0,1678393.0,1.0,0.0
4696560.0,12.0,42.0,18000000.0,5000000.0,372327.0,7.0,6.0,0.0,0.0,11125000.0,1.0,0.0
1941360.0,12.0,39.0,1400000.0,500000.0,152322.0,2.0,1.0,0.0,0.0,1378802.0,1.0,0.0
1580420.4,12.0,30.0,1600000.0,300000.0,124062.0,5.0,1.0,0.0,3.0,1602870.0,1.0,0.0
878880.0,5.0,49.0,5000000.0,2000000.0,142664.0,13.0,6.0,0.0,4.0,941789.0,0.0,1.0
1736228.4,10.0,37.0,3500000.0,1900000.0,147413.0,5.0,2.0,0.0,1.0,4544905.0,1.0,0.0
1560000.0,12.0,58.0,1014000.0,500000.0,122255.0,4.0,2.0,0.0,1.0,908526.0,1.0,0.0
1239232.8,9.0,38.0,3200000.0,1800000.0,116399.0,5.0,5.0,0.0,0.0,3416363.0,1.0,0.0
5412000.0,6.0,52.0,3470000.0,212000.0,802363.0,4.0,0.0,0.0,2.0,1210000.0,0.0,1.0
5670120.0,36.0,28.0,2586000.0,1338000.0,209452.0,6.0,4.0,0.0,0.0,1058377.0,1.0,0.0
2292000.0,12.0,45.0,3000000.0,200000.0,180368.0,2.0,1.0,0.0,1.0,1210000.0,0.0,1.0
936000.0,18.0,40.0,1300000.0,200000.0,51928.0,8.0,2.0,3.0,0.0,908526.0,1.0,0.0
1977864.0,9.0,57.0,4000000.0,2600000.0,185335.0,2.0,2.0,0.0,0.0,946640.0,1.0,0.0
960000.0,12.0,28.0,2200000.0,500000.0,77087.0,8.0,2.0,2.0,3.0,2249122.0,1.0,0.0
2236800.0,6.0,61.0,4400000.0,969000.0,334992.0,6.0,5.0,0.0,0.0,302842.0,0.0,1.0
1186020.0,12.0,63.0,1000000.0,300000.0,92885.0,2.0,0.0,0.0,2.0,1210000.0,0.0,1.0
4440000.0,24.0,43.0,5000000.0,1000000.0,195180.0,4.0,2.0,0.0,0.0,4170656.0,1.0,0.0
2019600.0,8.0,64.0,2810000.0,0.0,228730.0,2.0,2.0,0.0,0.0,1210000.0,0.0,1.0
4270560.0,36.0,39.0,11588000.0,5055000.0,157015.0,9.0,9.0,0.0,0.0,11004988.0,1.0,0.0
2646760.8,9.0,40.0,10000000.0,4000000.0,248606.0,13.0,10.0,0.0,0.0,13978732.0,1.0,0.0
3506160.0,12.0,43.0,4500000.0,900000.0,275801.0,4.0,2.0,0.0,0.0,1200000.0,1.0,0.0
978204.0,9.0,31.0,3000000.0,1500000.0,91881.0,4.0,2.0,0.0,0.0,5718833.0,1.0,0.0
459600.0,6.0,29.0,1000000.0,4799000.0,69178.0,8.0,2.0,2.0,0.0,972557.0,0.0,1.0
838800.0,6.0,23.0,1500000.0,500000.0,124698.0,3.0,0.0,1.0,0.0,1000000.0,1.0,0.0
4226908.8,10.0,25.0,4420000.0,2700000.0,358883.0,2.0,0.0,0.0,1.0,1210000.0,0.0,1.0
1700281.2,6.0,31.0,4000000.0,400000.0,252366.0,3.0,2.0,0.0,0.0,1293750.0,1.0,0.0
669600.0,6.0,41.0,3600000.0,500000.0,99948.0,3.0,1.0,0.0,1.0,1210000.0,0.0,1.0
2431627.1999999997,10.0,52.0,3000000.0,1000000.0,206564.0,2.0,0.0,0.0,2.0,931394.0,0.0,1.0
4566600.0,6.0,36.0,3000000.0,1000000.0,678881.0,8.0,4.0,0.0,2.0,1210000.0,0.0,1.0
5277316.8,9.0,68.0,3500000.0,0.0,493328.0,2.0,2.0,0.0,0.0,1210000.0,0.0,1.0
1411467.5999999999,3.0,122.0,13258352050.0,4316463703.0,407861.0,0.0,0.0,0.0,0.0,1210000.0,1.0,0.0
2074378.7999999998,11.0,61.0,8000000.0,4500000.0,162130.0,15.0,13.0,0.0,1.0,954263.0,0.0,1.0
1134000.0,6.0,61.0,2500000.0,1200000.0,168583.0,2.0,0.0,0.0,0.0,2747218.0,1.0,0.0
1021020.0,12.0,23.0,2000000.0,600000.0,80216.0,2.0,1.0,0.0,0.0,543596.0,1.0,0.0
966000.0,12.0,53.0,2850000.0,700000.0,75830.0,14.0,5.0,0.0,8.0,4422501.0,1.0,0.0
2164116.0,9.0,49.0,3500000.0,1800000.0,202884.0,3.0,0.0,0.0,1.0,908808.0,0.0,1.0
3881100.0,10.0,47.0,3500000.0,500000.0,359117.0,6.0,2.0,1.0,0.0,2421199.0,1.0,0.0
840000.0,6.0,60.0,3000000.0,2000000.0,124876.0,3.0,0.0,0.0,2.0,939017.0,1.0,0.0
4532400.0,18.0,30.0,5990000.0,1641000.0,272833.0,2.0,1.0,0.0,1.0,677778.0,1.0,0.0
2604000.0,12.0,47.0,6500000.0,3200000.0,203647.0,8.0,6.0,0.0,2.0,939017.0,1.0,0.0
2194630.8,10.0,25.0,1610000.0,800000.0,186334.0,3.0,0.0,1.0,2.0,1554441.0,1.0,0.0
2410774.8,9.0,34.0,3000000.0,1500000.0,225361.0,7.0,2.0,1.0,2.0,196847.0,0.0,1.0
1400641.2,6.0,59.0,5000000.0,1200000.0,207749.0,5.0,3.0,0.0,0.0,8399313.0,1.0,0.0
3180000.0,24.0,30.0,1000000.0,200000.0,138526.0,3.0,0.0,0.0,2.0,1210000.0,1.0,0.0
4505640.0,6.0,33.0,2920000.0,0.0,686272.0,1.0,1.0,0.0,0.0,908526.0,1.0,0.0
1188000.0,12.0,64.0,3180000.0,205000.0,98567.0,3.0,0.0,1.0,1.0,1271280.0,1.0,0.0
3120753.6,11.0,35.0,4180000.0,2000000.0,243080.0,4.0,0.0,0.0,2.0,1864210.0,1.0,0.0
538680.0,3.0,51.0,5000000.0,2000000.0,143094.0,2.0,1.0,0.0,0.0,1210000.0,0.0,1.0
1269000.0,4.0,60.0,5000000.0,2000000.0,255259.0,5.0,2.0,0.0,3.0,1210000.0,0.0,1.0
2174280.0,12.0,66.0,5000000.0,3000000.0,150992.0,2.0,1.0,0.0,0.0,8077907.0,1.0,0.0
1120450.8,6.0,41.0,2000000.0,800000.0,166682.0,9.0,6.0,0.0,2.0,90900.0,0.0,1.0
904800.0,8.0,26.0,1500000.0,400000.0,103365.0,1.0,1.0,0.0,0.0,868454.0,1.0,0.0
2435160.0,18.0,41.0,3800000.0,1000000.0,134300.0,6.0,4.0,0.0,2.0,916148.0,0.0,1.0
792000.0,6.0,25.0,6000000.0,2500000.0,118613.0,6.0,0.0,2.0,3.0,3060277.0,1.0,0.0
2696257.1999999997,9.0,54.0,6040000.0,1400000.0,252048.0,6.0,3.0,1.0,1.0,5688524.0,1.0,0.0
13776000.0,12.0,39.0,10000000.0,3000000.0,1084094.0,8.0,5.0,0.0,0.0,716726.0,0.0,1.0
2291520.0,12.0,32.0,3000000.0,800000.0,180032.0,4.0,1.0,0.0,0.0,1210000.0,1.0,0.0
4456075.2,10.0,29.0,3500000.0,1000000.0,378936.0,10.0,5.0,0.0,2.0,1017424.0,1.0,0.0
1949580.0,12.0,28.0,1800000.0,600000.0,135388.0,1.0,0.0,0.0,0.0,908526.0,1.0,0.0
4370520.0,6.0,60.0,2500000.0,300000.0,648016.0,2.0,1.0,0.0,0.0,1210000.0,1.0,0.0
1864800.0,10.0,50.0,3500000.0,700000.0,173908.0,4.0,1.0,0.0,1.0,1210000.0,0.0,1.0
1978664.4,10.0,33.0,1350000.0,700000.0,167557.0,5.0,0.0,1.0,2.0,1210000.0,1.0,0.0
3720000.0,6.0,47.0,5500000.0,1200000.0,552123.0,13.0,6.0,0.0,5.0,908526.0,1.0,0.0
1661520.0,12.0,28.0,1200000.0,400000.0,130124.0,6.0,4.0,0.0,2.0,1100000.0,1.0,0.0
1368000.0,24.0,23.0,1055324.0,166000.0,63389.0,2.0,0.0,0.0,1.0,1064314.0,1.0,0.0
3823214.4,10.0,43.0,18258000.0,4028000.0,342742.0,12.0,9.0,0.0,0.0,13719347.0,1.0,0.0
2279972.4,10.0,46.0,4500000.0,2500000.0,193884.0,13.0,11.0,0.0,0.0,933473.0,0.0,1.0
2175774.0,10.0,33.0,2979000.0,2279000.0,190890.0,12.0,6.0,0.0,3.0,1210000.0,1.0,0.0
1187880.0,12.0,36.0,5000000.0,450000.0,82492.0,4.0,1.0,0.0,1.0,11278003.0,1.0,0.0
2781000.0,24.0,33.0,6820000.0,9733000.0,126732.0,9.0,5.0,1.0,2.0,7796981.0,1.0,0.0
2760000.0,6.0,36.0,3000000.0,600000.0,410332.0,6.0,3.0,0.0,2.0,1716525.0,1.0,0.0
2568000.0,18.0,68.0,3900000.0,1000000.0,141491.0,10.0,2.0,0.0,3.0,1210000.0,1.0,0.0
878880.0,3.0,40.0,4000000.0,2000000.0,233328.0,8.0,2.0,0.0,4.0,939017.0,0.0,1.0
1654592.4,9.0,58.0,2500000.0,1200000.0,154525.0,0.0,0.0,0.0,0.0,1210000.0,1.0,0.0
430730.39999999997,6.0,52.0,1195000.0,400000.0,63972.0,6.0,1.0,1.0,4.0,1619826.0,1.0,0.0
7828128.0,36.0,32.0,7500000.0,4000000.0,260061.0,14.0,8.0,1.0,3.0,2204591.0,1.0,0.0
950026.7999999999,9.0,59.0,1200000.0,700000.0,89064.0,1.0,0.0,0.0,1.0,908526.0,1.0,0.0
4276440.0,12.0,40.0,7000000.0,450000.0,296975.0,8.0,5.0,0.0,0.0,6940646.0,1.0,0.0
3025920.0,24.0,40.0,5500000.0,2000000.0,132890.0,6.0,5.0,0.0,0.0,5689769.0,1.0,0.0
3858884.4,10.0,36.0,6110000.0,1041000.0,331947.0,3.0,1.0,0.0,2.0,1210000.0,1.0,0.0
2044800.0,6.0,45.0,8000000.0,2000000.0,305219.0,12.0,9.0,0.0,0.0,2094600.0,1.0,0.0
8480631.6,9.0,44.0,6000000.0,2000000.0,794673.0,4.0,0.0,0.0,3.0,1160000.0,1.0,0.0
1200000.0,6.0,43.0,5000000.0,500000.0,178466.0,2.0,0.0,1.0,0.0,1210000.0,0.0,1.0
909874.7999999999,10.0,49.0,1500000.0,800000.0,77171.0,8.0,7.0,0.0,0.0,1639853.0,1.0,0.0
5772614.399999999,9.0,48.0,2120000.0,195000.0,558641.0,2.0,1.0,0.0,1.0,933333.0,0.0,1.0
1439146.8,10.0,31.0,2680000.0,1493000.0,123798.0,5.0,2.0,2.0,0.0,745323.0,0.0,1.0
1049580.0,2.0,29.0,2000000.0,700000.0,413720.0,2.0,1.0,1.0,0.0,905965.0,0.0,1.0
2988480.0,9.0,40.0,3000000.0,2500000.0,279499.0,9.0,5.0,1.0,1.0,1175710.0,0.0,1.0
1145280.0,6.0,46.0,5000000.0,2000000.0,170213.0,3.0,2.0,0.0,0.0,17279743.0,1.0,0.0
2304000.0,12.0,63.0,6000000.0,4000000.0,181012.0,3.0,3.0,0.0,0.0,1210000.0,0.0,1.0
1656360.0,6.0,35.0,6250000.0,2538000.0,248063.0,6.0,5.0,1.0,0.0,4402800.0,1.0,0.0
8640000.0,24.0,58.0,3470000.0,1374000.0,400341.0,5.0,3.0,0.0,0.0,7107518.0,0.0,1.0
1301632.8,10.0,41.0,3000000.0,1500000.0,110514.0,3.0,3.0,0.0,0.0,908528.0,1.0,0.0
3400080.0,12.0,61.0,1600000.0,400000.0,266238.0,6.0,3.0,0.0,2.0,1210000.0,0.0,1.0
1223006.4,10.0,49.0,10000000.0,4000000.0,103839.0,7.0,5.0,0.0,0.0,1210000.0,0.0,1.0
1777957.2,12.0,30.0,1700000.0,700000.0,123469.0,8.0,7.0,0.0,0.0,469405.0,1.0,0.0
2856000.0,6.0,42.0,1671000.0,270000.0,440063.0,3.0,2.0,0.0,1.0,1160000.0,0.0,1.0
4249200.0,36.0,24.0,2000000.0,500000.0,140042.0,2.0,1.0,0.0,0.0,998859.0,1.0,0.0
959880.0,12.0,41.0,1400000.0,250000.0,66658.0,3.0,2.0,0.0,1.0,916148.0,1.0,0.0
1260000.0,10.0,35.0,2400000.0,800000.0,118103.0,6.0,5.0,0.0,1.0,936597.0,1.0,0.0
4044600.0,24.0,50.0,4500000.0,1800000.0,177763.0,6.0,3.0,0.0,0.0,5063121.0,1.0,0.0
840000.0,6.0,57.0,4000000.0,2400000.0,124592.0,3.0,2.0,0.0,0.0,1210000.0,1.0,0.0
4260195.6,11.0,50.0,4000000.0,2000000.0,331833.0,5.0,3.0,0.0,1.0,1210000.0,1.0,0.0
766687.2,10.0,39.0,1200000.0,700000.0,65095.0,4.0,3.0,1.0,0.0,1258605.0,1.0,0.0
2201880.0,18.0,29.0,3300000.0,1200000.0,121854.0,4.0,3.0,0.0,0.0,1432666.0,1.0,0.0
2645760.0,10.0,53.0,4500000.0,1300000.0,244811.0,7.0,4.0,0.0,0.0,1210000.0,1.0,0.0
1594320.0,6.0,43.0,2300000.0,950000.0,236476.0,3.0,2.0,0.0,0.0,2373855.0,1.0,0.0
1416922.8,11.0,59.0,4000000.0,2000000.0,110240.0,6.0,3.0,0.0,1.0,2177236.0,1.0,0.0
1953600.0,6.0,46.0,35000000.0,6000000.0,291622.0,14.0,11.0,0.0,1.0,954263.0,0.0,1.0
2216280.0,12.0,47.0,1100000.0,300000.0,174106.0,5.0,2.0,0.0,1.0,848070.0,1.0,0.0
2918750.4,10.0,40.0,10000000.0,4700000.0,247815.0,5.0,3.0,0.0,0.0,1779455.0,1.0,0.0
8400000.0,36.0,65.0,3700000.0,120000.0,283528.0,6.0,5.0,0.0,0.0,946640.0,1.0,0.0
3114598.8,6.0,52.0,1000000.0,760000.0,468805.0,5.0,4.0,0.0,0.0,969508.0,0.0,1.0
1560000.0,12.0,47.0,10000000.0,4000000.0,122000.0,8.0,2.0,0.0,1.0,916148.0,0.0,1.0
1274863.2,10.0,59.0,3000000.0,1600000.0,108128.0,4.0,1.0,0.0,3.0,1210000.0,0.0,1.0
2224574.4,9.0,64.0,2000000.0,1000000.0,208951.0,0.0,0.0,0.0,0.0,1210000.0,0.0,1.0
1607880.0,6.0,63.0,5790000.0,4361000.0,242850.0,6.0,3.0,2.0,0.0,977131.0,1.0,0.0
1832280.0,12.0,34.0,2500000.0,300000.0,127242.0,6.0,3.0,0.0,0.0,916841.0,0.0,1.0
2904000.0,6.0,37.0,15000000.0,6000000.0,437578.0,4.0,3.0,0.0,0.0,958420.0,0.0,1.0
1530960.0,6.0,46.0,1300000.0,500000.0,212633.0,1.0,0.0,0.0,0.0,916148.0,1.0,0.0
852000.0,12.0,29.0,2350000.0,1199000.0,70064.0,12.0,3.0,1.0,7.0,2012799.0,1.0,0.0
876000.0,12.0,53.0,1100000.0,124000.0,68765.0,10.0,1.0,1.0,8.0,1210000.0,1.0,0.0
1806840.0,6.0,62.0,1100000.0,500000.0,268172.0,5.0,2.0,0.0,0.0,1136219.0,1.0,0.0
918705.6,8.0,54.0,1500000.0,500000.0,95736.0,4.0,1.0,1.0,1.0,1457323.0,1.0,0.0
2448000.0,12.0,27.0,1000001.0,147000.0,195247.0,6.0,2.0,0.0,2.0,1069739.0,1.0,0.0
4143940.8,11.0,23.0,3000000.0,1500000.0,322962.0,4.0,0.0,0.0,2.0,931394.0,1.0,0.0
2858280.0,12.0,42.0,2129000.0,600000.0,198492.0,6.0,5.0,0.0,0.0,964541.0,1.0,0.0
2452230.0,10.0,25.0,2390000.0,45000.0,210945.0,5.0,1.0,0.0,3.0,916667.0,1.0,0.0
4146000.0,30.0,27.0,2500000.0,1300000.0,153235.0,10.0,4.0,0.0,5.0,2960878.0,1.0,0.0
3818162.4,6.0,26.0,2000000.0,600000.0,567488.0,1.0,0.0,0.0,1.0,1468398.0,1.0,0.0
1371650.4,10.0,33.0,2100000.0,1000000.0,116826.0,5.0,3.0,0.0,0.0,3500000.0,1.0,0.0
1661520.0,6.0,38.0,2700000.0,500000.0,246353.0,6.0,2.0,0.0,1.0,2340000.0,1.0,0.0
964018.7999999999,8.0,65.0,2000000.0,700000.0,100675.0,1.0,0.0,0.0,0.0,1210000.0,0.0,1.0
2422382.4,10.0,59.0,2500000.0,1600000.0,206211.0,0.0,0.0,0.0,0.0,946640.0,1.0,0.0
1372640.4,10.0,26.0,3000000.0,1200000.0,116543.0,2.0,1.0,0.0,0.0,954263.0,0.0,1.0
1041960.0,6.0,44.0,1036000.0,450000.0,154970.0,6.0,4.0,0.0,0.0,995530.0,1.0,0.0
4765920.0,12.0,36.0,4800000.0,1000000.0,374401.0,6.0,4.0,0.0,0.0,4621296.0,1.0,0.0
1440000.0,10.0,60.0,3000000.0,1200000.0,132733.0,6.0,4.0,0.0,0.0,30285.0,0.0,1.0
1898880.0,6.0,38.0,2500000.0,500000.0,282035.0,5.0,1.0,0.0,0.0,1817052.0,0.0,1.0
1621080.0,8.0,35.0,2300000.0,400000.0,183864.0,3.0,1.0,0.0,0.0,1230606.0,1.0,0.0
2412000.0,10.0,54.0,1200000.0,300000.0,223039.0,8.0,1.0,0.0,6.0,1192137.0,1.0,0.0
1016400.0,6.0,41.0,2000000.0,500000.0,150688.0,0.0,0.0,0.0,0.0,961885.0,0.0,1.0
3515100.0,6.0,53.0,6770000.0,3761000.0,526435.0,12.0,10.0,0.0,0.0,5866666.0,1.0,0.0
5504400.0,24.0,29.0,3500000.0,300000.0,191125.0,11.0,4.0,3.0,3.0,3629547.0,1.0,0.0
1707240.0,6.0,60.0,7000000.0,4500000.0,253732.0,10.0,6.0,0.0,2.0,1210000.0,0.0,1.0
3785090.4,11.0,29.0,4000000.0,2500000.0,294826.0,4.0,4.0,0.0,0.0,2997643.0,1.0,0.0
487200.0,6.0,25.0,2500000.0,0.0,72335.0,5.0,1.0,0.0,4.0,1210000.0,0.0,1.0
1260000.0,8.0,27.0,3630000.0,0.0,146127.0,4.0,3.0,0.0,0.0,1708875.0,1.0,0.0
1440000.0,12.0,52.0,3000000.0,1000000.0,113833.0,2.0,2.0,0.0,0.0,1429039.0,1.0,0.0
3548881.1999999997,12.0,29.0,4000000.0,500000.0,246450.0,4.0,3.0,0.0,1.0,3566385.0,1.0,0.0
2026436.4,10.0,48.0,3500000.0,1000000.0,172324.0,9.0,4.0,0.0,1.0,939017.0,1.0,0.0
480000.0,6.0,30.0,2200000.0,600000.0,71342.0,3.0,2.0,0.0,0.0,1905742.0,1.0,0.0
3210783.6,10.0,122.0,818817000.0,48378000.0,273039.0,0.0,0.0,0.0,0.0,1210000.0,1.0,0.0
2523660.0,6.0,52.0,2000000.0,600000.0,374320.0,2.0,1.0,0.0,1.0,2343521.0,1.0,0.0
2037927.5999999999,6.0,47.0,2620000.0,8075000.0,302688.0,2.0,0.0,0.0,2.0,1210000.0,0.0,1.0
1267680.0,9.0,63.0,4000000.0,2000000.0,118504.0,0.0,0.0,0.0,0.0,1210000.0,0.0,1.0
750708.0,2.0,41.0,3000000.0,1000000.0,295782.0,7.0,2.0,0.0,4.0,1210000.0,0.0,1.0
540000.0,8.0,45.0,1589000.0,265000.0,64786.0,3.0,1.0,0.0,2.0,996666.0,1.0,0.0
1299600.0,12.0,58.0,3500000.0,900000.0,102398.0,3.0,0.0,0.0,1.0,1000000.0,0.0,1.0
1770720.0,10.0,42.0,5000000.0,3000000.0,150421.0,6.0,1.0,0.0,2.0,7796033.0,1.0,0.0
7123520.399999999,11.0,43.0,10000000.0,5800000.0,555811.0,6.0,2.0,0.0,4.0,1837070.0,0.0,1.0
600000.0,6.0,56.0,2000000.0,500000.0,88994.0,7.0,4.0,0.0,1.0,908526.0,1.0,0.0
1836900.0,6.0,28.0,2400000.0,520000.0,273202.0,1.0,1.0,0.0,0.0,3644351.0,1.0,0.0
1673880.0,24.0,41.0,2300000.0,1500000.0,73344.0,5.0,2.0,0.0,3.0,1210000.0,1.0,0.0
2813520.0,12.0,47.0,3000000.0,500000.0,195383.0,5.0,3.0,0.0,1.0,1210000.0,1.0,0.0
1728789.5999999999,12.0,61.0,1500000.0,450000.0,135200.0,3.0,0.0,0.0,2.0,1443332.0,1.0,0.0
2851915.1999999997,9.0,40.0,26000000.0,16000000.0,267365.0,13.0,6.0,2.0,4.0,1830000.0,0.0,1.0
2634000.0,6.0,32.0,4605000.0,3737000.0,404887.0,8.0,5.0,0.0,1.0,3558833.0,1.0,0.0
768000.0,8.0,47.0,2500000.0,50000.0,88121.0,2.0,0.0,1.0,1.0,1711940.0,0.0,1.0
1709262.0,10.0,37.0,4000000.0,1200000.0,145200.0,6.0,2.0,0.0,4.0,1060215.0,1.0,0.0
1477080.0,12.0,52.0,1000000.0,150000.0,102575.0,7.0,0.0,0.0,7.0,916148.0,1.0,0.0
2358000.0,12.0,28.0,2440000.0,1418000.0,193328.0,5.0,2.0,0.0,0.0,1210000.0,1.0,0.0
2400000.0,6.0,62.0,3500000.0,350000.0,333333.0,3.0,3.0,0.0,0.0,916148.0,1.0,0.0
1952280.0,12.0,27.0,2500000.0,520000.0,135575.0,7.0,6.0,0.0,1.0,1848000.0,0.0,1.0
776900.4,11.0,51.0,7000000.0,3500000.0,60548.0,11.0,6.0,0.0,4.0,925157.0,0.0,1.0
1689360.0,6.0,42.0,6000000.0,2800000.0,251144.0,17.0,13.0,2.0,2.0,1210000.0,1.0,0.0
3044310.0,10.0,33.0,5000000.0,1500000.0,259833.0,6.0,5.0,0.0,0.0,3248378.0,1.0,0.0
1224000.0,6.0,58.0,1400000.0,400000.0,182701.0,5.0,3.0,0.0,2.0,1454172.0,1.0,0.0
2252280.0,12.0,33.0,6000000.0,2500000.0,156408.0,9.0,0.0,2.0,1.0,908526.0,1.0,0.0
1528215.5999999999,6.0,46.0,2500000.0,1300000.0,227188.0,4.0,2.0,0.0,0.0,821999.0,0.0,1.0
1915201.2,10.0,39.0,4600000.0,3000000.0,162609.0,5.0,3.0,0.0,0.0,5675748.0,1.0,0.0
3163952.4,10.0,53.0,2400000.0,1900000.0,269338.0,0.0,0.0,0.0,0.0,1210000.0,1.0,0.0
3605280.0,36.0,47.0,3500000.0,2500000.0,116927.0,9.0,5.0,0.0,1.0,1686731.0,1.0,0.0
3130216.8,12.0,46.0,1370000.0,290000.0,253524.0,2.0,0.0,0.0,2.0,1210000.0,0.0,1.0
2585400.0,8.0,59.0,3500000.0,1200000.0,292844.0,8.0,2.0,0.0,4.0,30285.0,0.0,1.0
1908000.0,6.0,46.0,15000000.0,5000000.0,285749.0,11.0,7.0,0.0,1.0,926820.0,0.0,1.0
3269640.0,12.0,37.0,1500000.0,800000.0,227058.0,1.0,1.0,0.0,0.0,856353.0,1.0,0.0
2100000.0,18.0,40.0,1300000.0,400000.0,117242.0,3.0,1.0,0.0,2.0,772558.0,1.0,0.0
599760.0,12.0,57.0,1500000.0,400000.0,41650.0,5.0,0.0,0.0,4.0,916148.0,0.0,1.0
1960680.0,12.0,62.0,2300000.0,600000.0,154040.0,13.0,9.0,2.0,2.0,1503388.0,1.0,0.0
720000.0,6.0,31.0,2250000.0,187000.0,109117.0,3.0,2.0,0.0,1.0,259132.0,0.0,1.0
3085200.0,8.0,47.0,4000000.0,2000000.0,350231.0,8.0,5.0,0.0,0.0,2700000.0,1.0,0.0
1917480.0,6.0,62.0,2200000.0,700000.0,285074.0,0.0,0.0,0.0,0.0,3835256.0,1.0,0.0
2757240.0,6.0,41.0,1000000.0,420000.0,409246.0,4.0,0.0,3.0,0.0,1157448.0,1.0,0.0
1360680.0,12.0,39.0,5000000.0,800000.0,94492.0,4.0,2.0,0.0,1.0,9108333.0,1.0,0.0
2236650.0,6.0,42.0,2036457.0,550000.0,331597.0,2.0,2.0,0.0,0.0,1626343.0,1.0,0.0
2399880.0,12.0,34.0,3500000.0,1000000.0,188779.0,6.0,4.0,0.0,0.0,925157.0,0.0,1.0
3780000.0,10.0,39.0,6000000.0,3500000.0,349579.0,10.0,10.0,0.0,0.0,6432198.0,1.0,0.0
1907520.0,12.0,42.0,4000000.0,1000000.0,132467.0,1.0,0.0,0.0,0.0,1210000.0,0.0,1.0
3292321.1999999997,11.0,42.0,12000000.0,4000000.0,256151.0,4.0,2.0,0.0,1.0,1210000.0,1.0,0.0
3475680.0,6.0,39.0,18000000.0,5000000.0,516233.0,10.0,5.0,0.0,2.0,933473.0,0.0,1.0
3383991.6,11.0,36.0,4150000.0,1500000.0,261405.0,5.0,1.0,0.0,1.0,1644444.0,1.0,0.0
2160248.4,11.0,38.0,6000000.0,2000000.0,182688.0,9.0,3.0,0.0,2.0,8292330.0,1.0,0.0
909024.0,8.0,65.0,5200000.0,2300000.0,102952.0,16.0,12.0,0.0,0.0,227132.0,1.0,0.0
1098823.2,6.0,58.0,1500000.0,700000.0,164017.0,7.0,1.0,0.0,5.0,1210000.0,0.0,1.0
959994.0,24.0,25.0,1300000.0,400000.0,43248.0,1.0,1.0,0.0,0.0,941789.0,1.0,0.0
2033712.0,10.0,27.0,2500000.0,1000000.0,172671.0,1.0,1.0,0.0,0.0,6667513.0,1.0,0.0
1221123.5999999999,10.0,37.0,8790000.0,8250000.0,107134.0,12.0,6.0,0.0,4.0,2000000.0,1.0,0.0
1963200.0,6.0,37.0,1900000.0,800000.0,291057.0,3.0,0.0,0.0,2.0,961885.0,1.0,0.0
799680.0,11.0,57.0,3300000.0,1400000.0,62217.0,2.0,1.0,0.0,1.0,1210000.0,0.0,1.0
2100322.8,8.0,42.0,2170000.0,609000.0,243585.0,5.0,0.0,0.0,5.0,1210000.0,1.0,0.0
2308800.0,10.0,48.0,1900000.0,1200000.0,217661.0,11.0,4.0,4.0,1.0,1000000.0,0.0,1.0
1050324.0,10.0,25.0,1400000.0,55000.0,91058.0,1.0,0.0,0.0,1.0,985912.0,1.0,0.0
2177880.0,12.0,35.0,1900000.0,500000.0,171387.0,5.0,1.0,2.0,2.0,1176479.0,1.0,0.0
3583200.0,6.0,51.0,9000000.0,790000.0,532566.0,3.0,1.0,0.0,1.0,1210000.0,0.0,1.0
2739540.0,18.0,30.0,1500000.0,300000.0,151609.0,3.0,1.0,0.0,0.0,1050520.0,1.0,0.0
726600.0,6.0,47.0,2000000.0,900000.0,108457.0,3.0,2.0,0.0,0.0,1232583.0,0.0,1.0
9892800.0,6.0,34.0,5810000.0,3987000.0,1494184.0,7.0,2.0,1.0,1.0,977131.0,0.0,1.0
6705002.399999999,10.0,33.0,8000000.0,4000000.0,568687.0,5.0,3.0,0.0,1.0,1210000.0,0.0,1.0
3392160.0,18.0,29.0,4500000.0,1400000.0,188193.0,4.0,3.0,0.0,0.0,3799400.0,1.0,0.0
4848000.0,6.0,62.0,16000000.0,5000000.0,726055.0,5.0,2.0,0.0,2.0,1459717.0,0.0,1.0
2476440.0,6.0,68.0,5200000.0,1200000.0,367568.0,7.0,3.0,0.0,3.0,4773592.0,1.0,0.0
3574999.1999999997,12.0,42.0,7000000.0,5000000.0,281216.0,3.0,2.0,0.0,1.0,1852727.0,0.0,1.0
2328480.0,6.0,58.0,1100000.0,300000.0,345212.0,1.0,0.0,0.0,0.0,908526.0,1.0,0.0
2472478.8,6.0,68.0,5210000.0,763000.0,370288.0,7.0,3.0,0.0,3.0,1682981.0,1.0,0.0
821208.0,5.0,38.0,5000000.0,2000000.0,133225.0,10.0,4.0,0.0,5.0,30285.0,0.0,1.0
4055641.1999999997,12.0,28.0,4000000.0,1500000.0,281642.0,3.0,0.0,0.0,2.0,1604700.0,0.0,1.0
753855.6,10.0,67.0,1798000.0,100000.0,69857.0,1.0,0.0,0.0,0.0,1936433.0,1.0,0.0
4260360.0,12.0,29.0,1000000.0,557000.0,342911.0,4.0,1.0,0.0,1.0,963410.0,0.0,1.0
914280.0,6.0,23.0,2000000.0,680000.0,135881.0,3.0,2.0,0.0,0.0,1864340.0,1.0,0.0
2160000.0,6.0,36.0,2900000.0,450000.0,320380.0,6.0,4.0,0.0,0.0,3387149.0,1.0,0.0
2078536.7999999998,10.0,30.0,3000000.0,2000000.0,176014.0,12.0,6.0,0.0,4.0,1818877.0,0.0,1.0
1560000.0,12.0,45.0,900000.0,400000.0,122560.0,9.0,7.0,0.0,2.0,743164.0,1.0,0.0
5811889.2,11.0,35.0,4000000.0,2000000.0,452697.0,6.0,5.0,0.0,0.0,916841.0,1.0,0.0
4676100.0,12.0,54.0,5000000.0,2500000.0,366918.0,3.0,2.0,0.0,0.0,3782545.0,1.0,0.0
8400000.0,36.0,59.0,4000000.0,150000.0,288406.0,7.0,2.0,2.0,1.0,1210000.0,1.0,0.0
1498992.0,6.0,40.0,5000000.0,2000000.0,204890.0,7.0,4.0,0.0,2.0,931394.0,1.0,0.0
803880.0,6.0,21.0,2000000.0,0.0,119480.0,2.0,1.0,0.0,1.0,1337097.0,1.0,0.0
828000.0,12.0,36.0,3039000.0,1135000.0,69000.0,8.0,3.0,0.0,3.0,1210000.0,1.0,0.0
1249597.2,10.0,44.0,4000000.0,2000000.0,106654.0,8.0,5.0,1.0,1.0,4517075.0,1.0,0.0
592800.0,12.0,49.0,4000000.0,1500000.0,46573.0,9.0,6.0,0.0,3.0,1210000.0,0.0,1.0
1727760.0,12.0,42.0,3000000.0,1500000.0,119983.0,2.0,0.0,0.0,0.0,3258521.0,1.0,0.0
2212033.1999999997,10.0,69.0,3500000.0,2000000.0,187811.0,2.0,0.0,0.0,0.0,923771.0,0.0,1.0
684600.0,5.0,56.0,4000000.0,2000000.0,111030.0,12.0,7.0,0.0,1.0,1210000.0,0.0,1.0
3763200.0,10.0,59.0,2500000.0,1200000.0,350034.0,3.0,3.0,0.0,0.0,1210000.0,0.0,1.0
1570560.0,12.0,23.0,2000000.0,500000.0,123380.0,8.0,5.0,0.0,0.0,814424.0,1.0,0.0
8640000.0,36.0,57.0,2880000.0,1771000.0,312883.0,7.0,4.0,1.0,1.0,1706096.0,1.0,0.0
2130457.1999999997,12.0,53.0,1400000.0,300000.0,167863.0,3.0,0.0,0.0,3.0,1184598.0,1.0,0.0
6382232.399999999,9.0,29.0,3000000.0,2000000.0,598330.0,1.0,0.0,0.0,0.0,950105.0,1.0,0.0
11310267.6,9.0,54.0,9083000.0,6000000.0,1058810.0,1.0,0.0,0.0,1.0,829911.0,0.0,1.0
978210.0,10.0,24.0,2000000.0,0.0,83272.0,1.0,0.0,0.0,1.0,1210000.0,1.0,0.0
2792640.0,6.0,46.0,2000000.0,500000.0,414783.0,3.0,3.0,0.0,0.0,933333.0,1.0,0.0
6631561.2,10.0,38.0,3433000.0,1666000.0,646104.0,4.0,3.0,0.0,1.0,1210000.0,1.0,0.0
1174080.0,12.0,60.0,1800000.0,600000.0,92011.0,19.0,4.0,0.0,13.0,1210000.0,0.0,1.0
2751240.0,12.0,34.0,4000000.0,1500000.0,216507.0,8.0,4.0,0.0,0.0,1210000.0,1.0,0.0
2728324.8,11.0,31.0,2800000.0,700000.0,212271.0,3.0,1.0,0.0,0.0,1891909.0,1.0,0.0
806280.0,6.0,52.0,8000000.0,2000000.0,111983.0,10.0,4.0,0.0,0.0,1210000.0,1.0,0.0
1150200.0,8.0,37.0,8000000.0,2900000.0,130342.0,7.0,4.0,0.0,1.0,908526.0,0.0,1.0
3107748.0,12.0,31.0,6600000.0,1000000.0,215816.0,7.0,3.0,0.0,1.0,917673.0,1.0,0.0
4383000.0,12.0,33.0,3200000.0,1200000.0,344348.0,7.0,4.0,0.0,1.0,3063595.0,1.0,0.0
5107380.0,24.0,25.0,1600000.0,300000.0,223275.0,1.0,0.0,1.0,0.0,1728692.0,1.0,0.0
3950281.1999999997,12.0,35.0,6500000.0,1500000.0,274325.0,4.0,2.0,0.0,0.0,1210000.0,0.0,1.0
754724.4,6.0,27.0,1300000.0,500000.0,113452.0,6.0,4.0,0.0,1.0,1200514.0,1.0,0.0
2259091.1999999997,12.0,38.0,4000000.0,1000000.0,177484.0,7.0,7.0,0.0,0.0,4021971.0,1.0,0.0
1777497.5999999999,12.0,50.0,2450000.0,700000.0,139894.0,10.0,1.0,0.0,3.0,1210000.0,1.0,0.0
508800.0,6.0,25.0,2000000.0,800000.0,75823.0,4.0,1.0,0.0,1.0,333126.0,0.0,1.0
4081938.0,5.0,33.0,1380000.0,584000.0,676135.0,3.0,1.0,0.0,1.0,990852.0,0.0,1.0
2400000.0,8.0,34.0,2000000.0,500000.0,273001.0,4.0,1.0,1.0,1.0,908526.0,0.0,1.0
2927667.6,10.0,23.0,1800000.0,500000.0,248311.0,3.0,0.0,0.0,1.0,1210000.0,0.0,1.0
1994379.5999999999,10.0,52.0,9000000.0,4000000.0,169776.0,3.0,1.0,0.0,1.0,939017.0,0.0,1.0
1985520.0,6.0,55.0,2000000.0,800000.0,294702.0,3.0,1.0,0.0,0.0,3879984.0,1.0,0.0
2725230.0,12.0,61.0,59000000.0,5000000.0,189252.0,8.0,6.0,0.0,0.0,10964332.0,1.0,0.0
7732080.0,6.0,59.0,10811000.0,5167000.0,1162054.0,16.0,8.0,0.0,3.0,1210000.0,1.0,0.0
1459380.0,10.0,32.0,3500000.0,2500000.0,135319.0,8.0,5.0,0.0,1.0,1261217.0,1.0,0.0
1296000.0,6.0,56.0,4500000.0,1800000.0,192008.0,9.0,6.0,0.0,1.0,908526.0,1.0,0.0
1860000.0,12.0,62.0,3000000.0,2000000.0,145644.0,4.0,2.0,0.0,1.0,1210000.0,1.0,0.0
617460.0,6.0,54.0,8000000.0,3000000.0,91710.0,6.0,0.0,0.0,6.0,1210000.0,0.0,1.0
3446640.0,6.0,41.0,2330000.0,106000.0,521239.0,2.0,0.0,0.0,1.0,908526.0,1.0,0.0
2559480.0,12.0,41.0,3000000.0,1500000.0,200583.0,6.0,1.0,0.0,5.0,2057961.0,1.0,0.0
2124720.0,24.0,25.0,2610000.0,238000.0,99547.0,4.0,2.0,0.0,0.0,928485.0,1.0,0.0
828000.0,6.0,29.0,1500000.0,400000.0,123398.0,8.0,2.0,0.0,4.0,874611.0,1.0,0.0
4164565.1999999997,9.0,122.0,5685715.0,1.0,390425.0,0.0,0.0,0.0,0.0,1210000.0,1.0,0.0
2699401.1999999997,6.0,42.0,6500000.0,2200000.0,401208.0,3.0,1.0,0.0,0.0,1210000.0,0.0,1.0
4560000.0,6.0,55.0,3500000.0,1000000.0,677711.0,8.0,3.0,0.0,0.0,3356689.0,1.0,0.0
3528025.1999999997,9.0,59.0,3500000.0,1500000.0,329487.0,6.0,6.0,0.0,0.0,1191666.0,1.0,0.0
839880.0,12.0,44.0,6000000.0,3000000.0,58325.0,8.0,7.0,0.0,0.0,6745432.0,1.0,0.0
2961240.0,12.0,27.0,3900000.0,900000.0,232937.0,7.0,5.0,0.0,0.0,3113832.0,1.0,0.0
3537480.0,6.0,62.0,4000000.0,2000000.0,523970.0,10.0,4.0,0.0,5.0,4744889.0,1.0,0.0
788794.7999999999,4.0,33.0,3760000.0,1590000.0,161255.0,10.0,7.0,0.0,0.0,4034204.0,1.0,0.0
3090600.0,6.0,32.0,7000000.0,2000000.0,459456.0,3.0,3.0,0.0,0.0,9385072.0,1.0,0.0
511200.0,6.0,46.0,2300000.0,350000.0,76031.0,4.0,0.0,0.0,4.0,994444.0,1.0,0.0
2276038.8,24.0,27.0,2400000.0,580000.0,100871.0,0.0,0.0,0.0,0.0,1210000.0,0.0,1.0
720000.0,6.0,63.0,5000000.0,2300000.0,107013.0,2.0,1.0,0.0,0.0,6032928.0,1.0,0.0
4019257.1999999997,9.0,58.0,3000000.0,2000000.0,380898.0,3.0,0.0,0.0,1.0,1210000.0,1.0,0.0
1124528.4,6.0,35.0,2000000.0,600000.0,169445.0,6.0,0.0,1.0,2.0,1992102.0,1.0,0.0
3888000.0,12.0,34.0,11820000.0,6738000.0,270000.0,7.0,5.0,0.0,0.0,9013220.0,1.0,0.0
2313600.0,12.0,33.0,3000000.0,1700000.0,181766.0,6.0,5.0,0.0,1.0,946692.0,1.0,0.0
1624800.0,6.0,24.0,6000000.0,400000.0,240721.0,5.0,2.0,0.0,2.0,1210000.0,0.0,1.0
1069080.0,6.0,29.0,5000000.0,3500000.0,158788.0,4.0,2.0,0.0,1.0,5500000.0,1.0,0.0
2028967.2,12.0,44.0,1800000.0,300000.0,161826.0,1.0,0.0,1.0,0.0,937337.0,1.0,0.0
1852800.0,12.0,25.0,3000000.0,1200000.0,145105.0,2.0,1.0,0.0,0.0,1210000.0,1.0,0.0
1722000.0,6.0,50.0,5000000.0,3000000.0,256617.0,7.0,1.0,0.0,1.0,1000000.0,0.0,1.0
2456818.8,4.0,34.0,5500000.0,3000000.0,494188.0,7.0,5.0,0.0,0.0,6683266.0,1.0,0.0
8433600.0,6.0,35.0,1000000.0,3125000.0,1269540.0,5.0,1.0,1.0,0.0,908526.0,0.0,1.0
4614688.8,9.0,122.0,70621000.0,29883000.0,446584.0,0.0,0.0,0.0,0.0,1210000.0,1.0,0.0
878880.0,5.0,49.0,5000000.0,2000000.0,142747.0,26.0,2.0,0.0,19.0,939017.0,0.0,1.0
2880812.4,11.0,67.0,1860000.0,175000.0,232036.0,12.0,0.0,0.0,11.0,0.0,1.0,0.0
960000.0,6.0,62.0,3000000.0,1050000.0,142489.0,8.0,6.0,0.0,2.0,1210000.0,0.0,1.0
3360000.0,12.0,32.0,2500000.0,350000.0,264741.0,5.0,2.0,0.0,1.0,90853.0,1.0,0.0
1269000.0,3.0,41.0,5000000.0,2000000.0,336898.0,4.0,2.0,0.0,2.0,939017.0,0.0,1.0
4196660.399999999,11.0,122.0,13460938.0,6290420.0,354296.0,0.0,0.0,0.0,0.0,1210000.0,1.0,0.0
1965278.4,10.0,57.0,2200000.0,1000000.0,167123.0,0.0,0.0,0.0,0.0,2000000.0,1.0,0.0
1311600.0,12.0,30.0,6444000.0,1500000.0,104627.0,5.0,0.0,4.0,1.0,2583183.0,1.0,0.0
1242000.0,12.0,34.0,1800000.0,200000.0,97496.0,1.0,1.0,0.0,0.0,1668302.0,1.0,0.0
2508831.6,11.0,57.0,6000000.0,4000000.0,212167.0,10.0,4.0,0.0,2.0,3640000.0,1.0,0.0
2129280.0,18.0,69.0,2100000.0,1200000.0,117318.0,3.0,3.0,0.0,0.0,9505821.0,1.0,0.0
1200000.0,24.0,26.0,2900000.0,893000.0,56532.0,6.0,3.0,0.0,1.0,1210000.0,1.0,0.0
818400.0,6.0,64.0,2070000.0,160000.0,123610.0,3.0,1.0,0.0,0.0,1863829.0,1.0,0.0
1557360.0,6.0,38.0,2900000.0,2000000.0,231310.0,3.0,2.0,0.0,0.0,2369403.0,1.0,0.0
816000.0,6.0,53.0,2000000.0,800000.0,121391.0,10.0,3.0,2.0,5.0,1640000.0,1.0,0.0
1083600.0,6.0,25.0,1200000.0,300000.0,161753.0,2.0,0.0,1.0,0.0,872184.0,0.0,1.0
1742280.0,12.0,55.0,1600000.0,350000.0,120992.0,2.0,2.0,0.0,0.0,997488.0,1.0,0.0
1801722.0,10.0,43.0,3000000.0,2000000.0,152974.0,5.0,3.0,2.0,0.0,1000000.0,0.0,1.0
777600.0,24.0,38.0,1500000.0,400000.0,34028.0,4.0,1.0,0.0,0.0,749832.0,1.0,0.0
2628000.0,24.0,51.0,2500000.0,100000.0,117104.0,12.0,7.0,0.0,3.0,1500000.0,1.0,0.0
2846160.0,12.0,59.0,1800000.0,0.0,197650.0,1.0,0.0,0.0,1.0,1210000.0,1.0,0.0
5506980.0,18.0,34.0,2633000.0,719000.0,328932.0,7.0,2.0,1.0,1.0,1865454.0,0.0,1.0
2528768.4,18.0,64.0,3000000.0,1000000.0,140542.0,12.0,3.0,1.0,6.0,2540601.0,1.0,0.0
1269000.0,8.0,25.0,5000000.0,2000000.0,132239.0,8.0,4.0,0.0,2.0,925157.0,0.0,1.0
2050441.2,6.0,54.0,2000000.0,400000.0,304754.0,3.0,2.0,0.0,0.0,1210000.0,0.0,1.0
1800000.0,6.0,34.0,3500000.0,800000.0,267592.0,1.0,0.0,0.0,1.0,1210000.0,0.0,1.0
1368028.8,10.0,28.0,2120000.0,497000.0,120023.0,6.0,4.0,0.0,1.0,1937064.0,1.0,0.0
5704681.2,12.0,41.0,4000000.0,1500000.0,448185.0,4.0,3.0,0.0,1.0,2900058.0,1.0,0.0
1988280.0,12.0,51.0,4000000.0,400000.0,138075.0,8.0,5.0,0.0,0.0,908526.0,0.0,1.0
673200.0,6.0,29.0,9000000.0,3000000.0,99989.0,17.0,2.0,0.0,13.0,1210000.0,0.0,1.0
6959799.6,9.0,122.0,1142778000.0,1520119000.0,652476.0,0.0,0.0,0.0,0.0,1210000.0,1.0,0.0
2679720.0,6.0,52.0,7470000.0,2000000.0,397285.0,4.0,3.0,0.0,0.0,8057604.0,1.0,0.0
2040000.0,12.0,33.0,2000000.0,400000.0,160537.0,3.0,3.0,0.0,0.0,2000000.0,1.0,0.0
2999880.0,18.0,39.0,5127000.0,2266000.0,181764.0,8.0,4.0,0.0,3.0,1327454.0,1.0,0.0
6600840.0,12.0,34.0,4000000.0,2000000.0,518548.0,2.0,2.0,0.0,0.0,3337695.0,1.0,0.0
909480.0,6.0,36.0,3200000.0,1500000.0,126317.0,5.0,3.0,0.0,1.0,2714391.0,1.0,0.0
1318243.2,10.0,28.0,1100000.0,500000.0,111925.0,6.0,2.0,1.0,3.0,1605645.0,1.0,0.0
1182000.0,6.0,29.0,2630000.0,1448000.0,177021.0,5.0,3.0,0.0,1.0,1210000.0,1.0,0.0
442560.0,8.0,38.0,5000000.0,2000000.0,46078.0,10.0,4.0,0.0,1.0,1210000.0,0.0,1.0
1084186.8,2.0,32.0,5000000.0,2000000.0,427173.0,4.0,1.0,0.0,3.0,1210000.0,0.0,1.0
2160000.0,6.0,41.0,4000000.0,2200000.0,321889.0,4.0,3.0,0.0,0.0,1210000.0,0.0,1.0
1520640.0,12.0,62.0,1200000.0,200000.0,119091.0,9.0,4.0,0.0,4.0,908526.0,1.0,0.0
4099999.1999999997,6.0,27.0,5000000.0,1000000.0,607495.0,8.0,2.0,0.0,5.0,1088488.0,0.0,1.0
5324810.399999999,10.0,122.0,987530000.0,600404910.0,452100.0,0.0,0.0,0.0,0.0,1210000.0,1.0,0.0
1870560.0,12.0,48.0,1800000.0,600000.0,147142.0,7.0,2.0,0.0,3.0,1038335.0,1.0,0.0
2400000.0,6.0,41.0,5000000.0,2200000.0,356465.0,4.0,2.0,0.0,0.0,2010909.0,1.0,0.0
816480.0,6.0,61.0,2519000.0,1200000.0,121048.0,6.0,3.0,0.0,2.0,1210000.0,1.0,0.0
1027200.0,12.0,32.0,35000000.0,10000000.0,80835.0,3.0,2.0,0.0,0.0,1137808.0,0.0,1.0
1269000.0,2.0,34.0,5000000.0,2000000.0,500578.0,7.0,2.0,4.0,0.0,1067087.0,0.0,1.0
2280000.0,6.0,53.0,1000000.0,1283000.0,343182.0,6.0,2.0,1.0,1.0,1000000.0,0.0,1.0
817080.0,6.0,34.0,4000000.0,1500000.0,121359.0,4.0,0.0,0.0,2.0,923771.0,1.0,0.0
1613640.0,8.0,59.0,3500000.0,400000.0,183180.0,9.0,7.0,0.0,0.0,1210000.0,0.0,1.0
1823760.0,24.0,34.0,2000000.0,750000.0,81252.0,7.0,5.0,0.0,0.0,1210000.0,1.0,0.0
907458.0,10.0,33.0,1500000.0,600000.0,76966.0,9.0,3.0,0.0,6.0,1210000.0,1.0,0.0
2814468.0,5.0,49.0,6500000.0,5500000.0,464852.0,10.0,4.0,0.0,4.0,4772350.0,0.0,1.0
5505481.2,12.0,36.0,6000000.0,2500000.0,382325.0,10.0,6.0,0.0,1.0,1269533.0,1.0,0.0
7440000.0,12.0,36.0,9000000.0,3500000.0,584519.0,4.0,0.0,0.0,2.0,908526.0,0.0,1.0
821208.0,9.0,67.0,4000000.0,2000000.0,76767.0,8.0,5.0,2.0,0.0,2119704.0,1.0,0.0
1815675.5999999999,10.0,42.0,4800000.0,2800000.0,153997.0,7.0,3.0,0.0,0.0,1210000.0,1.0,0.0
2649962.4,6.0,41.0,4326000.0,899000.0,404709.0,13.0,2.0,0.0,9.0,1000000.0,0.0,1.0
1655880.0,12.0,68.0,5000000.0,3000000.0,114992.0,6.0,5.0,0.0,0.0,1000000.0,1.0,0.0
3685458.0,10.0,45.0,6500000.0,0.0,341371.0,7.0,2.0,0.0,2.0,925157.0,0.0,1.0
5507376.0,5.0,122.0,125078024.0,15138472.0,893982.0,0.0,0.0,0.0,0.0,1210000.0,1.0,0.0
1200000.0,12.0,59.0,1500000.0,300000.0,94160.0,5.0,2.0,0.0,1.0,908526.0,1.0,0.0
1571625.5999999999,9.0,53.0,3000000.0,1000000.0,147268.0,4.0,2.0,0.0,0.0,1845454.0,1.0,0.0
647356.7999999999,11.0,29.0,2100000.0,900000.0,50452.0,2.0,2.0,0.0,0.0,75711.0,1.0,0.0
1045080.0,6.0,57.0,3000000.0,790000.0,155223.0,4.0,2.0,0.0,0.0,1300000.0,0.0,1.0
1728000.0,6.0,31.0,3000000.0,1500000.0,257931.0,3.0,3.0,0.0,0.0,1210000.0,0.0,1.0
2135761.1999999997,12.0,35.0,2600000.0,600000.0,148317.0,4.0,2.0,0.0,0.0,2474712.0,1.0,0.0
2400000.0,12.0,38.0,2500000.0,500000.0,188867.0,3.0,3.0,0.0,0.0,918931.0,1.0,0.0
2602560.0,6.0,65.0,4500000.0,1500000.0,386287.0,3.0,1.0,0.0,0.0,3544650.0,1.0,0.0
946150.7999999999,10.0,24.0,1300000.0,700000.0,80122.0,4.0,0.0,0.0,3.0,1210000.0,1.0,0.0
878880.0,2.0,38.0,4000000.0,2000000.0,346587.0,10.0,5.0,1.0,2.0,931394.0,0.0,1.0
1453920.0,12.0,41.0,1800000.0,400000.0,114226.0,1.0,1.0,0.0,0.0,1182804.0,1.0,0.0
2003880.0,6.0,48.0,2140000.0,0.0,300136.0,2.0,0.0,0.0,1.0,975052.0,1.0,0.0
1498992.0,2.0,42.0,5000000.0,2000000.0,591302.0,6.0,2.0,0.0,2.0,939017.0,0.0,1.0
952680.0,6.0,47.0,4800000.0,1000000.0,141402.0,2.0,1.0,0.0,0.0,1210000.0,1.0,0.0
1464000.0,24.0,43.0,1500000.0,600000.0,64357.0,7.0,2.0,0.0,4.0,1210000.0,0.0,1.0
8400000.0,36.0,60.0,5700000.0,3543000.0,301863.0,14.0,10.0,0.0,2.0,1210000.0,1.0,0.0
481260.0,6.0,36.0,3500000.0,700000.0,71350.0,6.0,4.0,0.0,1.0,1210000.0,1.0,0.0
6480000.0,6.0,38.0,10000000.0,2000000.0,963064.0,3.0,1.0,0.0,0.0,545426.0,0.0,1.0
2288040.0,12.0,38.0,6000000.0,2500000.0,181388.0,6.0,3.0,0.0,1.0,1200000.0,1.0,0.0
2294280.0,12.0,40.0,2300000.0,1700000.0,159325.0,5.0,4.0,0.0,0.0,908526.0,1.0,0.0
3326400.0,6.0,35.0,2182000.0,951000.0,495740.0,9.0,5.0,0.0,2.0,2068863.0,1.0,0.0
7464798.0,10.0,122.0,20000000.0,5000000.0,688184.0,0.0,0.0,0.0,0.0,1210000.0,1.0,0.0
2802128.4,9.0,43.0,3500000.0,1500000.0,262321.0,4.0,3.0,0.0,1.0,1210000.0,0.0,1.0
1166400.0,12.0,30.0,1200000.0,0.0,93661.0,2.0,0.0,1.0,1.0,1010300.0,1.0,0.0
8640000.0,36.0,32.0,3430000.0,629000.0,298457.0,4.0,2.0,1.0,1.0,1054976.0,1.0,0.0
2492400.0,24.0,34.0,2000000.0,700000.0,109192.0,6.0,1.0,0.0,3.0,713700.0,1.0,0.0
788098.7999999999,8.0,32.0,3200000.0,1000000.0,89387.0,11.0,5.0,0.0,6.0,3395719.0,1.0,0.0
1269000.0,5.0,40.0,5000000.0,2000000.0,206109.0,13.0,9.0,0.0,2.0,945115.0,0.0,1.0
1384976.4,6.0,65.0,3000000.0,2000000.0,208690.0,3.0,0.0,2.0,1.0,958420.0,1.0,0.0
873600.0,6.0,43.0,3550000.0,1585000.0,132619.0,7.0,3.0,2.0,2.0,972557.0,1.0,0.0
2250000.0,6.0,54.0,2000000.0,500000.0,334034.0,4.0,1.0,1.0,0.0,1210000.0,0.0,1.0
2937480.0,12.0,62.0,7800000.0,1100000.0,203992.0,5.0,3.0,0.0,1.0,1210000.0,1.0,0.0
907200.0,6.0,60.0,3500000.0,1000000.0,134652.0,7.0,4.0,0.0,1.0,923771.0,1.0,0.0
1695480.0,24.0,29.0,2200000.0,800000.0,74290.0,6.0,3.0,0.0,1.0,2257105.0,1.0,0.0
2059080.0,12.0,34.0,5000000.0,3000000.0,142992.0,5.0,4.0,0.0,0.0,4250986.0,1.0,0.0
531590.4,6.0,28.0,1670000.0,0.0,80694.0,1.0,0.0,0.0,0.0,1210000.0,1.0,0.0
3076800.0,6.0,34.0,7000000.0,4000000.0,455888.0,8.0,1.0,2.0,2.0,688965.0,0.0,1.0
2696640.0,12.0,27.0,1900000.0,800000.0,211156.0,2.0,1.0,0.0,1.0,933011.0,1.0,0.0
3960000.0,24.0,29.0,2500000.0,0.0,137500.0,7.0,5.0,0.0,0.0,1519351.0,1.0,0.0
1193160.0,12.0,49.0,2600000.0,850000.0,94590.0,5.0,3.0,0.0,0.0,2447454.0,1.0,0.0
3230529.6,18.0,31.0,5000000.0,1000000.0,179254.0,0.0,0.0,0.0,0.0,3261174.0,1.0,0.0
1079880.0,12.0,44.0,2000000.0,500000.0,84981.0,4.0,3.0,0.0,0.0,1859880.0,1.0,0.0
1199880.0,6.0,33.0,3700000.0,1200000.0,166650.0,5.0,2.0,0.0,2.0,882568.0,1.0,0.0
1796160.0,10.0,45.0,2700000.0,1200000.0,166210.0,1.0,1.0,0.0,0.0,3067328.0,1.0,0.0
2039761.2,12.0,69.0,16991100000.0,200000.0,141650.0,2.0,2.0,0.0,0.0,908526.0,1.0,0.0
3180000.0,12.0,67.0,3000000.0,1000000.0,250145.0,4.0,3.0,0.0,0.0,1210000.0,0.0,1.0
1656000.0,6.0,46.0,3270000.0,1285000.0,249259.0,5.0,2.0,0.0,0.0,1210000.0,0.0,1.0
2665532.4,9.0,56.0,3000000.0,1000000.0,249534.0,1.0,1.0,0.0,0.0,3003081.0,1.0,0.0
2559480.0,6.0,38.0,2020000.0,267000.0,385249.0,4.0,1.0,0.0,2.0,1210000.0,1.0,0.0
1496112.0,12.0,49.0,1200000.0,500000.0,117541.0,4.0,4.0,0.0,0.0,1000000.0,1.0,0.0
821208.0,5.0,27.0,5000000.0,2000000.0,133186.0,6.0,4.0,0.0,1.0,923771.0,0.0,1.0
2161080.0,6.0,29.0,2700000.0,700000.0,321182.0,1.0,0.0,0.0,0.0,908526.0,1.0,0.0
1261980.0,10.0,55.0,3000000.0,1000000.0,117026.0,6.0,5.0,0.0,0.0,1210000.0,0.0,1.0
3569880.0,6.0,43.0,3000000.0,1700000.0,530707.0,4.0,1.0,0.0,3.0,616795.0,1.0,0.0
2640000.0,24.0,29.0,2500000.0,650000.0,116053.0,15.0,4.0,0.0,9.0,916148.0,1.0,0.0
743760.0,6.0,39.0,1800000.0,400000.0,110393.0,6.0,5.0,0.0,0.0,1707043.0,1.0,0.0
2264547.6,6.0,29.0,5730000.0,2982000.0,344922.0,6.0,3.0,0.0,2.0,4091513.0,1.0,0.0
3291480.0,12.0,51.0,3000000.0,800000.0,228575.0,3.0,2.0,0.0,0.0,1210000.0,1.0,0.0
1272000.0,6.0,41.0,10000000.0,7000000.0,188927.0,4.0,2.0,0.0,0.0,1210000.0,1.0,0.0
3343500.0,36.0,32.0,5200000.0,2000000.0,107565.0,13.0,8.0,0.0,2.0,5533245.0,1.0,0.0
821208.0,5.0,57.0,5000000.0,2000000.0,133225.0,5.0,4.0,0.0,1.0,1210000.0,0.0,1.0
3312000.0,6.0,42.0,11000000.0,5000000.0,492258.0,6.0,4.0,0.0,0.0,925157.0,0.0,1.0
554400.0,6.0,28.0,3500000.0,300000.0,82757.0,6.0,3.0,0.0,1.0,2658809.0,1.0,0.0
3027120.0,10.0,50.0,1300000.0,300000.0,280098.0,2.0,0.0,0.0,0.0,919035.0,1.0,0.0
1736228.4,9.0,122.0,926000000.0,17000000.0,162149.0,0.0,0.0,0.0,0.0,1210000.0,1.0,0.0
10680000.0,8.0,36.0,10000000.0,4200000.0,1225432.0,6.0,3.0,0.0,1.0,1210000.0,0.0,1.0
1631640.0,12.0,22.0,2000000.0,400000.0,128968.0,2.0,2.0,0.0,0.0,1890889.0,0.0,1.0
541266.0,6.0,32.0,1700000.0,306000.0,81471.0,2.0,1.0,1.0,0.0,1671388.0,1.0,0.0
1308835.2,10.0,49.0,2000000.0,1000000.0,111126.0,3.0,1.0,0.0,1.0,3738052.0,1.0,0.0
626400.0,12.0,35.0,7490000.0,5357000.0,43500.0,9.0,8.0,0.0,0.0,5798154.0,1.0,0.0
677718.0,10.0,68.0,0.0,0.0,57390.0,1.0,1.0,0.0,0.0,2711627.0,1.0,0.0
3081241.1999999997,10.0,28.0,3000000.0,1700000.0,286629.0,9.0,3.0,0.0,4.0,1210000.0,0.0,1.0
3987607.1999999997,11.0,34.0,3300000.0,1750000.0,311132.0,3.0,1.0,0.0,2.0,2512005.0,1.0,0.0
2063640.0,18.0,30.0,1990000.0,300000.0,114217.0,9.0,4.0,1.0,2.0,2382462.0,1.0,0.0
2362680.0,12.0,65.0,1100000.0,500000.0,164075.0,5.0,0.0,0.0,5.0,1210000.0,0.0,1.0
1953600.0,24.0,39.0,3250000.0,329000.0,85076.0,8.0,3.0,0.0,2.0,1210000.0,0.0,1.0
1294082.4,3.0,63.0,3500000.0,2000000.0,343557.0,2.0,2.0,0.0,0.0,4369973.0,1.0,0.0
1233481.2,6.0,55.0,2000000.0,600000.0,184117.0,2.0,2.0,0.0,0.0,1210000.0,0.0,1.0
1980000.0,6.0,35.0,1200000.0,200000.0,297657.0,9.0,0.0,0.0,7.0,954263.0,1.0,0.0
2067529.2,6.0,68.0,7730000.0,2353000.0,312674.0,6.0,6.0,0.0,0.0,3619268.0,1.0,0.0
1133037.5999999999,6.0,29.0,4000000.0,1500000.0,168554.0,8.0,4.0,0.0,1.0,1210000.0,0.0,1.0
2240101.1999999997,18.0,34.0,1000000.0,600000.0,123984.0,2.0,2.0,0.0,0.0,1210000.0,1.0,0.0
1740000.0,8.0,50.0,4500000.0,2500000.0,197754.0,8.0,4.0,0.0,3.0,916148.0,1.0,0.0
1721280.0,12.0,49.0,4000000.0,1200000.0,134782.0,6.0,3.0,0.0,0.0,1210000.0,1.0,0.0
3215744.4,9.0,59.0,3200000.0,1700000.0,301330.0,16.0,10.0,0.0,1.0,1210000.0,1.0,0.0
1173480.0,12.0,55.0,1400000.0,500000.0,92308.0,4.0,2.0,0.0,1.0,1000000.0,1.0,0.0
1018440.0,6.0,68.0,2584596.0,775000.0,152539.0,9.0,4.0,1.0,2.0,2527293.0,1.0,0.0
2880000.0,6.0,54.0,16000000.0,8000000.0,431320.0,16.0,9.0,0.0,6.0,31640.0,1.0,0.0
1318980.0,18.0,32.0,2000000.0,120000.0,72742.0,3.0,2.0,0.0,0.0,1210000.0,0.0,1.0
1061722.8,6.0,44.0,3500000.0,0.0,159601.0,5.0,3.0,0.0,0.0,902940.0,1.0,0.0
2555178.0,9.0,44.0,7000000.0,1500000.0,238632.0,9.0,7.0,0.0,1.0,2833333.0,0.0,1.0
1269000.0,5.0,47.0,4000000.0,2000000.0,205511.0,7.0,2.0,0.0,3.0,1210000.0,0.0,1.0
1470960.0,12.0,26.0,1200000.0,150000.0,115413.0,2.0,1.0,0.0,0.0,1210000.0,1.0,0.0
444000.0,6.0,35.0,2215000.0,836000.0,68072.0,10.0,4.0,0.0,2.0,780000.0,0.0,1.0
1131320.4,11.0,122.0,426802834.0,170122005.0,97154.0,0.0,0.0,0.0,0.0,1210000.0,1.0,0.0
979792.7999999999,6.0,68.0,2000000.0,500000.0,145526.0,6.0,5.0,0.0,1.0,1210000.0,1.0,0.0
1463040.0,10.0,54.0,1800000.0,800000.0,135384.0,6.0,3.0,0.0,1.0,908526.0,1.0,0.0
2458218.0,11.0,54.0,2500000.0,1500000.0,208718.0,7.0,5.0,0.0,0.0,3964651.0,1.0,0.0
1199760.0,12.0,37.0,3000000.0,1000000.0,83317.0,4.0,1.0,0.0,1.0,1210000.0,1.0,0.0
3780566.4,12.0,47.0,4700000.0,550000.0,298823.0,8.0,5.0,0.0,1.0,2549001.0,1.0,0.0
887880.0,6.0,31.0,1200000.0,500000.0,132322.0,5.0,4.0,0.0,0.0,1210000.0,0.0,1.0
664680.0,6.0,67.0,2000000.0,300000.0,99052.0,4.0,3.0,0.0,1.0,941789.0,0.0,1.0
2845080.0,6.0,51.0,5000000.0,100000.0,422267.0,3.0,1.0,0.0,2.0,1210000.0,0.0,1.0
506806.8,2.0,46.0,5000000.0,2000000.0,199684.0,4.0,2.0,0.0,2.0,1210000.0,0.0,1.0
5071404.0,36.0,53.0,2500000.0,150000.0,165007.0,8.0,6.0,1.0,1.0,923771.0,1.0,0.0
1764000.0,10.0,23.0,1600000.0,50000.0,163650.0,4.0,1.0,0.0,1.0,1252888.0,1.0,0.0
4016184.0,18.0,59.0,2500000.0,1000000.0,222064.0,5.0,1.0,0.0,0.0,908526.0,0.0,1.0
821208.0,5.0,63.0,5000000.0,2000000.0,133302.0,4.0,1.0,0.0,1.0,841435.0,0.0,1.0
2777064.0,10.0,26.0,7000000.0,5000000.0,235167.0,4.0,3.0,0.0,0.0,10923637.0,1.0,0.0
2792100.0,12.0,60.0,3000000.0,1000000.0,219360.0,7.0,4.0,0.0,3.0,939017.0,1.0,0.0
2039778.0,9.0,45.0,1800000.0,700000.0,193029.0,2.0,2.0,0.0,0.0,1210000.0,0.0,1.0
1019760.0,8.0,54.0,2500000.0,650000.0,116498.0,2.0,1.0,0.0,0.0,1210000.0,0.0,1.0
2160000.0,12.0,65.0,1500000.0,500000.0,170207.0,15.0,5.0,1.0,6.0,923771.0,1.0,0.0
2460000.0,12.0,36.0,3000000.0,2500000.0,193588.0,8.0,2.0,0.0,3.0,1993370.0,1.0,0.0
1283760.0,6.0,43.0,5000000.0,1600000.0,191321.0,7.0,3.0,0.0,0.0,1210000.0,0.0,1.0
2967000.0,12.0,40.0,4500000.0,1000000.0,233486.0,1.0,1.0,0.0,0.0,1007105.0,0.0,1.0
2655620.4,5.0,48.0,9130000.0,276000.0,438616.0,2.0,1.0,0.0,0.0,983368.0,1.0,0.0
1661520.0,12.0,67.0,5000000.0,2000000.0,130124.0,6.0,2.0,1.0,0.0,1009803.0,1.0,0.0
3669322.8,10.0,42.0,5000000.0,4939000.0,315641.0,7.0,5.0,0.0,2.0,30285.0,1.0,0.0
4384165.2,3.0,42.0,6000000.0,3000000.0,1162786.0,5.0,4.0,1.0,0.0,1210000.0,0.0,1.0
1424126.4,11.0,32.0,2300000.0,1000000.0,110927.0,3.0,1.0,0.0,1.0,3825352.0,1.0,0.0
652800.0,6.0,59.0,8000000.0,3500000.0,98131.0,16.0,8.0,0.0,4.0,1210000.0,0.0,1.0
2135917.1999999997,6.0,49.0,1800000.0,600000.0,317025.0,0.0,0.0,0.0,0.0,1200000.0,1.0,0.0
1850640.0,8.0,41.0,1000000.0,400000.0,209619.0,1.0,1.0,0.0,0.0,908526.0,1.0,0.0
492000.0,6.0,26.0,1200000.0,350000.0,73684.0,4.0,0.0,0.0,2.0,1291295.0,1.0,0.0
799680.0,11.0,42.0,3100000.0,1500000.0,62288.0,8.0,7.0,0.0,1.0,3207423.0,1.0,0.0
2797680.0,6.0,32.0,2900000.0,500000.0,414963.0,3.0,1.0,0.0,0.0,1582452.0,1.0,0.0
2448000.0,6.0,25.0,3500000.0,700000.0,363925.0,2.0,1.0,0.0,0.0,908526.0,1.0,0.0
2994050.4,10.0,51.0,3806000.0,143000.0,266766.0,8.0,5.0,0.0,1.0,1210000.0,1.0,0.0
859302.0,6.0,46.0,3000000.0,1000000.0,127746.0,4.0,2.0,0.0,0.0,3172637.0,1.0,0.0
4583998.8,12.0,28.0,6000000.0,800000.0,359003.0,9.0,4.0,0.0,4.0,635968.0,0.0,1.0
2268000.0,18.0,20.0,1600000.0,400000.0,129529.0,3.0,1.0,0.0,2.0,1082746.0,1.0,0.0
1629721.2,9.0,52.0,3800000.0,2600000.0,152566.0,3.0,1.0,0.0,1.0,908526.0,0.0,1.0
3600000.0,6.0,44.0,5000000.0,2000000.0,536482.0,6.0,1.0,0.0,4.0,1210000.0,0.0,1.0
1645080.0,12.0,43.0,1900000.0,150000.0,114242.0,1.0,0.0,0.0,0.0,681394.0,1.0,0.0
2957641.1999999997,12.0,25.0,1600000.0,200000.0,232076.0,5.0,2.0,0.0,0.0,696536.0,1.0,0.0
3223749.6,12.0,28.0,4000000.0,2000000.0,252114.0,5.0,1.0,0.0,1.0,1480744.0,0.0,1.0
2138408.4,2.0,49.0,6000000.0,2500000.0,843901.0,10.0,7.0,0.0,0.0,1200000.0,0.0,1.0
984000.0,6.0,44.0,2540000.0,343000.0,148430.0,3.0,1.0,0.0,2.0,1210000.0,0.0,1.0
1436400.0,24.0,48.0,1000000.0,600000.0,63131.0,3.0,3.0,0.0,0.0,1197944.0,1.0,0.0
3761084.4,10.0,36.0,2600000.0,528000.0,323534.0,1.0,1.0,0.0,0.0,1210000.0,0.0,1.0
3661855.1999999997,6.0,61.0,15000000.0,3000000.0,545699.0,5.0,4.0,0.0,0.0,1210000.0,0.0,1.0
545280.0,6.0,57.0,1562000.0,213000.0,81950.0,2.0,0.0,0.0,0.0,977131.0,0.0,1.0
2856000.0,10.0,37.0,35000000.0,14000000.0,264656.0,9.0,7.0,0.0,2.0,886020.0,0.0,1.0
2648163.6,10.0,55.0,1500000.0,920000.0,225431.0,6.0,3.0,0.0,2.0,946640.0,1.0,0.0
4065600.0,6.0,68.0,6000000.0,2000000.0,604264.0,2.0,1.0,0.0,0.0,33334.0,0.0,1.0
3960000.0,36.0,29.0,3584000.0,1429000.0,150642.0,8.0,3.0,3.0,1.0,1841260.0,1.0,0.0
2334664.8,9.0,40.0,3500000.0,500000.0,218246.0,6.0,3.0,0.0,3.0,2340721.0,1.0,0.0
1359480.0,6.0,52.0,4000000.0,800000.0,201782.0,5.0,0.0,0.0,0.0,1210000.0,0.0,1.0
3300000.0,36.0,41.0,4118000.0,1905000.0,125535.0,5.0,2.0,0.0,1.0,1532666.0,1.0,0.0
3231420.0,12.0,24.0,2500000.0,0.0,253854.0,5.0,2.0,0.0,2.0,1210000.0,0.0,1.0
3240000.0,12.0,45.0,8000000.0,3200000.0,254970.0,1.0,0.0,0.0,0.0,323032.0,0.0,1.0
671040.0,12.0,29.0,3500000.0,2000000.0,46600.0,2.0,1.0,0.0,0.0,1090000.0,0.0,1.0
1491702.0,12.0,51.0,1100000.0,330000.0,117049.0,1.0,0.0,0.0,1.0,1210000.0,0.0,1.0
1590000.0,18.0,48.0,7000000.0,3000000.0,87605.0,14.0,8.0,1.0,3.0,908526.0,0.0,1.0
628240.7999999999,6.0,47.0,3000000.0,800000.0,94439.0,6.0,1.0,2.0,2.0,1210000.0,0.0,1.0
2555880.0,12.0,47.0,6000000.0,2000000.0,177492.0,13.0,6.0,0.0,1.0,2368800.0,1.0,0.0
965881.2,6.0,63.0,1500000.0,150000.0,143558.0,4.0,2.0,0.0,2.0,931394.0,1.0,0.0
3801000.0,10.0,23.0,9000000.0,4000000.0,351357.0,3.0,1.0,0.0,2.0,908526.0,0.0,1.0
3000000.0,6.0,24.0,6000000.0,2000000.0,445582.0,4.0,2.0,0.0,1.0,60569.0,0.0,1.0
3443880.0,6.0,36.0,30000000.0,7000000.0,478317.0,8.0,7.0,0.0,0.0,10172742.0,0.0,1.0
2021760.0,12.0,37.0,2500000.0,800000.0,140400.0,5.0,4.0,0.0,0.0,2829329.0,1.0,0.0
900000.0,12.0,38.0,1500000.0,350000.0,71349.0,7.0,1.0,0.0,4.0,944842.0,1.0,0.0
2764586.4,12.0,55.0,2500000.0,600000.0,217581.0,7.0,4.0,0.0,2.0,1210000.0,1.0,0.0
3409334.4,11.0,28.0,1800000.0,179000.0,278287.0,3.0,0.0,0.0,0.0,1210000.0,1.0,0.0
720000.0,6.0,65.0,2320537.0,209000.0,107830.0,4.0,2.0,0.0,1.0,966736.0,1.0,0.0
968794.7999999999,10.0,27.0,1500000.0,700000.0,82169.0,10.0,2.0,1.0,5.0,1210000.0,1.0,0.0
1372800.0,6.0,39.0,4000000.0,1000000.0,204165.0,6.0,4.0,0.0,1.0,4941441.0,1.0,0.0
2400000.0,12.0,28.0,1763000.0,0.0,200924.0,1.0,0.0,0.0,1.0,2225507.0,1.0,0.0
2245200.0,12.0,60.0,2000000.0,700000.0,176378.0,8.0,2.0,1.0,4.0,931394.0,1.0,0.0
2956560.0,24.0,41.0,1500000.0,400000.0,129943.0,3.0,0.0,1.0,0.0,946904.0,1.0,0.0
2008560.0,6.0,46.0,908526.0,1902000.0,302326.0,11.0,2.0,0.0,5.0,733487.0,0.0,1.0
2921881.1999999997,36.0,40.0,1700000.0,400000.0,96325.0,5.0,1.0,0.0,1.0,851007.0,0.0,1.0
2410320.0,6.0,30.0,2834000.0,0.0,368110.0,6.0,2.0,0.0,2.0,1236000.0,1.0,0.0
2148955.1999999997,2.0,36.0,2169000.0,0.0,857651.0,0.0,0.0,0.0,0.0,1210000.0,1.0,0.0
5078760.0,36.0,53.0,2360000.0,522000.0,181100.0,2.0,1.0,0.0,0.0,1210000.0,1.0,0.0
1298400.0,12.0,52.0,1900000.0,900000.0,102177.0,11.0,3.0,0.0,5.0,1202176.0,1.0,0.0
5483210.399999999,8.0,39.0,3000000.0,1600000.0,571389.0,1.0,0.0,0.0,1.0,1210000.0,1.0,0.0
5436000.0,36.0,52.0,1800000.0,420000.0,175764.0,4.0,1.0,0.0,2.0,1381026.0,1.0,0.0
3990000.0,12.0,38.0,8000000.0,800000.0,318285.0,6.0,3.0,0.0,0.0,3664353.0,1.0,0.0
3095640.0,12.0,26.0,1300000.0,180000.0,242904.0,2.0,0.0,0.0,2.0,658429.0,1.0,0.0
1200000.0,24.0,42.0,1100000.0,500000.0,52500.0,2.0,2.0,0.0,0.0,806286.0,1.0,0.0
4005600.0,12.0,50.0,2040000.0,560000.0,319478.0,5.0,0.0,0.0,2.0,615779.0,0.0,1.0
816000.0,6.0,34.0,2001000.0,0.0,121801.0,1.0,0.0,0.0,1.0,2141177.0,1.0,0.0
916800.0,8.0,37.0,35000000.0,10000000.0,104196.0,4.0,1.0,0.0,0.0,1210000.0,0.0,1.0
3934021.1999999997,6.0,47.0,5000000.0,1500000.0,587247.0,8.0,1.0,1.0,1.0,1210000.0,0.0,1.0
2659140.0,12.0,53.0,2000000.0,200000.0,208654.0,7.0,4.0,2.0,0.0,1293906.0,1.0,0.0
3600000.0,18.0,57.0,1200000.0,400000.0,199015.0,2.0,0.0,0.0,2.0,1028087.0,1.0,0.0
3508200.0,6.0,60.0,3500000.0,2000000.0,521063.0,7.0,6.0,0.0,1.0,6090475.0,1.0,0.0
2400000.0,6.0,58.0,6000000.0,2500000.0,357677.0,8.0,7.0,0.0,0.0,30285.0,0.0,1.0
1549425.5999999999,11.0,63.0,2000000.0,800000.0,131556.0,4.0,3.0,1.0,0.0,946640.0,0.0,1.0
1585680.0,12.0,33.0,2000000.0,83000.0,126491.0,9.0,2.0,0.0,4.0,977131.0,1.0,0.0
2230488.0,10.0,55.0,2800000.0,1000000.0,189676.0,5.0,1.0,1.0,2.0,1210000.0,0.0,1.0
366964.8,6.0,51.0,1500000.0,300000.0,54467.0,5.0,2.0,0.0,2.0,727028.0,0.0,1.0
1604400.0,5.0,51.0,5000000.0,2000000.0,260433.0,8.0,4.0,0.0,2.0,933473.0,0.0,1.0
1921018.7999999998,9.0,27.0,3400000.0,1400000.0,179578.0,6.0,3.0,1.0,1.0,2250191.0,0.0,1.0
977040.0,10.0,26.0,1800000.0,900000.0,90348.0,3.0,0.0,0.0,3.0,1210000.0,0.0,1.0
3960000.0,36.0,26.0,2331000.0,654000.0,155246.0,3.0,2.0,0.0,0.0,4177966.0,1.0,0.0
1043443.2,10.0,32.0,1500000.0,500000.0,88639.0,14.0,6.0,1.0,6.0,1900362.0,1.0,0.0
1965441.5999999999,11.0,33.0,3000000.0,1500000000.0,152917.0,4.0,3.0,0.0,0.0,1500000.0,1.0,0.0
3159360.0,12.0,65.0,2000000.0,810000.0,219400.0,3.0,1.0,1.0,0.0,916148.0,1.0,0.0
433116.0,6.0,43.0,5400000.0,500000.0,65107.0,7.0,4.0,0.0,2.0,1210000.0,1.0,0.0
5214480.0,24.0,33.0,1850000.0,253000.0,242641.0,3.0,1.0,0.0,1.0,1000000.0,1.0,0.0
1846266.0,9.0,33.0,4000000.0,2000000.0,173003.0,7.0,4.0,1.0,2.0,892289.0,1.0,0.0
1604400.0,2.0,60.0,30000000.0,25000000.0,632696.0,6.0,1.0,0.0,3.0,1210000.0,1.0,0.0
1269000.0,4.0,45.0,5000000.0,2000000.0,255259.0,8.0,5.0,0.0,1.0,1210000.0,1.0,0.0
1258714.8,12.0,57.0,3000000.0,1500000.0,99502.0,1.0,0.0,0.0,1.0,434074.0,0.0,1.0
3220400.4,10.0,25.0,3200000.0,800000.0,274287.0,2.0,2.0,0.0,0.0,2846350.0,1.0,0.0
1703100.0,6.0,24.0,1100000.0,200000.0,253287.0,5.0,2.0,0.0,1.0,949181.0,1.0,0.0
1143631.2,10.0,122.0,408511944.0,88378170.0,96997.0,0.0,0.0,0.0,0.0,1210000.0,1.0,0.0
2514753.6,9.0,44.0,3515000.0,253000.0,239601.0,22.0,2.0,1.0,18.0,3400000.0,1.0,0.0
2388712.8,3.0,62.0,1800000.0,0.0,636884.0,1.0,0.0,0.0,0.0,1210000.0,1.0,0.0
1086420.0,12.0,26.0,2200000.0,1000000.0,85085.0,0.0,0.0,0.0,0.0,204418.0,0.0,1.0
1649280.0,6.0,39.0,2500000.0,600000.0,244516.0,1.0,0.0,0.0,1.0,905965.0,0.0,1.0
3011421.6,10.0,37.0,1800000.0,800000.0,256085.0,4.0,3.0,0.0,1.0,1432012.0,0.0,1.0
1260240.0,8.0,52.0,4000000.0,1800000.0,131382.0,8.0,4.0,0.0,2.0,843808.0,1.0,0.0
3269640.0,12.0,26.0,2000000.0,800000.0,227058.0,4.0,0.0,0.0,2.0,1887918.0,1.0,0.0
4273980.0,12.0,68.0,6500000.0,3700000.0,296804.0,13.0,8.0,0.0,1.0,984236.0,1.0,0.0
1349520.0,12.0,55.0,2600000.0,900000.0,107635.0,6.0,4.0,0.0,0.0,927842.0,1.0,0.0
4206159.6,8.0,32.0,5600000.0,0.0,480549.0,2.0,1.0,0.0,0.0,1450000.0,1.0,0.0
1503480.0,6.0,63.0,3000000.0,1200000.0,223511.0,1.0,0.0,0.0,0.0,3067753.0,1.0,0.0
389707.2,3.0,48.0,2053000.0,500000.0,113269.0,0.0,0.0,0.0,0.0,1210000.0,1.0,0.0
4680000.0,36.0,53.0,4730000.0,646000.0,165305.0,9.0,1.0,2.0,2.0,1210000.0,0.0,1.0
7196640.0,12.0,32.0,4500000.0,1000000.0,499767.0,5.0,2.0,0.0,0.0,3000000.0,1.0,0.0
1480480.8,10.0,45.0,4500000.0,1500000.0,125897.0,10.0,8.0,0.0,1.0,939017.0,0.0,1.0
1740000.0,24.0,48.0,2500000.0,650000.0,76490.0,1.0,0.0,0.0,0.0,908526.0,0.0,1.0
2172183.6,9.0,43.0,3000000.0,1000000.0,203641.0,6.0,4.0,0.0,1.0,1210000.0,0.0,1.0
1220240.4,10.0,22.0,1500000.0,800000.0,103604.0,1.0,0.0,0.0,1.0,1210000.0,1.0,0.0
3197880.0,12.0,28.0,2250000.0,483000.0,267359.0,7.0,3.0,0.0,3.0,1565045.0,1.0,0.0
1560000.0,12.0,54.0,4000000.0,300000.0,122408.0,5.0,0.0,0.0,2.0,1210000.0,0.0,1.0
2109999.6,12.0,48.0,5000000.0,3000000.0,165977.0,4.0,2.0,0.0,1.0,32114.0,0.0,1.0
2198280.0,12.0,30.0,2900000.0,500000.0,173776.0,4.0,2.0,1.0,0.0,3220435.0,1.0,0.0
3269893.1999999997,36.0,23.0,1500000.0,0.0,107223.0,1.0,1.0,0.0,0.0,832815.0,1.0,0.0
3846830.4,10.0,40.0,4824000.0,1638000.0,337499.0,8.0,6.0,0.0,1.0,1084047.0,1.0,0.0
1860000.0,8.0,52.0,5000000.0,500000.0,212503.0,1.0,0.0,0.0,1.0,910001.0,0.0,1.0
960289.2,6.0,25.0,5670000.0,3989000.0,146988.0,14.0,2.0,7.0,5.0,5476666.0,1.0,0.0
1433880.0,6.0,41.0,1500000.0,200000.0,212817.0,4.0,1.0,0.0,1.0,1045244.0,1.0,0.0
8662866.0,11.0,122.0,589006660.0,5338660.0,673994.0,0.0,0.0,0.0,0.0,1210000.0,1.0,0.0
2584164.0,10.0,60.0,2560000.0,1250000.0,219983.0,2.0,0.0,0.0,1.0,1210000.0,0.0,1.0
480000.0,6.0,56.0,1200000.0,650000.0,71887.0,2.0,0.0,1.0,0.0,1210000.0,0.0,1.0
2122130.4,9.0,26.0,2000000.0,1500000.0,198378.0,4.0,3.0,0.0,1.0,1127131.0,1.0,0.0
568200.0,6.0,53.0,1200000.0,420000.0,84470.0,1.0,0.0,0.0,1.0,939017.0,1.0,0.0
5207577.6,10.0,28.0,4800000.0,2400000.0,443307.0,7.0,3.0,0.0,4.0,1210000.0,0.0,1.0
1488000.0,6.0,44.0,2000000.0,1000000.0,220453.0,3.0,1.0,0.0,1.0,1210000.0,1.0,0.0
2318280.0,8.0,26.0,2500000.0,650000.0,263170.0,3.0,1.0,1.0,1.0,877031.0,1.0,0.0
2160000.0,24.0,43.0,2000000.0,300000.0,96249.0,1.0,0.0,0.0,0.0,909000.0,1.0,0.0
2726880.0,10.0,42.0,5000000.0,1500000.0,252691.0,10.0,7.0,0.0,0.0,8654802.0,1.0,0.0
3746280.0,24.0,40.0,7000000.0,3000000.0,164652.0,1.0,0.0,0.0,0.0,6605925.0,1.0,0.0
1032240.0,18.0,61.0,2865000.0,1175000.0,56924.0,10.0,2.0,0.0,3.0,1210000.0,0.0,1.0
3297060.0,12.0,48.0,1500000.0,300000.0,258214.0,3.0,1.0,0.0,0.0,1560031.0,1.0,0.0
4178077.1999999997,10.0,68.0,15000000.0,2000000.0,387001.0,4.0,0.0,0.0,3.0,1000000.0,1.0,0.0
1009570.7999999999,10.0,45.0,3000000.0,2000000.0,85762.0,3.0,1.0,1.0,0.0,931394.0,0.0,1.0
8400000.0,36.0,56.0,5000000.0,0.0,274558.0,6.0,3.0,0.0,1.0,1201328.0,0.0,1.0
420000.0,18.0,45.0,3700000.0,1800000.0,23983.0,13.0,6.0,0.0,5.0,1210000.0,1.0,0.0
2495880.0,6.0,55.0,3000000.0,200000.0,373792.0,2.0,0.0,0.0,2.0,908526.0,1.0,0.0
6262920.0,12.0,57.0,2500000.0,900000.0,492042.0,13.0,4.0,2.0,4.0,1210000.0,0.0,1.0
3327240.0,12.0,65.0,5000000.0,1200000.0,231058.0,4.0,2.0,0.0,0.0,916148.0,1.0,0.0
821208.0,5.0,44.0,5000000.0,2000000.0,133418.0,7.0,0.0,0.0,4.0,1210000.0,0.0,1.0
2435880.0,12.0,34.0,1600000.0,600000.0,169158.0,7.0,4.0,0.0,1.0,916148.0,1.0,0.0
1245600.0,12.0,59.0,900000.0,250000.0,98032.0,3.0,0.0,0.0,3.0,916149.0,1.0,0.0
4270560.0,36.0,28.0,2702000.0,637000.0,157015.0,6.0,4.0,1.0,1.0,1000000.0,1.0,0.0
2569200.0,24.0,38.0,3000000.0,1500000.0,111884.0,9.0,5.0,0.0,1.0,3333288.0,1.0,0.0
1103760.0,6.0,28.0,2000000.0,500000.0,164496.0,10.0,3.0,0.0,1.0,1264278.0,1.0,0.0
2823600.0,12.0,31.0,2500000.0,1000000.0,221135.0,5.0,3.0,0.0,1.0,688965.0,0.0,1.0
1464960.0,6.0,47.0,3016000.0,465000.0,223503.0,4.0,3.0,0.0,0.0,952381.0,0.0,1.0
3264000.0,10.0,42.0,6000000.0,1500000.0,302357.0,8.0,5.0,0.0,2.0,1210000.0,0.0,1.0
522000.0,6.0,37.0,2060000.0,358000.0,78184.0,2.0,1.0,0.0,1.0,936433.0,0.0,1.0
1079641.2,6.0,56.0,3000000.0,1000000.0,149950.0,5.0,4.0,0.0,0.0,1210000.0,1.0,0.0
2027227.2,9.0,64.0,2200000.0,1000000.0,189054.0,3.0,3.0,0.0,0.0,2181057.0,1.0,0.0
2037600.0,12.0,57.0,2400000.0,500000.0,159950.0,2.0,1.0,0.0,0.0,1210000.0,1.0,0.0
3359880.0,12.0,54.0,3620000.0,769000.0,276299.0,4.0,2.0,0.0,0.0,1494000.0,0.0,1.0
2676210.0,10.0,69.0,2800000.0,1100000.0,227341.0,7.0,6.0,0.0,1.0,2993079.0,1.0,0.0
426240.0,12.0,59.0,2000000.0,900000.0,33382.0,4.0,2.0,0.0,2.0,1210000.0,0.0,1.0
5147955.6,4.0,40.0,2260000.0,642000.0,1040290.0,7.0,4.0,0.0,0.0,1210000.0,0.0,1.0
2472702.0,11.0,38.0,1400000.0,500000.0,209350.0,2.0,2.0,0.0,0.0,1494468.0,1.0,0.0
799680.0,11.0,42.0,3100000.0,1500000.0,62217.0,4.0,2.0,0.0,0.0,787389.0,1.0,0.0
8640000.0,36.0,28.0,1300000.0,400000.0,279360.0,1.0,1.0,0.0,0.0,738934.0,1.0,0.0
5883861.6,10.0,30.0,7500000.0,4500000.0,501139.0,9.0,8.0,0.0,0.0,1100000.0,0.0,1.0
1571496.0,9.0,55.0,8000000.0,4200000.0,146764.0,16.0,4.0,0.0,10.0,2426000.0,0.0,1.0
1416000.0,10.0,63.0,1600000.0,700000.0,131216.0,1.0,0.0,0.0,1.0,1210000.0,0.0,1.0
3216000.0,6.0,54.0,8224000.0,2145000.0,493083.0,4.0,2.0,0.0,0.0,1000000.0,0.0,1.0
799680.0,11.0,35.0,3100000.0,1400000.0,62288.0,4.0,1.0,1.0,2.0,1210000.0,1.0,0.0
878880.0,5.0,51.0,2800000.0,1500000.0,142788.0,4.0,2.0,0.0,1.0,1210000.0,0.0,1.0
2193600.0,12.0,32.0,3500000.0,1200000.0,173901.0,6.0,4.0,0.0,1.0,4689432.0,1.0,0.0
1359480.0,6.0,66.0,10000000.0,3000000.0,201782.0,11.0,7.0,2.0,0.0,5200416.0,1.0,0.0
1137240.0,6.0,40.0,1800000.0,400000.0,168796.0,3.0,0.0,1.0,1.0,2253180.0,1.0,0.0
4876320.0,12.0,29.0,7000000.0,1600000.0,384056.0,7.0,6.0,0.0,0.0,1210000.0,1.0,0.0
3706440.0,6.0,49.0,12000000.0,3000000.0,551041.0,11.0,9.0,0.0,0.0,1210000.0,0.0,1.0
1631466.0,12.0,38.0,1250000.0,500000.0,128387.0,2.0,2.0,0.0,0.0,1405690.0,1.0,0.0
1387762.8,9.0,43.0,6000000.0,4000000.0,129419.0,8.0,3.0,0.0,1.0,1210000.0,1.0,0.0
1689480.0,12.0,68.0,3000000.0,1000000.0,117325.0,3.0,1.0,1.0,0.0,2324280.0,0.0,1.0
3229918.8,11.0,37.0,1000000.0,0.0,255184.0,1.0,0.0,0.0,1.0,1210000.0,1.0,0.0
3240960.0,12.0,57.0,1800000.0,720000.0,225067.0,6.0,3.0,1.0,0.0,1145161.0,1.0,0.0
566400.0,12.0,62.0,1000000.0,500000.0,44577.0,4.0,0.0,0.0,4.0,1210000.0,0.0,1.0
3960000.0,6.0,42.0,2000000.0,700000.0,589135.0,9.0,5.0,1.0,2.0,1009583.0,1.0,0.0
950182.7999999999,11.0,25.0,2652000.0,1303000.0,81598.0,8.0,2.0,1.0,4.0,880000.0,1.0,0.0
2340000.0,24.0,61.0,26000000.0,3000000.0,105449.0,5.0,4.0,0.0,0.0,1210000.0,1.0,0.0
880848.0,9.0,38.0,5000000.0,2000000.0,82579.0,2.0,0.0,0.0,1.0,1210000.0,0.0,1.0
916876.7999999999,10.0,42.0,1500000.0,800000.0,77765.0,7.0,3.0,0.0,3.0,1210000.0,1.0,0.0
1079986.8,8.0,43.0,5000000.0,2000000.0,112785.0,7.0,3.0,0.0,1.0,839301.0,0.0,1.0
1729200.0,12.0,43.0,1750000.0,750000.0,135853.0,5.0,2.0,0.0,3.0,4729516.0,1.0,0.0
1680000.0,12.0,26.0,1600000.0,700000.0,131879.0,4.0,2.0,0.0,1.0,1388996.0,1.0,0.0
1419600.0,6.0,45.0,2661000.0,1289000.0,216225.0,6.0,3.0,0.0,0.0,2258333.0,0.0,1.0
1009200.0,6.0,24.0,1930000.0,1325000.0,154732.0,11.0,2.0,0.0,9.0,347974.0,0.0,1.0
823113.6,10.0,40.0,4000000.0,2000000.0,70069.0,2.0,0.0,1.0,1.0,1210000.0,1.0,0.0
1680000.0,6.0,53.0,2280000.0,1267000.0,254607.0,2.0,0.0,1.0,1.0,1424803.0,1.0,0.0
1344000.0,6.0,57.0,3500000.0,2000000.0,199612.0,2.0,0.0,0.0,1.0,1210000.0,0.0,1.0
2949828.0,12.0,54.0,2500000.0,300000.0,231174.0,7.0,3.0,0.0,0.0,1210000.0,1.0,0.0
2893800.0,18.0,26.0,3000000.0,500000.0,159594.0,10.0,4.0,0.0,4.0,1210000.0,1.0,0.0
2407514.4,10.0,67.0,2000000.0,1500000.0,204194.0,4.0,2.0,0.0,2.0,1210000.0,1.0,0.0
1199880.0,24.0,24.0,1670000.0,149000.0,54967.0,3.0,1.0,0.0,1.0,1210000.0,1.0,0.0
1474680.0,10.0,63.0,6000000.0,1500000.0,137514.0,10.0,5.0,1.0,1.0,1210000.0,0.0,1.0
1427994.0,3.0,69.0,5500000.0,5000000.0,378886.0,4.0,2.0,0.0,0.0,2781850.0,0.0,1.0
3122368.8,10.0,32.0,4500000.0,2500000.0,264825.0,9.0,4.0,0.0,4.0,1210000.0,1.0,0.0
1199880.0,6.0,34.0,9000000.0,3500000.0,166650.0,5.0,3.0,0.0,0.0,11047055.0,1.0,0.0
4747980.0,18.0,41.0,1200000.0,700000.0,260910.0,6.0,4.0,2.0,0.0,1418149.0,1.0,0.0
476320.8,6.0,30.0,1774000.0,43000.0,73639.0,2.0,0.0,0.0,1.0,1999775.0,1.0,0.0
2457858.0,11.0,29.0,2800000.0,1500000.0,191228.0,4.0,2.0,0.0,1.0,3724490.0,1.0,0.0
1037674.7999999999,10.0,31.0,3570000.0,1616000.0,91040.0,7.0,5.0,0.0,1.0,1163721.0,1.0,0.0
1629975.5999999999,9.0,51.0,3000000.0,2500000.0,153101.0,1.0,1.0,0.0,0.0,1360469.0,1.0,0.0
2334000.0,8.0,50.0,18000000.0,8000000.0,264711.0,9.0,5.0,1.0,1.0,1785666.0,0.0,1.0
669600.0,12.0,42.0,2000000.0,1300000.0,52476.0,3.0,2.0,0.0,1.0,790325.0,1.0,0.0
1255708.8,10.0,55.0,3500000.0,1000000.0,106895.0,9.0,4.0,1.0,2.0,1210000.0,1.0,0.0
3000000.0,12.0,40.0,4500000.0,1200000.0,208333.0,3.0,1.0,0.0,0.0,2066265.0,0.0,1.0
1313760.0,12.0,33.0,2900000.0,500000.0,91233.0,11.0,2.0,0.0,2.0,3025591.0,1.0,0.0
6090600.0,12.0,32.0,5000000.0,1500000.0,422958.0,3.0,1.0,0.0,0.0,908526.0,1.0,0.0
1262340.0,6.0,48.0,1200000.0,200000.0,187662.0,5.0,0.0,0.0,0.0,1000000.0,0.0,1.0
6663319.2,9.0,41.0,15000000.0,5000000.0,623786.0,11.0,9.0,0.0,0.0,8517310.0,0.0,1.0
2084379.5999999999,9.0,55.0,3000000.0,2000000.0,197911.0,2.0,1.0,0.0,0.0,1060000.0,1.0,0.0
480000.0,6.0,28.0,1400000.0,300000.0,71261.0,1.0,0.0,0.0,1.0,862989.0,0.0,1.0
1937450.4,10.0,59.0,3500000.0,1500000.0,164930.0,0.0,0.0,0.0,0.0,1210000.0,1.0,0.0
936000.0,6.0,41.0,2000000.0,600000.0,139148.0,4.0,2.0,0.0,0.0,1210000.0,1.0,0.0
1717200.0,12.0,43.0,2600000.0,1000000.0,134320.0,3.0,2.0,0.0,0.0,916148.0,0.0,1.0
1836000.0,12.0,32.0,2400000.0,1000000.0,145137.0,2.0,0.0,0.0,1.0,2270686.0,1.0,0.0
1080000.0,6.0,30.0,4321000.0,1500000.0,160409.0,2.0,0.0,0.0,0.0,1686000.0,1.0,0.0
3004992.0,6.0,50.0,3260000.0,1163000.0,450039.0,9.0,8.0,0.0,0.0,1210000.0,0.0,1.0
1920000.0,6.0,54.0,3500000.0,700000.0,266667.0,4.0,0.0,0.0,2.0,1715200.0,0.0,1.0
726000.0,8.0,38.0,4300000.0,3000000.0,82588.0,9.0,5.0,1.0,0.0,4921349.0,1.0,0.0
2645760.0,12.0,24.0,2200000.0,600000.0,206824.0,8.0,1.0,0.0,4.0,1850743.0,1.0,0.0
2913300.0,12.0,61.0,1200000.0,500000.0,228882.0,2.0,1.0,0.0,0.0,941789.0,1.0,0.0
1313400.0,10.0,29.0,2200000.0,700000.0,121408.0,4.0,3.0,0.0,0.0,1092080.0,1.0,0.0
2849280.0,6.0,57.0,6000000.0,2000000.0,423177.0,4.0,0.0,1.0,0.0,1210000.0,0.0,1.0
1670280.0,12.0,43.0,1450000.0,300000.0,131456.0,2.0,1.0,0.0,1.0,1431066.0,1.0,0.0
2245200.0,6.0,62.0,2320000.0,0.0,337431.0,0.0,0.0,0.0,0.0,1210000.0,1.0,0.0
448800.0,6.0,29.0,1500000.0,600000.0,66991.0,4.0,2.0,0.0,0.0,950105.0,0.0,1.0
1800000.0,24.0,68.0,2410000.0,712000.0,82043.0,5.0,1.0,1.0,3.0,977131.0,1.0,0.0
3960000.0,6.0,46.0,12000000.0,4000000.0,588168.0,13.0,10.0,0.0,1.0,916841.0,0.0,1.0
2758813.1999999997,11.0,42.0,2030000.0,0.0,217964.0,1.0,0.0,0.0,0.0,931394.0,1.0,0.0
2015880.0,12.0,34.0,1300000.0,650000.0,139992.0,5.0,2.0,1.0,2.0,1283936.0,1.0,0.0
2793360.0,12.0,28.0,3500000.0,1000000.0,219981.0,2.0,1.0,0.0,1.0,2027778.0,1.0,0.0
5420760.0,24.0,52.0,3500000.0,500000.0,236945.0,13.0,5.0,1.0,4.0,1210000.0,0.0,1.0
1542840.0,6.0,40.0,10000000.0,8000000.0,228757.0,14.0,2.0,0.0,9.0,908526.0,1.0,0.0
918964.7999999999,10.0,37.0,1500000.0,800000.0,77942.0,5.0,1.0,0.0,3.0,1210000.0,1.0,0.0
1817760.0,12.0,55.0,5000000.0,2000000.0,142811.0,2.0,1.0,0.0,0.0,916841.0,1.0,0.0
1661520.0,24.0,39.0,1000000.0,500000.0,72626.0,2.0,1.0,0.0,0.0,1210000.0,1.0,0.0
3120600.0,12.0,63.0,4000000.0,1000000.0,245168.0,11.0,9.0,0.0,2.0,1210000.0,0.0,1.0
1412280.0,12.0,36.0,1100000.0,350000.0,111093.0,8.0,4.0,0.0,2.0,902469.0,1.0,0.0
1496880.0,12.0,52.0,3500000.0,1500000.0,117230.0,12.0,10.0,0.0,0.0,1210000.0,1.0,0.0
4273680.0,24.0,31.0,5200000.0,1000000.0,190400.0,2.0,2.0,0.0,0.0,3187500.0,1.0,0.0
1296600.0,6.0,39.0,3500000.0,1000000.0,192449.0,10.0,8.0,0.0,1.0,211990.0,1.0,0.0
3842280.0,12.0,57.0,2500000.0,500000.0,266825.0,10.0,5.0,0.0,5.0,2102230.0,1.0,0.0
4224000.0,6.0,57.0,20000000.0,1000000.0,627807.0,2.0,1.0,0.0,0.0,926820.0,0.0,1.0
1296000.0,12.0,27.0,1650000.0,300000.0,101735.0,8.0,2.0,1.0,2.0,2110573.0,1.0,0.0
1650000.0,12.0,23.0,1300000.0,500000.0,130819.0,1.0,0.0,1.0,0.0,1053660.0,1.0,0.0
1498992.0,5.0,59.0,5000000.0,2000000.0,243323.0,7.0,5.0,0.0,2.0,939017.0,0.0,1.0
2206561.1999999997,12.0,29.0,5000000.0,2500000.0,173357.0,3.0,0.0,0.0,1.0,1016066.0,1.0,0.0
8152560.0,24.0,42.0,3640000.0,1923000.0,371590.0,8.0,5.0,0.0,1.0,1210000.0,0.0,1.0
2006160.0,12.0,43.0,2000000.0,600000.0,157613.0,4.0,3.0,0.0,0.0,1210000.0,0.0,1.0
4080000.0,6.0,58.0,4000000.0,1500000.0,603919.0,3.0,0.0,0.0,1.0,1210000.0,0.0,1.0
1269000.0,3.0,38.0,8000000.0,5000000.0,336701.0,21.0,4.0,4.0,8.0,1210000.0,0.0,1.0
1611759.5999999999,6.0,42.0,2500000.0,1600000.0,241383.0,2.0,1.0,0.0,0.0,1210000.0,0.0,1.0
2288337.6,4.0,27.0,1200000.0,600000.0,460298.0,1.0,0.0,0.0,0.0,1210000.0,0.0,1.0
1716000.0,6.0,47.0,4000000.0,1200000.0,255047.0,4.0,2.0,0.0,1.0,650000.0,1.0,0.0
1311600.0,8.0,23.0,3800000.0,2000000.0,150494.0,2.0,1.0,0.0,1.0,1210000.0,0.0,1.0
1557600.0,12.0,25.0,1600000.0,700000.0,122287.0,5.0,1.0,0.0,3.0,1534740.0,1.0,0.0
1366110.0,10.0,29.0,1500000.0,800000.0,115989.0,1.0,1.0,0.0,0.0,955099.0,1.0,0.0
1031928.0,12.0,32.0,2800000.0,800000.0,82872.0,10.0,2.0,0.0,8.0,2808474.0,1.0,0.0
1722526.8,9.0,60.0,2500000.0,1000000.0,161409.0,7.0,5.0,0.0,0.0,6901361.0,1.0,0.0
512016.0,6.0,26.0,3800000.0,400000.0,75994.0,7.0,3.0,1.0,0.0,1210000.0,0.0,1.0
5056560.0,30.0,46.0,2300000.0,695000.0,198917.0,4.0,2.0,0.0,1.0,1210000.0,0.0,1.0
14400000.0,6.0,49.0,10000000.0,2000000.0,2156598.0,6.0,3.0,2.0,0.0,962083.0,0.0,1.0
2015264.4,9.0,39.0,3742000.0,3742000.0,189291.0,5.0,3.0,0.0,1.0,1696500.0,0.0,1.0
1690920.0,6.0,28.0,4000000.0,1600000.0,251376.0,6.0,3.0,0.0,1.0,3510618.0,1.0,0.0
657600.0,6.0,36.0,1500000.0,550000.0,97667.0,8.0,5.0,0.0,1.0,923771.0,1.0,0.0
600000.0,6.0,55.0,1800000.0,1200000.0,89560.0,1.0,0.0,0.0,1.0,1210000.0,0.0,1.0
2194588.8,5.0,55.0,4206000.0,1162000.0,358516.0,6.0,4.0,0.0,0.0,1210000.0,1.0,0.0
714000.0,6.0,37.0,3800000.0,1500000.0,106931.0,4.0,0.0,0.0,1.0,942090.0,0.0,1.0
2236286.4,6.0,51.0,3700000.0,800000.0,336185.0,10.0,8.0,0.0,1.0,1210000.0,1.0,0.0
2038140.0,6.0,55.0,2440000.0,9000.0,305240.0,3.0,2.0,0.0,0.0,1210000.0,0.0,1.0
3409322.4,12.0,56.0,3000000.0,800000.0,267851.0,2.0,1.0,0.0,1.0,1210000.0,0.0,1.0
1582320.0,12.0,43.0,4000000.0,1500000.0,124159.0,10.0,5.0,0.0,3.0,2465965.0,1.0,0.0
2019600.0,6.0,38.0,3000000.0,1000000.0,300375.0,9.0,4.0,0.0,2.0,1210000.0,1.0,0.0
7713753.6,9.0,24.0,6000000.0,3000000.0,721088.0,5.0,4.0,0.0,0.0,908526.0,1.0,0.0
1909200.0,6.0,44.0,1900000.0,800000.0,284532.0,2.0,2.0,0.0,0.0,2360647.0,1.0,0.0
3276840.0,36.0,32.0,4750000.0,2000000.0,106298.0,8.0,3.0,0.0,1.0,3675000.0,1.0,0.0
1482682.8,5.0,38.0,10000000.0,8500000.0,240676.0,7.0,5.0,0.0,0.0,10435000.0,1.0,0.0
1397446.8,9.0,55.0,3000000.0,1000000.0,130947.0,8.0,8.0,0.0,0.0,3500000.0,0.0,1.0
1521600.0,12.0,53.0,5000000.0,1000000.0,119741.0,14.0,4.0,0.0,6.0,1210000.0,1.0,0.0
4296000.0,6.0,58.0,20000000.0,10000000.0,638044.0,6.0,4.0,0.0,0.0,1210000.0,0.0,1.0
3142544.4,10.0,44.0,3000000.0,1000000.0,267236.0,5.0,3.0,0.0,1.0,2864181.0,1.0,0.0
685489.2,12.0,48.0,2644000.0,553000.0,57248.0,9.0,2.0,3.0,1.0,2417365.0,1.0,0.0
3950400.0,36.0,35.0,1900000.0,200000.0,127730.0,2.0,0.0,0.0,0.0,1165094.0,1.0,0.0
5582598.0,10.0,35.0,4000000.0,1000000.0,472745.0,7.0,4.0,1.0,2.0,1210000.0,0.0,1.0
2349958.8,3.0,57.0,5605000.0,3059000.0,632407.0,6.0,3.0,0.0,0.0,992377.0,0.0,1.0
1244880.0,12.0,40.0,3100000.0,1500000.0,97682.0,7.0,5.0,0.0,0.0,1210000.0,1.0,0.0
420000.0,6.0,34.0,1500000.0,500000.0,62466.0,8.0,3.0,0.0,4.0,1210000.0,0.0,1.0
2714280.0,12.0,42.0,5000000.0,1500000.0,188492.0,2.0,2.0,0.0,0.0,1028928.0,0.0,1.0
2253480.0,6.0,31.0,3200000.0,1000000.0,334703.0,9.0,3.0,0.0,1.0,726821.0,1.0,0.0
601080.0,6.0,30.0,1780000.0,0.0,91095.0,2.0,1.0,0.0,0.0,1026863.0,1.0,0.0
1174080.0,8.0,34.0,4000000.0,2000000.0,133281.0,13.0,2.0,0.0,7.0,911111.0,1.0,0.0
1415760.0,6.0,40.0,12000000.0,8000000.0,196633.0,4.0,2.0,0.0,0.0,908526.0,0.0,1.0
1493632.8,9.0,51.0,3480000.0,2350000.0,139960.0,8.0,5.0,0.0,1.0,402180.0,0.0,1.0
1296000.0,8.0,40.0,2000000.0,800000.0,147113.0,1.0,1.0,0.0,0.0,1408111.0,1.0,0.0
4640220.0,12.0,50.0,4200000.0,2000000.0,364102.0,3.0,1.0,2.0,0.0,1210000.0,1.0,0.0
744115.2,9.0,37.0,2000000.0,1400000.0,69727.0,5.0,0.0,0.0,2.0,2868897.0,1.0,0.0
648379.2,9.0,36.0,1200000.0,500000.0,60611.0,0.0,0.0,0.0,0.0,1210000.0,1.0,0.0
3399999.6,6.0,53.0,7000000.0,2000000.0,505337.0,3.0,1.0,1.0,0.0,931394.0,0.0,1.0
1108680.0,18.0,67.0,1500000.0,350000.0,61472.0,3.0,2.0,0.0,1.0,931394.0,1.0,0.0
2267760.0,12.0,62.0,2000000.0,400000.0,157483.0,4.0,3.0,0.0,0.0,1210000.0,1.0,0.0
1325880.0,6.0,28.0,1500000.0,500000.0,197586.0,4.0,1.0,0.0,0.0,1352706.0,1.0,0.0
7728000.0,6.0,29.0,8000000.0,3000000.0,1153527.0,6.0,3.0,0.0,2.0,1000000.0,0.0,1.0
480000.0,6.0,39.0,2980000.0,838000.0,72139.0,7.0,4.0,1.0,2.0,1393854.0,1.0,0.0
2141760.0,12.0,35.0,1500000.0,100000.0,148733.0,4.0,0.0,2.0,1.0,1488605.0,1.0,0.0
883984.7999999999,12.0,62.0,3500000.0,2000000.0,69392.0,8.0,3.0,1.0,3.0,1210000.0,1.0,0.0
1689480.0,12.0,27.0,1600000.0,700000.0,117325.0,3.0,2.0,0.0,1.0,1439365.0,1.0,0.0
2400000.0,12.0,43.0,1630000.0,500000.0,188423.0,4.0,2.0,0.0,2.0,1038631.0,1.0,0.0
5450880.0,12.0,31.0,4500000.0,1600000.0,378533.0,6.0,2.0,0.0,1.0,1784754.0,0.0,1.0
366960.0,6.0,35.0,1000000.0,50000.0,55240.0,2.0,0.0,0.0,1.0,966736.0,0.0,1.0
4125924.0,10.0,38.0,4906000.0,16000.0,370446.0,1.0,0.0,1.0,0.0,1210000.0,0.0,1.0
1677600.0,6.0,29.0,12000000.0,6000000.0,250422.0,4.0,3.0,0.0,0.0,1817052.0,0.0,1.0
1917600.0,6.0,27.0,15000000.0,6200000.0,285010.0,10.0,6.0,0.0,1.0,994552.0,0.0,1.0
2933400.0,6.0,55.0,3800000.0,1050000.0,437170.0,5.0,4.0,0.0,0.0,3789627.0,1.0,0.0
7032000.0,6.0,41.0,25000000.0,1000000.0,1047993.0,5.0,4.0,0.0,0.0,1315697.0,0.0,1.0
2869632.0,6.0,51.0,3900000.0,1000000.0,425480.0,10.0,6.0,1.0,0.0,1398563.0,1.0,0.0
1908000.0,18.0,59.0,1600000.0,500000.0,106540.0,1.0,0.0,1.0,0.0,1562069.0,1.0,0.0
4040398.8,8.0,51.0,5000000.0,1500000.0,458638.0,10.0,5.0,0.0,1.0,1210000.0,0.0,1.0
5874000.0,6.0,44.0,4976000.0,964000.0,911133.0,6.0,2.0,1.0,0.0,1210000.0,1.0,0.0
1526745.5999999999,9.0,43.0,4500000.0,2500000.0,143131.0,7.0,4.0,0.0,2.0,2727272.0,1.0,0.0
408000.0,6.0,60.0,1800000.0,900000.0,60637.0,3.0,0.0,1.0,1.0,1210000.0,0.0,1.0
2432180.4,10.0,53.0,4500000.0,3500000.0,206286.0,3.0,2.0,0.0,0.0,908526.0,0.0,1.0
1702980.0,6.0,40.0,4000000.0,1400000.0,252766.0,6.0,3.0,0.0,0.0,1210000.0,1.0,0.0
1974300.0,12.0,43.0,1500000.0,200000.0,155110.0,5.0,4.0,0.0,1.0,931394.0,1.0,0.0
2767921.1999999997,12.0,35.0,5000000.0,1000000.0,218806.0,7.0,4.0,0.0,1.0,1863270.0,0.0,1.0
1683600.0,12.0,36.0,1400000.0,200.0,131942.0,3.0,2.0,0.0,0.0,1593588.0,1.0,0.0
1929480.0,6.0,49.0,6800000.0,2500000.0,286841.0,6.0,4.0,0.0,1.0,31156.0,1.0,0.0
1971482.4,6.0,38.0,3200000.0,1000000.0,273817.0,6.0,4.0,0.0,1.0,1165000.0,1.0,0.0
3389691.6,6.0,53.0,2320000.0,14000.0,507699.0,3.0,1.0,0.0,0.0,1210000.0,0.0,1.0
1167480.0,12.0,53.0,1900000.0,300000.0,81075.0,5.0,1.0,0.0,1.0,916841.0,1.0,0.0
1536000.0,12.0,68.0,10000000.0,3000000.0,120825.0,5.0,5.0,0.0,0.0,1400000.0,0.0,1.0
602280.0,6.0,46.0,1130000.0,400000.0,89516.0,3.0,1.0,0.0,0.0,931394.0,1.0,0.0
1834800.0,12.0,47.0,1500000.0,300000.0,144150.0,11.0,2.0,0.0,7.0,925157.0,1.0,0.0
899880.0,6.0,62.0,1500000.0,200000.0,124983.0,4.0,1.0,0.0,2.0,909000.0,0.0,1.0
707520.0,6.0,66.0,2500000.0,500000.0,105014.0,2.0,1.0,0.0,0.0,2552404.0,1.0,0.0
2976000.0,18.0,51.0,4000000.0,1000000.0,164550.0,3.0,0.0,0.0,3.0,1210000.0,1.0,0.0
2512148.4,8.0,39.0,1890000.0,221000.0,294464.0,5.0,1.0,0.0,4.0,150000.0,1.0,0.0
2120160.0,12.0,29.0,2500000.0,1000000.0,147233.0,1.0,1.0,0.0,0.0,916148.0,1.0,0.0
1800000.0,24.0,48.0,2210000.0,0.0,87606.0,1.0,1.0,0.0,0.0,991684.0,1.0,0.0
2879880.0,24.0,25.0,2000000.0,230000.0,126573.0,2.0,0.0,0.0,0.0,916148.0,1.0,0.0
1784280.0,12.0,27.0,2200000.0,500000.0,123908.0,1.0,0.0,1.0,0.0,923771.0,1.0,0.0
1124278.8,12.0,65.0,2090000.0,1051000.0,93554.0,7.0,2.0,2.0,3.0,990852.0,1.0,0.0
2549520.0,8.0,46.0,3000000.0,1400000.0,289673.0,14.0,2.0,2.0,5.0,3069618.0,1.0,0.0
964018.7999999999,4.0,63.0,2000000.0,600000.0,193771.0,3.0,2.0,0.0,1.0,1210000.0,0.0,1.0
3439174.8,6.0,48.0,5000000.0,2000000.0,510788.0,4.0,3.0,0.0,0.0,916841.0,0.0,1.0
1088556.0,10.0,39.0,3130000.0,1165000.0,95997.0,8.0,2.0,1.0,4.0,2087918.0,1.0,0.0
3296281.1999999997,12.0,37.0,7000000.0,3000000.0,228908.0,7.0,4.0,0.0,0.0,908526.0,0.0,1.0
1200000.0,8.0,42.0,1540000.0,290000.0,137673.0,4.0,0.0,0.0,4.0,966667.0,1.0,0.0
1873080.0,24.0,29.0,3000000.0,0.0,81884.0,4.0,2.0,0.0,2.0,1218449.0,1.0,0.0
1531060.8,10.0,52.0,4800000.0,2700000.0,129653.0,1.0,0.0,0.0,0.0,1210000.0,1.0,0.0
2108280.0,12.0,32.0,1100000.0,300000.0,165418.0,2.0,0.0,0.0,2.0,1073239.0,1.0,0.0
1698000.0,6.0,34.0,3000000.0,1000000.0,252084.0,4.0,1.0,0.0,1.0,696537.0,1.0,0.0
667200.0,12.0,28.0,2030000.0,1033000.0,56182.0,14.0,1.0,0.0,6.0,1210000.0,0.0,1.0
7801087.199999999,9.0,57.0,4837000.0,3990000.0,766352.0,12.0,9.0,1.0,0.0,1210000.0,0.0,1.0
7200000.0,6.0,50.0,10000000.0,5000000.0,1074773.0,5.0,4.0,0.0,0.0,954263.0,0.0,1.0
1200000.0,6.0,60.0,9021731.0,535000.0,179717.0,5.0,4.0,1.0,0.0,3932566.0,1.0,0.0
2388000.0,12.0,37.0,1100000.0,240000.0,187922.0,3.0,2.0,0.0,0.0,908526.0,1.0,0.0
3117360.0,12.0,43.0,5500000.0,1000000.0,244913.0,8.0,5.0,0.0,1.0,5444771.0,1.0,0.0
1923600.0,24.0,37.0,1200000.0,200000.0,83891.0,3.0,0.0,0.0,2.0,916148.0,1.0,0.0
3359880.0,24.0,26.0,2157000.0,716000.0,163202.0,5.0,2.0,0.0,3.0,2039435.0,1.0,0.0
839880.0,12.0,26.0,1700000.0,600000.0,58325.0,4.0,2.0,0.0,1.0,954022.0,1.0,0.0
4320000.0,24.0,28.0,4000000.0,2500000.0,188830.0,4.0,4.0,0.0,0.0,227132.0,0.0,1.0
3226800.0,36.0,34.0,1800000.0,700000.0,106378.0,3.0,1.0,0.0,1.0,333127.0,1.0,0.0
3859792.8,10.0,45.0,8000000.0,1500000.0,357519.0,11.0,7.0,0.0,0.0,918689.0,0.0,1.0
1675081.2,6.0,43.0,3000000.0,700000.0,248965.0,6.0,3.0,0.0,2.0,945115.0,0.0,1.0
2447760.0,10.0,38.0,2500000.0,400000.0,226506.0,9.0,5.0,0.0,4.0,2613673.0,1.0,0.0
2019600.0,6.0,31.0,1000000.0,1137000.0,302463.0,9.0,1.0,0.0,3.0,1000000.0,1.0,0.0
1606800.0,10.0,23.0,2800000.0,800000.0,149847.0,6.0,5.0,0.0,1.0,3049633.0,1.0,0.0
4669320.0,12.0,56.0,12000000.0,3000000.0,365929.0,18.0,14.0,1.0,1.0,1210000.0,0.0,1.0
1152000.0,10.0,42.0,2500000.0,800000.0,106602.0,5.0,1.0,0.0,2.0,924166.0,1.0,0.0
4341480.0,12.0,65.0,2000000.0,500000.0,301492.0,1.0,0.0,0.0,1.0,1899575.0,1.0,0.0
2676432.0,10.0,50.0,5000000.0,3000000.0,227837.0,6.0,3.0,0.0,0.0,1210000.0,1.0,0.0
1837500.0,6.0,40.0,4000000.0,2000000.0,272233.0,8.0,2.0,0.0,3.0,1210000.0,0.0,1.0
2634960.0,18.0,45.0,1900000.0,550000.0,145579.0,2.0,0.0,1.0,0.0,1117278.0,1.0,0.0
2227932.0,11.0,47.0,7170000.0,3025000.0,177520.0,4.0,3.0,0.0,0.0,1515016.0,0.0,1.0
1838767.2,10.0,35.0,3000000.0,1500000.0,156119.0,3.0,0.0,0.0,3.0,1210000.0,0.0,1.0
1607880.0,6.0,60.0,3800000.0,900000.0,239611.0,11.0,8.0,0.0,1.0,933473.0,0.0,1.0
2859362.4,24.0,48.0,5400000.0,800000.0,125575.0,6.0,0.0,0.0,2.0,7111206.0,1.0,0.0
3923674.8,36.0,51.0,1500000.0,80000.0,130316.0,5.0,2.0,0.0,1.0,1210000.0,1.0,0.0
2645760.0,36.0,55.0,2019000.0,600000.0,85255.0,10.0,5.0,0.0,1.0,1513090.0,1.0,0.0
1311600.0,6.0,51.0,3800000.0,0.0,197163.0,1.0,0.0,0.0,1.0,1242317.0,0.0,1.0
880800.0,12.0,39.0,1100000.0,128000.0,70262.0,5.0,1.0,0.0,4.0,994188.0,1.0,0.0
5310331.2,9.0,37.0,13630000.0,9134000.0,502369.0,11.0,8.0,0.0,1.0,9328100.0,1.0,0.0
2328000.0,12.0,42.0,16000000.0,12000000.0,182670.0,10.0,7.0,0.0,1.0,860936.0,0.0,1.0
6553657.2,10.0,122.0,12450806583.0,6787675263.0,554863.0,0.0,0.0,0.0,0.0,1210000.0,1.0,0.0
2376184.8,11.0,36.0,4035000.0,2500000.0,185190.0,6.0,5.0,0.0,0.0,4330052.0,1.0,0.0
1746519.5999999999,10.0,37.0,2500000.0,1000000.0,148676.0,4.0,3.0,0.0,0.0,1536155.0,1.0,0.0
3024000.0,12.0,31.0,1600000.0,500000.0,237267.0,1.0,1.0,0.0,0.0,908526.0,1.0,0.0
783988.7999999999,6.0,61.0,1510000.0,0.0,118413.0,1.0,0.0,0.0,1.0,939017.0,0.0,1.0
921600.0,6.0,66.0,2200000.0,1100000.0,136645.0,1.0,1.0,0.0,0.0,1800000.0,0.0,1.0
2134440.0,6.0,56.0,4500000.0,1200000.0,296450.0,5.0,2.0,0.0,1.0,5909090.0,0.0,1.0
3835051.1999999997,6.0,47.0,31809.0,2154000.0,574403.0,8.0,3.0,2.0,2.0,31809.0,0.0,1.0
5919600.0,12.0,35.0,12000000.0,6000000.0,463032.0,7.0,3.0,0.0,1.0,3786252.0,0.0,1.0
5047200.0,18.0,36.0,3200000.0,400000.0,280056.0,8.0,6.0,0.0,2.0,3242000.0,1.0,0.0
1620601.2,6.0,49.0,5000000.0,2500000.0,225084.0,3.0,2.0,0.0,0.0,6842171.0,1.0,0.0
1278000.0,6.0,52.0,10000000.0,5000000.0,189947.0,5.0,2.0,0.0,1.0,1210000.0,0.0,1.0
2855257.1999999997,10.0,37.0,1500000.0,1000000.0,242806.0,3.0,1.0,0.0,1.0,1210000.0,0.0,1.0
3705780.0,8.0,31.0,3500000.0,500000.0,421168.0,14.0,2.0,0.0,11.0,473320.0,0.0,1.0
1067688.0,10.0,48.0,2000000.0,1000000.0,90794.0,1.0,0.0,0.0,1.0,1210000.0,1.0,0.0
5280000.0,12.0,30.0,3500000.0,1000000.0,418580.0,11.0,4.0,0.0,5.0,1113426.0,1.0,0.0
2070351.5999999999,10.0,50.0,4000000.0,2500000.0,176059.0,4.0,2.0,0.0,0.0,1210000.0,1.0,0.0
4010400.0,6.0,35.0,2500000.0,700000.0,596231.0,10.0,7.0,0.0,2.0,1210000.0,1.0,0.0
6769875.6,36.0,30.0,1800000.0,0.0,222468.0,3.0,0.0,0.0,3.0,1073379.0,1.0,0.0
2708928.0,9.0,48.0,1500000.0,800000.0,256598.0,1.0,0.0,0.0,0.0,911561.0,0.0,1.0
1440000.0,6.0,57.0,3000000.0,1000000.0,213509.0,7.0,3.0,0.0,2.0,1210000.0,0.0,1.0
2640000.0,36.0,38.0,3155000.0,73000.0,100428.0,3.0,1.0,0.0,0.0,3354981.0,1.0,0.0
2557800.0,12.0,37.0,4560000.0,2057000.0,212859.0,16.0,2.0,4.0,8.0,1628464.0,1.0,0.0
3939840.0,6.0,32.0,16000000.0,2300000.0,584159.0,11.0,7.0,0.0,0.0,1475524.0,0.0,1.0
1757683.2,9.0,40.0,3200000.0,2000000.0,164703.0,10.0,6.0,0.0,2.0,800981.0,1.0,0.0
4654800.0,12.0,43.0,6000000.0,2000000.0,366156.0,2.0,1.0,0.0,1.0,1210000.0,1.0,0.0
2125918.8,12.0,53.0,1000000.0,200000.0,147633.0,3.0,2.0,0.0,1.0,957912.0,1.0,0.0
2721649.1999999997,6.0,62.0,3000000.0,100000.0,404631.0,6.0,3.0,0.0,2.0,1210000.0,0.0,1.0
3022200.0,8.0,64.0,1800000.0,1100000.0,342911.0,6.0,4.0,1.0,1.0,1210000.0,1.0,0.0
926280.0,6.0,30.0,1500000.0,500000.0,128650.0,4.0,2.0,0.0,1.0,783063.0,1.0,0.0
3361226.4,9.0,33.0,1600000.0,800000.0,314962.0,5.0,4.0,0.0,0.0,1210000.0,0.0,1.0
827880.0,12.0,29.0,2120000.0,450000.0,64961.0,7.0,4.0,0.0,2.0,2113576.0,1.0,0.0
9570216.0,10.0,58.0,4000000.0,2200000.0,812553.0,6.0,2.0,0.0,2.0,1472040.0,1.0,0.0
2645760.0,12.0,43.0,1250000.0,600000.0,207334.0,8.0,4.0,0.0,0.0,968666.0,1.0,0.0
7152000.0,12.0,44.0,12000000.0,6500000.0,559324.0,5.0,5.0,0.0,0.0,908526.0,0.0,1.0
1234200.0,8.0,24.0,2200000.0,800000.0,140106.0,5.0,0.0,2.0,1.0,2051363.0,1.0,0.0
1838605.2,10.0,56.0,10480000.0,3470000.0,159399.0,11.0,8.0,0.0,1.0,1891994.0,0.0,1.0
677880.0,6.0,32.0,1500000.0,500000.0,101190.0,3.0,1.0,0.0,2.0,1210000.0,0.0,1.0
1496838.0,12.0,23.0,1300000.0,400000.0,117501.0,5.0,1.0,2.0,1.0,1121470.0,1.0,0.0
3608606.4,10.0,55.0,1200000.0,1007000.0,310418.0,16.0,14.0,0.0,0.0,1290000.0,1.0,0.0
1902000.0,10.0,29.0,3000000.0,1000000.0,175991.0,5.0,1.0,0.0,3.0,1287078.0,0.0,1.0
2600991.6,11.0,57.0,6000000.0,0.0,219585.0,23.0,12.0,1.0,1.0,3184043.0,1.0,0.0
3054720.0,6.0,54.0,4732000.0,523000.0,466525.0,3.0,2.0,0.0,1.0,1210000.0,0.0,1.0
1779402.0,2.0,60.0,3500000.0,2000000.0,702635.0,5.0,2.0,1.0,1.0,4487399.0,1.0,0.0
360000.0,6.0,35.0,1100000.0,350000.0,53445.0,4.0,0.0,0.0,4.0,874741.0,1.0,0.0
1379880.0,12.0,59.0,1400000.0,700000.0,108601.0,2.0,0.0,0.0,0.0,1112301.0,1.0,0.0
1960680.0,12.0,25.0,2500000.0,600000.0,136158.0,3.0,0.0,0.0,1.0,939017.0,1.0,0.0
1632000.0,6.0,42.0,15000000.0,10500000.0,243220.0,7.0,3.0,0.0,2.0,1012735.0,0.0,1.0
2858041.1999999997,6.0,45.0,17750000.0,5995000.0,433141.0,13.0,6.0,0.0,2.0,1300000.0,0.0,1.0
2811361.1999999997,12.0,47.0,5000000.0,3000000.0,220583.0,12.0,7.0,0.0,1.0,4265380.0,1.0,0.0
1538256.0,10.0,22.0,4000000.0,1500000.0,130468.0,10.0,1.0,1.0,7.0,2344073.0,1.0,0.0
1528578.0,10.0,59.0,1500000.0,350000.0,129647.0,9.0,5.0,0.0,0.0,908526.0,0.0,1.0
1140000.0,6.0,38.0,2040000.0,1097000.0,172184.0,11.0,4.0,0.0,3.0,969508.0,1.0,0.0
3364947.6,6.0,26.0,6000000.0,1000000.0,500102.0,7.0,3.0,0.0,4.0,1210000.0,0.0,1.0
2826087.6,9.0,122.0,898010284.0,857985494.0,262923.0,0.0,0.0,0.0,0.0,1210000.0,1.0,0.0
540000.0,6.0,22.0,2500000.0,50000.0,80880.0,0.0,0.0,0.0,0.0,1972282.0,1.0,0.0
1991880.0,12.0,40.0,2090000.0,550000.0,157460.0,6.0,2.0,1.0,0.0,1857777.0,1.0,0.0
1425360.0,12.0,48.0,3500000.0,1500000.0,111982.0,6.0,0.0,0.0,3.0,1210000.0,0.0,1.0
1560000.0,10.0,32.0,2000000.0,700000.0,144509.0,6.0,2.0,0.0,4.0,1210000.0,0.0,1.0
3288780.0,6.0,67.0,3000000.0,1000000.0,488474.0,4.0,2.0,0.0,1.0,1000000.0,0.0,1.0
1439880.0,12.0,28.0,1800000.0,400000.0,113264.0,4.0,2.0,2.0,0.0,1701446.0,1.0,0.0
2232000.0,12.0,69.0,6500000.0,2000000.0,175356.0,8.0,5.0,0.0,2.0,626011.0,0.0,1.0
7125772.8,6.0,43.0,8000000.0,2000000.0,1055823.0,9.0,5.0,1.0,0.0,900955.0,0.0,1.0
3632400.0,8.0,27.0,3300000.0,1100000.0,411388.0,2.0,0.0,0.0,1.0,1210000.0,1.0,0.0
6798960.0,6.0,36.0,8000000.0,900000.0,1010809.0,5.0,3.0,0.0,1.0,1210000.0,0.0,1.0
3480000.0,12.0,60.0,3800000.0,450000.0,273744.0,2.0,0.0,2.0,0.0,3048046.0,1.0,0.0
1729080.0,12.0,31.0,1100000.0,250000.0,135675.0,2.0,0.0,0.0,1.0,1210000.0,0.0,1.0
4524361.2,12.0,48.0,2500000.0,500000.0,314192.0,4.0,3.0,0.0,1.0,916148.0,1.0,0.0
732000.0,10.0,36.0,1500000.0,400000.0,67832.0,4.0,0.0,0.0,0.0,1040008.0,1.0,0.0
1399532.4,9.0,39.0,1500000.0,1000000.0,130704.0,9.0,3.0,2.0,2.0,908526.0,1.0,0.0
2400000.0,8.0,41.0,2700000.0,700000.0,272314.0,6.0,3.0,0.0,2.0,2700000.0,1.0,0.0
1508280.0,12.0,64.0,1200000.0,300000.0,104742.0,2.0,2.0,0.0,0.0,1210000.0,0.0,1.0
1297320.0,9.0,30.0,5000000.0,2000000.0,121623.0,8.0,4.0,0.0,2.0,1485417.0,0.0,1.0
2638680.0,12.0,31.0,4300000.0,500000.0,183242.0,7.0,4.0,0.0,2.0,3028083.0,1.0,0.0
549120.0,6.0,60.0,3000000.0,1000000.0,81418.0,3.0,0.0,0.0,3.0,1210000.0,0.0,1.0
1024560.0,10.0,34.0,1253000.0,120000.0,95309.0,4.0,1.0,0.0,1.0,1171276.0,1.0,0.0
5117095.2,10.0,39.0,14811166.0,10453750.0,433325.0,8.0,1.0,0.0,3.0,1700000.0,1.0,0.0
878880.0,2.0,43.0,5000000.0,2000000.0,346841.0,4.0,0.0,1.0,2.0,903996.0,0.0,1.0
3699600.0,12.0,32.0,8000000.0,4000000.0,289383.0,7.0,3.0,0.0,0.0,983368.0,0.0,1.0
761760.0,6.0,34.0,1735000.0,845000.0,114659.0,7.0,3.0,0.0,4.0,1707083.0,1.0,0.0
818220.0,6.0,34.0,8000000.0,3000000.0,122540.0,5.0,2.0,0.0,3.0,2729066.0,1.0,0.0
2232000.0,10.0,65.0,5000000.0,2000000.0,206851.0,2.0,2.0,0.0,0.0,1210000.0,1.0,0.0
8400000.0,6.0,45.0,14000000.0,5000000.0,1166667.0,4.0,2.0,0.0,0.0,28889623.0,1.0,0.0
2400000.0,24.0,52.0,4000000.0,1000000.0,105401.0,6.0,5.0,0.0,0.0,1210000.0,0.0,1.0
1079878.8,12.0,36.0,2500000.0,1200000.0,84840.0,6.0,2.0,0.0,2.0,2999893.0,1.0,0.0
3523921.1999999997,12.0,51.0,3000000.0,1800000.0,244717.0,8.0,4.0,0.0,1.0,916841.0,0.0,1.0
881076.0,10.0,122.0,213000000.0,137000000.0,75792.0,0.0,0.0,0.0,0.0,1210000.0,1.0,0.0
3291120.0,24.0,42.0,6345000.0,2716000.0,158992.0,10.0,9.0,0.0,0.0,1000000.0,1.0,0.0
507120.0,6.0,42.0,2325000.0,390000.0,76855.0,8.0,2.0,0.0,5.0,1445901.0,1.0,0.0
1307520.0,10.0,32.0,1200000.0,500000.0,120668.0,3.0,0.0,0.0,3.0,1218048.0,1.0,0.0
2696640.0,6.0,45.0,7000000.0,4000000.0,399830.0,9.0,6.0,0.0,2.0,905965.0,0.0,1.0
4787886.0,10.0,39.0,2000000.0,1000000.0,406726.0,6.0,1.0,3.0,1.0,931394.0,0.0,1.0
1174080.0,6.0,66.0,6700000.0,500000.0,174081.0,10.0,7.0,0.0,2.0,13332381.0,1.0,0.0
3311749.1999999997,12.0,34.0,2500000.0,800000.0,229983.0,1.0,0.0,0.0,0.0,908526.0,1.0,0.0
12192000.0,8.0,40.0,12000000.0,3800000.0,1390041.0,13.0,4.0,0.0,3.0,954263.0,0.0,1.0
2591889.6,9.0,62.0,5767000.0,2500000.0,242872.0,8.0,2.0,0.0,1.0,5958384.0,1.0,0.0
2400000.0,6.0,21.0,3450000.0,1527000.0,362490.0,7.0,1.0,0.0,5.0,980236.0,0.0,1.0
3688894.8,6.0,122.0,20449676.0,4889209.0,503536.0,0.0,0.0,0.0,0.0,1210000.0,1.0,0.0
480000.0,6.0,45.0,3000000.0,2000000.0,71358.0,2.0,0.0,0.0,0.0,908526.0,0.0,1.0
628560.0,6.0,53.0,6000000.0,3000000.0,93188.0,29.0,6.0,0.0,21.0,1210000.0,0.0,1.0
665019.6,7.0,65.0,2000000.0,1200000.0,78415.0,6.0,4.0,1.0,0.0,916148.0,1.0,0.0
1725919.2,10.0,60.0,3500000.0,1800000.0,147000.0,7.0,4.0,0.0,1.0,2139347.0,0.0,1.0
442560.0,3.0,40.0,5000000.0,2000000.0,117561.0,3.0,0.0,0.0,0.0,975000.0,0.0,1.0
3528000.0,12.0,31.0,5800000.0,1500000.0,281431.0,11.0,1.0,1.0,5.0,3622502.0,0.0,1.0
1427880.0,6.0,60.0,1000000.0,351000.0,213845.0,2.0,2.0,0.0,0.0,961885.0,1.0,0.0
1423800.0,12.0,55.0,1562000.0,191000.0,116370.0,3.0,0.0,0.0,3.0,1210000.0,0.0,1.0
3528200.4,9.0,51.0,2400000.0,1000000.0,330292.0,5.0,4.0,0.0,1.0,939017.0,0.0,1.0
3756260.4,12.0,30.0,2600000.0,250000.0,295597.0,5.0,3.0,0.0,1.0,1080674.0,1.0,0.0
1224920.4,10.0,36.0,2800000.0,800000.0,103729.0,0.0,0.0,0.0,0.0,2699253.0,1.0,0.0
2121424.8,10.0,67.0,2300000.0,1200000.0,180686.0,3.0,3.0,0.0,0.0,1210000.0,1.0,0.0
533761.2,6.0,26.0,2560000.0,751000.0,80341.0,6.0,1.0,0.0,2.0,1133333.0,1.0,0.0
2273956.8,10.0,28.0,5500000.0,3000000.0,193576.0,15.0,6.0,0.0,4.0,1210000.0,1.0,0.0
840000.0,3.0,48.0,2000000.0,700000.0,223006.0,9.0,6.0,0.0,2.0,1246666.0,0.0,1.0
2280000.0,12.0,61.0,2000000.0,200000.0,158333.0,3.0,2.0,0.0,0.0,1210000.0,0.0,1.0
2311009.1999999997,10.0,122.0,6698000.0,6000000.0,211937.0,0.0,0.0,0.0,0.0,1210000.0,1.0,0.0
4152000.0,6.0,31.0,15000000.0,6000000.0,618781.0,7.0,2.0,0.0,4.0,2447600.0,0.0,1.0
3120000.0,12.0,35.0,6070000.0,3804000.0,255031.0,8.0,5.0,0.0,0.0,972557.0,0.0,1.0
1950984.0,9.0,49.0,2000000.0,1000000.0,182903.0,2.0,0.0,1.0,1.0,2515090.0,1.0,0.0
1536000.0,12.0,41.0,6000000.0,2000000.0,120591.0,6.0,2.0,1.0,0.0,817673.0,0.0,1.0
1190216.4,10.0,27.0,3500000.0,1800000.0,101320.0,9.0,6.0,0.0,3.0,3293825.0,1.0,0.0
1740438.0,6.0,26.0,1630000.0,459000.0,264653.0,6.0,4.0,0.0,0.0,991684.0,1.0,0.0
2091120.0,12.0,54.0,2353000.0,0.0,172463.0,1.0,1.0,0.0,0.0,1210000.0,0.0,1.0
3236043.6,12.0,33.0,3046000.0,900000.0,224725.0,3.0,2.0,1.0,0.0,3123876.0,1.0,0.0
2893800.0,6.0,48.0,1700000.0,700000.0,429208.0,3.0,0.0,1.0,1.0,1690910.0,1.0,0.0
1800000.0,8.0,41.0,2500000.0,240000.0,205223.0,8.0,5.0,0.0,1.0,1210000.0,0.0,1.0
1812000.0,6.0,46.0,30000000.0,15000000.0,269301.0,23.0,11.0,0.0,11.0,1756000.0,0.0,1.0
5199780.0,6.0,58.0,6090000.0,3157000.0,722192.0,9.0,5.0,0.0,2.0,6356958.0,1.0,0.0
6720000.0,8.0,31.0,4000000.0,2000000.0,762852.0,6.0,2.0,2.0,1.0,916841.0,0.0,1.0
1687792.8,9.0,59.0,4000000.0,2000000.0,158154.0,4.0,2.0,1.0,0.0,1210000.0,1.0,0.0
3835920.0,36.0,60.0,2000000.0,100000.0,127435.0,2.0,2.0,0.0,0.0,1210000.0,0.0,1.0
1273200.0,12.0,47.0,1117000.0,35000.0,102236.0,1.0,0.0,0.0,1.0,950105.0,1.0,0.0
453600.0,10.0,63.0,2300000.0,100000.0,42922.0,4.0,1.0,0.0,3.0,1210000.0,0.0,1.0
3574999.1999999997,6.0,38.0,6700000.0,4000000.0,531468.0,2.0,0.0,0.0,1.0,575400.0,0.0,1.0
1619880.0,6.0,27.0,2100000.0,300000.0,240432.0,1.0,0.0,0.0,1.0,1102510.0,1.0,0.0
836400.0,8.0,46.0,1700000.0,355000.0,97631.0,6.0,2.0,0.0,3.0,1210000.0,1.0,0.0
734400.0,6.0,62.0,2600000.0,450000.0,110397.0,9.0,5.0,0.0,1.0,977131.0,0.0,1.0
1458000.0,10.0,40.0,1500000.0,500000.0,137465.0,8.0,3.0,0.0,4.0,1210000.0,1.0,0.0
2602506.0,10.0,69.0,8000000.0,2000000.0,221080.0,0.0,0.0,0.0,0.0,21307677.0,0.0,1.0
4296000.0,6.0,61.0,2000000.0,800000.0,637613.0,1.0,0.0,0.0,1.0,688965.0,0.0,1.0
3350580.0,6.0,25.0,4000000.0,2000000.0,497653.0,6.0,2.0,0.0,3.0,1141473.0,1.0,0.0
1680000.0,6.0,49.0,2000000.0,800000.0,250374.0,8.0,1.0,1.0,5.0,1210000.0,0.0,1.0
3662400.0,6.0,38.0,10000000.0,2000000.0,543942.0,5.0,3.0,0.0,0.0,536175.0,0.0,1.0
1546477.2,9.0,43.0,3000000.0,2000000.0,144773.0,2.0,1.0,0.0,0.0,1210000.0,0.0,1.0
3057044.4,9.0,38.0,3500000.0,2000000.0,289019.0,5.0,4.0,0.0,0.0,4963885.0,0.0,1.0
1735860.0,10.0,39.0,3000000.0,1000000.0,146996.0,7.0,5.0,0.0,2.0,15441025.0,1.0,0.0
1401481.2,6.0,29.0,2000000.0,700000.0,208016.0,4.0,2.0,1.0,0.0,2568670.0,1.0,0.0
3098746.8,11.0,28.0,4206000.0,1714000.0,250143.0,5.0,3.0,1.0,0.0,3220915.0,0.0,1.0
825886.7999999999,10.0,29.0,5520000.0,1499000.0,72833.0,9.0,3.0,4.0,1.0,729090.0,1.0,0.0
7929600.0,6.0,55.0,12630000.0,7418000.0,1197667.0,13.0,8.0,0.0,4.0,1000000.0,0.0,1.0
516000.0,6.0,28.0,2000000.0,700000.0,76533.0,2.0,0.0,1.0,1.0,1497947.0,1.0,0.0
910800.0,12.0,44.0,2000000.0,900000.0,71467.0,9.0,1.0,1.0,6.0,1869545.0,1.0,0.0
2592000.0,6.0,35.0,3000000.0,0.0,386897.0,7.0,4.0,0.0,0.0,1210000.0,0.0,1.0
822532.7999999999,9.0,66.0,2500000.0,2000000.0,76524.0,5.0,0.0,2.0,3.0,2955764.0,1.0,0.0
2036281.2,12.0,51.0,3500000.0,1000000.0,141408.0,11.0,7.0,1.0,0.0,2580717.0,1.0,0.0
1152000.0,6.0,51.0,4500000.0,800000.0,171685.0,3.0,2.0,0.0,0.0,31504.0,1.0,0.0
2052000.0,6.0,28.0,3000000.0,1300000.0,304970.0,4.0,0.0,2.0,2.0,1524887.0,0.0,1.0
1770000.0,12.0,29.0,1000000.0,100000.0,138962.0,5.0,2.0,1.0,1.0,1285432.0,1.0,0.0
1152340.8,12.0,59.0,8080000.0,77000.0,93331.0,5.0,3.0,0.0,0.0,4470865.0,1.0,0.0
2240565.6,5.0,45.0,3500000.0,2000000.0,364016.0,4.0,3.0,0.0,0.0,3432732.0,1.0,0.0
707520.0,6.0,45.0,2600000.0,1200000.0,104904.0,8.0,3.0,0.0,2.0,835833.0,1.0,0.0
1428000.0,10.0,46.0,3000000.0,900000.0,131627.0,2.0,0.0,0.0,0.0,991859.0,0.0,1.0
1305600.0,6.0,51.0,3000000.0,1000000.0,193908.0,6.0,5.0,0.0,1.0,726821.0,0.0,1.0
1091880.0,6.0,55.0,1911153.0,410000.0,164348.0,7.0,5.0,0.0,0.0,2097374.0,1.0,0.0
2373600.0,24.0,31.0,2000000.0,800000.0,103765.0,4.0,2.0,0.0,0.0,1300000.0,1.0,0.0
1020000.0,6.0,64.0,2000000.0,1000000.0,152013.0,3.0,0.0,0.0,3.0,1210000.0,1.0,0.0
4923720.0,6.0,33.0,12000000.0,5000000.0,737395.0,11.0,7.0,0.0,2.0,977131.0,0.0,1.0
835080.0,6.0,33.0,1200000.0,200000.0,124032.0,4.0,1.0,0.0,3.0,1142204.0,1.0,0.0
2492400.0,6.0,60.0,3000000.0,1500000.0,370189.0,3.0,2.0,0.0,0.0,1210000.0,0.0,1.0
4127880.0,12.0,46.0,5000000.0,1500000.0,286658.0,5.0,2.0,0.0,0.0,916148.0,0.0,1.0
2807760.0,6.0,28.0,4180000.0,833000.0,424081.0,2.0,2.0,0.0,0.0,3453431.0,1.0,0.0
552000.0,6.0,26.0,1300000.0,400000.0,82062.0,1.0,1.0,0.0,0.0,1161258.0,1.0,0.0
600000.0,12.0,23.0,2500000.0,500000.0,47077.0,4.0,0.0,0.0,2.0,1210000.0,0.0,1.0
3048000.0,12.0,31.0,2876000.0,6205000.0,257923.0,5.0,2.0,2.0,0.0,1210000.0,0.0,1.0
1884000.0,8.0,31.0,8000000.0,6000000.0,213871.0,4.0,2.0,0.0,1.0,1691666.0,0.0,1.0
3153624.0,36.0,34.0,1500000.0,0.0,102745.0,7.0,3.0,0.0,2.0,1183410.0,1.0,0.0
1920000.0,10.0,28.0,1900000.0,500000.0,177669.0,4.0,2.0,2.0,0.0,1315841.0,1.0,0.0
695040.0,12.0,46.0,3000000.0,1800000.0,54937.0,3.0,1.0,2.0,0.0,923771.0,0.0,1.0
4560000.0,36.0,43.0,3500000.0,350000.0,153850.0,5.0,2.0,0.0,1.0,1454715.0,1.0,0.0
960000.0,12.0,64.0,1500000.0,300000.0,75889.0,1.0,0.0,0.0,1.0,1210000.0,1.0,0.0
1504638.0,11.0,34.0,3100000.0,1600000.0,117199.0,5.0,0.0,0.0,3.0,916148.0,1.0,0.0
2202240.0,10.0,41.0,3000000.0,1200000.0,204093.0,5.0,5.0,0.0,0.0,5238819.0,1.0,0.0
1882200.0,5.0,24.0,4000000.0,2000000.0,305083.0,11.0,2.0,0.0,7.0,1210000.0,1.0,0.0
2528100.0,12.0,37.0,1800000.0,900000.0,198619.0,4.0,3.0,0.0,0.0,1210000.0,0.0,1.0
5610949.2,12.0,41.0,5500000.0,2500000.0,389649.0,6.0,3.0,2.0,0.0,4904848.0,1.0,0.0
3902588.4,9.0,36.0,3000000.0,1000000.0,365341.0,8.0,5.0,0.0,1.0,1100000.0,0.0,1.0
3358348.8,9.0,43.0,1693000.0,92000.0,330375.0,1.0,0.0,0.0,1.0,1210000.0,0.0,1.0
4393922.399999999,9.0,122.0,10903748.0,4789799.0,410747.0,0.0,0.0,0.0,0.0,1210000.0,1.0,0.0
1156108.8,3.0,40.0,3000000.0,2500000.0,306927.0,3.0,1.0,0.0,0.0,2915245.0,1.0,0.0
1647123.5999999999,10.0,54.0,2600000.0,1200000.0,140068.0,2.0,0.0,1.0,0.0,939017.0,0.0,1.0
670328.4,9.0,33.0,1800000.0,600000.0,62603.0,3.0,1.0,0.0,0.0,2887500.0,1.0,0.0
4134876.0,10.0,49.0,3500000.0,2000000.0,351069.0,14.0,10.0,0.0,2.0,1957094.0,0.0,1.0
1399200.0,24.0,67.0,2500000.0,800000.0,61229.0,2.0,1.0,0.0,0.0,1540359.0,1.0,0.0
1092432.0,10.0,49.0,4500000.0,1500000.0,92752.0,13.0,6.0,1.0,2.0,8544282.0,1.0,0.0
4408560.0,6.0,31.0,20000000.0,8000000.0,653896.0,5.0,3.0,0.0,1.0,916148.0,1.0,0.0
1631880.0,12.0,51.0,1600000.0,700000.0,113325.0,3.0,1.0,1.0,1.0,916148.0,1.0,0.0
3600000.0,6.0,36.0,6000000.0,500000.0,535184.0,10.0,5.0,0.0,1.0,7673437.0,1.0,0.0
937800.0,6.0,61.0,1950000.0,507000.0,142840.0,6.0,3.0,0.0,1.0,983368.0,0.0,1.0
1616760.0,10.0,30.0,4500000.0,3000000.0,137342.0,5.0,2.0,0.0,1.0,1210000.0,0.0,1.0
838140.0,6.0,32.0,2000000.0,500000.0,124481.0,3.0,1.0,0.0,0.0,1210000.0,1.0,0.0
1055880.0,12.0,54.0,1925000.0,60000.0,87766.0,1.0,0.0,0.0,1.0,1000000.0,1.0,0.0
450360.0,6.0,57.0,1500000.0,100000.0,67001.0,2.0,0.0,0.0,0.0,1210000.0,0.0,1.0
2112000.0,12.0,39.0,3200000.0,1700000.0,165170.0,6.0,5.0,0.0,0.0,732877.0,0.0,1.0
1736820.0,6.0,40.0,3000000.0,1500000.0,257518.0,12.0,4.0,0.0,3.0,688965.0,0.0,1.0
660000.0,6.0,28.0,2500000.0,700000.0,98117.0,6.0,3.0,0.0,1.0,1341666.0,1.0,0.0
800090.4,6.0,38.0,800000.0,100000.0,119825.0,3.0,0.0,0.0,3.0,946640.0,1.0,0.0
4044000.0,36.0,58.0,4390000.0,1024000.0,146447.0,1.0,1.0,0.0,0.0,1558015.0,1.0,0.0
3720000.0,6.0,54.0,8000000.0,2000000.0,552870.0,6.0,4.0,0.0,0.0,931394.0,0.0,1.0
2332394.4,10.0,47.0,0.0,0.0,197512.0,6.0,2.0,0.0,3.0,1210000.0,1.0,0.0
3659030.4,11.0,36.0,3900000.0,2000000.0,284682.0,6.0,4.0,0.0,0.0,3039143.0,1.0,0.0
4248058.8,6.0,56.0,4000000.0,600000.0,630953.0,13.0,10.0,0.0,2.0,1210000.0,0.0,1.0
1200000.0,6.0,21.0,635969.0,0.0,180622.0,1.0,1.0,0.0,0.0,853297.0,1.0,0.0
1182840.0,12.0,38.0,1000000.0,200000.0,92636.0,3.0,1.0,0.0,0.0,939630.0,1.0,0.0
1044000.0,6.0,31.0,1740000.0,1139000.0,158477.0,7.0,2.0,0.0,4.0,1191181.0,1.0,0.0
1850478.0,10.0,57.0,4000000.0,2000000.0,157361.0,3.0,2.0,0.0,0.0,1036000.0,0.0,1.0
3209401.1999999997,6.0,33.0,15000000.0,3800000.0,476358.0,11.0,5.0,0.0,1.0,3357615.0,1.0,0.0
1497600.0,12.0,36.0,1500000.0,700000.0,117804.0,6.0,1.0,0.0,1.0,870670.0,1.0,0.0
900000.0,8.0,40.0,2500000.0,500000.0,102603.0,8.0,3.0,0.0,2.0,995923.0,0.0,1.0
2778360.0,12.0,64.0,8000000.0,3000000.0,218280.0,10.0,5.0,3.0,0.0,5046867.0,1.0,0.0
1388280.0,12.0,57.0,1960000.0,350000.0,96408.0,6.0,2.0,1.0,3.0,2612698.0,1.0,0.0
2099340.0,10.0,36.0,11000000.0,7000000.0,194265.0,6.0,5.0,0.0,1.0,2240000.0,0.0,1.0
679122.0,12.0,42.0,2250000.0,850000.0,47161.0,12.0,1.0,2.0,7.0,2502792.0,1.0,0.0
2076840.0,12.0,42.0,5000000.0,800000.0,163571.0,7.0,4.0,0.0,0.0,1210000.0,0.0,1.0
3017880.0,6.0,60.0,3000000.0,1000000.0,448238.0,9.0,4.0,0.0,2.0,923771.0,0.0,1.0
2575032.0,6.0,24.0,1800000.0,300000.0,387086.0,1.0,0.0,0.0,1.0,1374467.0,1.0,0.0
1578360.0,12.0,27.0,2100000.0,600000.0,124222.0,10.0,4.0,0.0,2.0,802530.0,1.0,0.0
4811828.399999999,10.0,38.0,5400000.0,4000000.0,409188.0,3.0,1.0,0.0,0.0,2032200.0,0.0,1.0
2741760.0,8.0,22.0,1800000.0,800000.0,312570.0,4.0,2.0,1.0,1.0,36667.0,1.0,0.0
529320.0,6.0,31.0,7000000.0,3000000.0,78511.0,9.0,1.0,2.0,5.0,1210000.0,0.0,1.0
3097128.0,6.0,36.0,3000000.0,280000.0,459366.0,5.0,4.0,0.0,0.0,902381.0,0.0,1.0
2198100.0,10.0,42.0,1900000.0,800000.0,202857.0,4.0,1.0,0.0,1.0,2265184.0,1.0,0.0
1500000.0,6.0,36.0,4000000.0,1000000.0,222943.0,2.0,0.0,1.0,0.0,1210000.0,0.0,1.0
1309190.4,10.0,31.0,3500000.0,800000.0,111039.0,6.0,1.0,0.0,2.0,908526.0,1.0,0.0
1498992.0,2.0,52.0,5000000.0,2000000.0,591128.0,14.0,9.0,3.0,1.0,2490000.0,0.0,1.0
2023095.5999999999,9.0,37.0,3000000.0,2000000.0,191176.0,1.0,1.0,0.0,0.0,1210000.0,1.0,0.0
1325640.0,12.0,58.0,3000000.0,1100000.0,104011.0,12.0,4.0,0.0,6.0,1210000.0,0.0,1.0
2340600.0,12.0,48.0,2300000.0,900000.0,183308.0,17.0,14.0,0.0,2.0,3236103.0,1.0,0.0
1965648.0,9.0,43.0,3500000.0,1000000.0,183575.0,18.0,4.0,3.0,7.0,1210000.0,0.0,1.0
2416800.0,6.0,59.0,0.0,0.0,366270.0,4.0,0.0,0.0,4.0,1210000.0,0.0,1.0
1025080.7999999999,6.0,35.0,5000000.0,1000000.0,151886.0,2.0,0.0,0.0,1.0,1210000.0,0.0,1.0
3564668.4,9.0,53.0,1800000.0,700000.0,332909.0,2.0,2.0,0.0,0.0,916148.0,1.0,0.0
1097136.0,12.0,36.0,2300000.0,600000.0,86445.0,7.0,3.0,0.0,2.0,1008015.0,1.0,0.0
1728000.0,12.0,39.0,2500000.0,100000.0,137844.0,4.0,2.0,1.0,1.0,150426.0,0.0,1.0
7683240.0,36.0,42.0,3200000.0,500000.0,247613.0,5.0,2.0,1.0,0.0,3254135.0,1.0,0.0
1693663.2,12.0,62.0,2000000.0,500000.0,134268.0,6.0,1.0,3.0,1.0,985609.0,0.0,1.0
1680000.0,6.0,58.0,4000000.0,1500000.0,249430.0,10.0,3.0,4.0,3.0,1210000.0,1.0,0.0
4870980.0,6.0,44.0,11000000.0,3000000.0,722464.0,7.0,5.0,0.0,1.0,5231818.0,0.0,1.0
2966400.0,6.0,53.0,3780000.0,1053000.0,445820.0,9.0,2.0,1.0,3.0,3188887.0,1.0,0.0
2897700.0,6.0,60.0,6000000.0,3000000.0,430093.0,6.0,3.0,0.0,1.0,5168099.0,1.0,0.0
1631880.0,6.0,43.0,4000000.0,500000.0,242379.0,4.0,3.0,0.0,0.0,1740083.0,1.0,0.0
1643758.8,18.0,42.0,3000000.0,1000000.0,92161.0,17.0,6.0,0.0,8.0,1417771.0,1.0,0.0
1200000.0,6.0,48.0,2515453.0,397000.0,180622.0,5.0,1.0,0.0,2.0,2502746.0,1.0,0.0
1367990.4,10.0,24.0,3800000.0,1000000.0,116331.0,2.0,1.0,0.0,0.0,3450000.0,1.0,0.0
4838794.8,6.0,21.0,1930000.0,312000.0,665641.0,1.0,1.0,0.0,0.0,1210000.0,1.0,0.0
2174280.0,12.0,38.0,2000000.0,200000.0,171104.0,2.0,0.0,0.0,0.0,1210000.0,0.0,1.0
1584000.0,6.0,33.0,6000000.0,3000000.0,235428.0,1.0,0.0,0.0,0.0,30285.0,0.0,1.0
1592160.0,12.0,24.0,3600000.0,1100000.0,124692.0,3.0,2.0,0.0,1.0,2438688.0,1.0,0.0
1784714.4,10.0,37.0,2100000.0,300000.0,151133.0,4.0,0.0,0.0,0.0,1210000.0,1.0,0.0
840000.0,8.0,25.0,1200000.0,600000.0,95516.0,6.0,1.0,0.0,5.0,1609200.0,1.0,0.0
1109160.0,9.0,48.0,5000000.0,5000000.0,103735.0,7.0,4.0,0.0,1.0,1318181.0,0.0,1.0
920889.6,6.0,35.0,1600000.0,300000.0,136995.0,8.0,3.0,0.0,4.0,1530045.0,1.0,0.0
864000.0,6.0,58.0,10000000.0,800000.0,128444.0,5.0,2.0,0.0,0.0,1210000.0,0.0,1.0
3000000.0,36.0,43.0,3500000.0,340000.0,99664.0,8.0,4.0,0.0,4.0,1043515.0,0.0,1.0
3169800.0,12.0,37.0,3500000.0,1000000.0,249651.0,10.0,4.0,0.0,5.0,3659090.0,1.0,0.0
996260.3999999999,10.0,29.0,1767728.0,102000.0,85700.0,2.0,0.0,0.0,2.0,1713820.0,1.0,0.0
4454400.0,18.0,31.0,3500000.0,500000.0,245808.0,5.0,4.0,0.0,1.0,908526.0,1.0,0.0
890298.0,6.0,38.0,3500000.0,1800000.0,133832.0,5.0,2.0,0.0,1.0,1210000.0,1.0,0.0
2696282.4,12.0,26.0,2000000.0,800000.0,187242.0,3.0,1.0,1.0,0.0,1493250.0,1.0,0.0
538680.0,6.0,57.0,1580000.0,164000.0,73729.0,4.0,0.0,2.0,0.0,2150821.0,0.0,1.0
2167654.8,9.0,36.0,2800000.0,1500000.0,203216.0,3.0,2.0,0.0,0.0,3566208.0,1.0,0.0
1269000.0,9.0,55.0,5000000.0,2000000.0,118911.0,6.0,1.0,0.0,3.0,1210000.0,0.0,1.0
819600.0,10.0,33.0,1232000.0,700000.0,76242.0,8.0,0.0,1.0,6.0,1307369.0,1.0,0.0
3342794.4,9.0,41.0,4512000.0,684000.0,326547.0,8.0,3.0,0.0,1.0,1913333.0,1.0,0.0
1896000.0,6.0,41.0,8000000.0,7000000.0,281800.0,11.0,5.0,0.0,0.0,925157.0,0.0,1.0
1431172.8,6.0,53.0,3900000.0,2500000.0,212761.0,6.0,4.0,0.0,2.0,1210000.0,1.0,0.0
3132000.0,12.0,43.0,3000000.0,1000000.0,245757.0,3.0,2.0,0.0,0.0,908526.0,0.0,1.0
4454400.0,36.0,32.0,5500000.0,500000.0,147943.0,5.0,2.0,0.0,1.0,1755000.0,1.0,0.0
640880.4,9.0,56.0,4500000.0,2000000.0,59853.0,11.0,2.0,0.0,6.0,1210000.0,0.0,1.0
3110310.0,9.0,40.0,4000000.0,1850000.0,290754.0,9.0,2.0,0.0,3.0,1477987.0,1.0,0.0
1561700.4,10.0,54.0,1017500.0,319000.0,134340.0,7.0,5.0,0.0,0.0,1170104.0,0.0,1.0
1272600.0,6.0,31.0,3000000.0,0.0,190606.0,4.0,2.0,1.0,0.0,2788602.0,0.0,1.0
740545.2,7.0,56.0,3000000.0,1500000.0,88344.0,10.0,5.0,0.0,2.0,2086363.0,1.0,0.0
1492260.0,8.0,55.0,3000000.0,2000000.0,169026.0,5.0,3.0,0.0,0.0,1210000.0,1.0,0.0
1776000.0,6.0,56.0,5000000.0,2800000.0,264024.0,9.0,8.0,0.0,1.0,469405.0,0.0,1.0
2752800.0,6.0,37.0,1000000.0,2007000.0,415779.0,6.0,3.0,0.0,2.0,851937.0,0.0,1.0
6303169.2,9.0,37.0,6560000.0,4094000.0,607120.0,11.0,6.0,2.0,2.0,1210000.0,1.0,0.0
3649999.1999999997,12.0,33.0,7000000.0,1000000.0,287235.0,8.0,3.0,0.0,2.0,939017.0,0.0,1.0
2351880.0,12.0,41.0,2000000.0,800000.0,163325.0,5.0,2.0,0.0,1.0,1500000.0,1.0,0.0
1245512.4,10.0,48.0,3000000.0,1500000.0,105749.0,0.0,0.0,0.0,0.0,916841.0,0.0,1.0
1412400.0,12.0,31.0,1560000.0,694000.0,112668.0,8.0,1.0,0.0,3.0,922222.0,1.0,0.0
1320129.5999999999,12.0,60.0,1200000.0,500000.0,103887.0,7.0,3.0,1.0,2.0,1210000.0,0.0,1.0
1477980.0,12.0,64.0,1727000.0,600000.0,115827.0,5.0,1.0,0.0,1.0,1577131.0,1.0,0.0
892560.0,12.0,38.0,1550000.0,600000.0,70247.0,0.0,0.0,0.0,0.0,1328074.0,1.0,0.0
900000.0,6.0,28.0,1400000.0,350000.0,134347.0,1.0,0.0,1.0,0.0,1047274.0,1.0,0.0
3038880.0,6.0,55.0,4000000.0,500000.0,451336.0,9.0,4.0,0.0,2.0,931394.0,1.0,0.0
1560000.0,6.0,45.0,1500000.0,450000.0,231913.0,2.0,1.0,0.0,0.0,848144.0,1.0,0.0
3488659.1999999997,6.0,52.0,3000000.0,0.0,518663.0,3.0,2.0,0.0,1.0,970172.0,0.0,1.0
2984520.0,12.0,41.0,3500000.0,620000.0,233737.0,7.0,4.0,1.0,0.0,2750138.0,1.0,0.0
3600000.0,24.0,27.0,1500000.0,650000.0,157358.0,0.0,0.0,0.0,0.0,908526.0,1.0,0.0
2412000.0,12.0,25.0,1500000.0,400000.0,189340.0,3.0,1.0,0.0,1.0,1280913.0,1.0,0.0
4939200.0,8.0,36.0,4000000.0,1800000.0,558898.0,3.0,0.0,0.0,3.0,1210000.0,1.0,0.0
2132400.0,6.0,39.0,2350000.0,1000000.0,317008.0,11.0,6.0,0.0,3.0,2038750.0,1.0,0.0
1377277.2,10.0,44.0,3000000.0,1500000.0,117121.0,1.0,1.0,0.0,0.0,1619712.0,0.0,1.0
1980000.0,10.0,23.0,2500000.0,300000.0,183497.0,5.0,3.0,0.0,1.0,1830355.0,1.0,0.0
2005380.0,8.0,38.0,1600000.0,400000.0,227252.0,7.0,2.0,0.0,1.0,908526.0,1.0,0.0
2087880.0,6.0,45.0,1000000.0,709000.0,312689.0,4.0,3.0,0.0,1.0,885714.0,1.0,0.0
4665120.0,12.0,56.0,6000000.0,2800000.0,366031.0,3.0,1.0,0.0,0.0,908526.0,0.0,1.0
1199880.0,12.0,35.0,1100000.0,300000.0,94268.0,5.0,0.0,1.0,4.0,1210000.0,0.0,1.0
2814000.0,24.0,42.0,4292000.0,737000.0,114405.0,5.0,2.0,0.0,2.0,2027319.0,1.0,0.0
4423921.2,12.0,34.0,4000000.0,1200000.0,346697.0,4.0,2.0,0.0,1.0,1567948.0,1.0,0.0
2896680.0,6.0,30.0,6900000.0,3000000.0,430217.0,1.0,1.0,0.0,0.0,952497.0,1.0,0.0
2307183.6,9.0,34.0,2000000.0,1000000.0,215987.0,2.0,0.0,0.0,0.0,908526.0,1.0,0.0
1560000.0,10.0,54.0,5000000.0,2500000.0,144497.0,8.0,4.0,2.0,2.0,1000000.0,0.0,1.0
2433957.6,6.0,38.0,2000000.0,600000.0,360882.0,9.0,3.0,1.0,0.0,2061780.0,1.0,0.0
930600.0,6.0,47.0,2640000.0,464000.0,139370.0,6.0,3.0,0.0,2.0,600000.0,0.0,1.0
1482134.4,10.0,39.0,4000000.0,1000000.0,125181.0,8.0,7.0,0.0,0.0,1989166.0,1.0,0.0
6475560.0,36.0,39.0,10000000.0,3000000.0,208236.0,12.0,10.0,1.0,0.0,3638436.0,1.0,0.0
1526400.0,12.0,30.0,2000000.0,1200000.0,119921.0,3.0,2.0,0.0,0.0,258467.0,1.0,0.0
898560.0,6.0,51.0,2800000.0,900000.0,124800.0,5.0,3.0,0.0,0.0,1210000.0,0.0,1.0
878880.0,2.0,32.0,5000000.0,2000000.0,346434.0,5.0,1.0,0.0,4.0,1210000.0,0.0,1.0
1408394.4,9.0,57.0,2135000.0,480000.0,133237.0,9.0,2.0,2.0,3.0,1378976.0,1.0,0.0
1097880.0,12.0,57.0,1500000.0,0.0,76242.0,0.0,0.0,0.0,0.0,1210000.0,0.0,1.0
1889880.0,6.0,52.0,1500000.0,500000.0,281652.0,0.0,0.0,0.0,0.0,1210000.0,0.0,1.0
964800.0,6.0,63.0,4000000.0,1200000.0,144012.0,7.0,2.0,2.0,1.0,1210000.0,0.0,1.0
1296931.2,10.0,34.0,1500000.0,800000.0,110694.0,2.0,0.0,1.0,0.0,1339361.0,1.0,0.0
1269000.0,3.0,37.0,3500000.0,2000000.0,336701.0,7.0,3.0,0.0,1.0,1210000.0,1.0,0.0
2903640.0,12.0,38.0,6000000.0,2500000.0,201642.0,8.0,3.0,0.0,3.0,7466666.0,1.0,0.0
1963200.0,6.0,32.0,1500000.0,0.0,295032.0,1.0,0.0,0.0,1.0,1613163.0,1.0,0.0
2317200.0,12.0,38.0,7000000.0,3000000.0,182049.0,10.0,8.0,1.0,0.0,1210000.0,0.0,1.0
946680.0,12.0,38.0,3500000.0,2000000.0,65742.0,7.0,4.0,0.0,2.0,4520907.0,1.0,0.0
530640.0,6.0,36.0,5000000.0,3000000.0,78815.0,6.0,3.0,0.0,1.0,2871493.0,0.0,1.0
3254400.0,6.0,47.0,3500000.0,400000.0,483037.0,6.0,3.0,0.0,1.0,454263.0,1.0,0.0
6173552.399999999,10.0,45.0,2500000.0,1300000.0,525813.0,5.0,4.0,0.0,1.0,1210000.0,0.0,1.0
1925768.4,6.0,39.0,3252000.0,2106000.0,290866.0,8.0,4.0,0.0,2.0,893333.0,0.0,1.0
3580200.0,12.0,26.0,10000000.0,5000000.0,280389.0,2.0,0.0,1.0,1.0,333153.0,0.0,1.0
3301094.4,10.0,42.0,3000000.0,2000000.0,279983.0,2.0,0.0,0.0,1.0,900266.0,0.0,1.0
11858400.0,12.0,55.0,10000000.0,4000000.0,945953.0,10.0,8.0,0.0,1.0,958420.0,0.0,1.0
1604013.5999999999,10.0,68.0,1900000.0,1200000.0,136045.0,2.0,1.0,0.0,0.0,916148.0,1.0,0.0
1892520.0,12.0,28.0,2800000.0,1120000.0,148869.0,9.0,4.0,0.0,2.0,925157.0,1.0,0.0
3264960.0,18.0,61.0,2981000.0,307000.0,194201.0,3.0,0.0,1.0,0.0,1000000.0,1.0,0.0
1200000.0,6.0,32.0,1830000.0,165000.0,181245.0,2.0,1.0,0.0,0.0,1210000.0,0.0,1.0
911880.0,12.0,61.0,1200000.0,500000.0,63325.0,4.0,3.0,0.0,0.0,916148.0,1.0,0.0
4240860.0,36.0,54.0,2000000.0,800000.0,137570.0,6.0,1.0,1.0,2.0,1610004.0,1.0,0.0
878880.0,9.0,47.0,5000000.0,2000000.0,82198.0,6.0,4.0,0.0,2.0,1000000.0,1.0,0.0
5623567.2,11.0,31.0,3500000.0,1500000.0,439528.0,3.0,3.0,0.0,0.0,3354952.0,1.0,0.0
2413920.0,12.0,34.0,3500000.0,1000000.0,191367.0,6.0,3.0,0.0,2.0,1000000.0,1.0,0.0
1799880.0,18.0,30.0,3000000.0,100000.0,99519.0,3.0,2.0,0.0,1.0,1210000.0,1.0,0.0
2643382.8,9.0,39.0,3000000.0,2000000.0,250150.0,1.0,0.0,0.0,0.0,1728080.0,1.0,0.0
1185660.0,3.0,52.0,2500000.0,1500000.0,314588.0,6.0,1.0,0.0,2.0,923771.0,1.0,0.0
2794558.8,10.0,30.0,6832000.0,1308000.0,250909.0,4.0,4.0,0.0,0.0,1913094.0,1.0,0.0
1542840.0,6.0,51.0,1500000.0,200000.0,228840.0,5.0,1.0,0.0,0.0,930000.0,1.0,0.0
878880.0,5.0,30.0,5000000.0,2000000.0,142664.0,23.0,8.0,6.0,7.0,908526.0,0.0,1.0
1967760.0,6.0,36.0,2970000.0,2580000.0,298217.0,21.0,6.0,1.0,11.0,1000000.0,0.0,1.0
1068000.0,6.0,40.0,3200000.0,1800000.0,159166.0,4.0,1.0,0.0,2.0,1210000.0,0.0,1.0
1044000.0,12.0,40.0,1450000.0,500000.0,81919.0,5.0,0.0,0.0,5.0,908526.0,1.0,0.0
1341600.0,12.0,51.0,5000000.0,600000.0,105707.0,10.0,6.0,3.0,0.0,1210000.0,0.0,1.0
3600000.0,36.0,32.0,2000000.0,500000.0,116400.0,3.0,1.0,1.0,1.0,1267181.0,1.0,0.0
3878054.4,10.0,122.0,603372000.0,148400000.0,330301.0,0.0,0.0,0.0,0.0,1210000.0,1.0,0.0
2456198.4,9.0,40.0,2500000.0,1000000.0,229937.0,5.0,3.0,1.0,1.0,933818.0,1.0,0.0
3276840.0,12.0,63.0,4500000.0,1500000.0,257443.0,7.0,2.0,0.0,4.0,963410.0,1.0,0.0
4559331.6,11.0,122.0,31305436.0,1770357.0,354728.0,0.0,0.0,0.0,0.0,1210000.0,1.0,0.0
1808743.2,12.0,34.0,1800000.0,500000.0,142983.0,5.0,2.0,1.0,1.0,666591.0,1.0,0.0
750708.0,5.0,46.0,4000000.0,2000000.0,121575.0,5.0,1.0,0.0,4.0,1210000.0,0.0,1.0
1419600.0,10.0,63.0,2290000.0,615000.0,135880.0,3.0,1.0,0.0,1.0,774282.0,0.0,1.0
3946042.8,9.0,62.0,9000000.0,5300000.0,369762.0,3.0,3.0,0.0,0.0,8727272.0,1.0,0.0
500640.0,6.0,44.0,2660000.0,1666000.0,74230.0,12.0,7.0,0.0,2.0,1210000.0,1.0,0.0
2781636.0,11.0,44.0,5000000.0,4000000.0,217037.0,4.0,3.0,0.0,1.0,933473.0,1.0,0.0
2902752.0,12.0,50.0,4000000.0,500000.0,227485.0,19.0,13.0,0.0,1.0,1200000.0,0.0,1.0
1183695.5999999999,10.0,55.0,3250000.0,1255550.0,100396.0,8.0,0.0,0.0,5.0,1210000.0,0.0,1.0
1274160.0,10.0,65.0,2500000.0,200000.0,117897.0,1.0,0.0,0.0,1.0,939017.0,0.0,1.0
2793312.0,12.0,39.0,1800000.0,700000.0,218762.0,9.0,2.0,0.0,3.0,1576629.0,1.0,0.0
1536949.2,9.0,48.0,3000000.0,700000.0,143744.0,4.0,2.0,0.0,1.0,1210000.0,0.0,1.0
2133358.8,12.0,47.0,1800000.0,650000.0,148150.0,7.0,3.0,0.0,1.0,1210000.0,0.0,1.0
1620428.4,9.0,28.0,3500000.0,2500000.0,151479.0,5.0,3.0,1.0,0.0,1161471.0,1.0,0.0
2614680.0,6.0,36.0,5000000.0,2000000.0,363150.0,8.0,4.0,0.0,1.0,6098316.0,1.0,0.0
5424000.0,6.0,54.0,4415000.0,4202000.0,821979.0,7.0,6.0,0.0,0.0,984754.0,0.0,1.0
1872000.0,6.0,38.0,4400000.0,2049000.0,283705.0,8.0,5.0,0.0,0.0,1210000.0,0.0,1.0
1701480.0,12.0,63.0,5000000.0,2000000.0,133842.0,2.0,1.0,0.0,0.0,5144740.0,1.0,0.0
9000000.0,12.0,37.0,5000000.0,2000000.0,707079.0,7.0,6.0,0.0,0.0,767199.0,0.0,1.0
931166.4,9.0,54.0,5000000.0,2500000.0,86838.0,8.0,3.0,0.0,5.0,905453.0,0.0,1.0
1079880.0,12.0,62.0,3000000.0,200000.0,84945.0,9.0,6.0,0.0,0.0,1210000.0,1.0,0.0
960000.0,6.0,65.0,2300000.0,600000.0,142339.0,6.0,3.0,0.0,1.0,1210000.0,1.0,0.0
1437480.0,18.0,31.0,1100000.0,500000.0,79419.0,5.0,1.0,1.0,2.0,963377.0,1.0,0.0
1713600.0,6.0,51.0,6000000.0,2000000.0,254677.0,4.0,2.0,0.0,0.0,853576.0,0.0,1.0
791157.6,5.0,35.0,6200000.0,4707000.0,130672.0,11.0,6.0,0.0,1.0,984754.0,1.0,0.0
3230520.0,6.0,58.0,3140000.0,1852000.0,478945.0,7.0,3.0,0.0,2.0,1210000.0,1.0,0.0
3057600.0,12.0,46.0,3000000.0,1500000.0,238724.0,10.0,3.0,0.0,4.0,2964008.0,1.0,0.0
5166000.0,36.0,34.0,1710000.0,500000.0,168897.0,6.0,2.0,0.0,2.0,1775670.0,1.0,0.0
1115760.0,6.0,37.0,1800000.0,600000.0,154967.0,1.0,1.0,0.0,0.0,1210000.0,1.0,0.0
2258278.8,12.0,28.0,4000000.0,1500000.0,156825.0,3.0,2.0,0.0,0.0,908526.0,1.0,0.0
864000.0,6.0,46.0,1630000.0,2000000.0,130048.0,2.0,0.0,0.0,2.0,1210000.0,1.0,0.0
1784280.0,12.0,51.0,1100000.0,350000.0,140181.0,3.0,1.0,0.0,0.0,908571.0,1.0,0.0
1755480.0,12.0,39.0,7000000.0,3000000.0,121908.0,9.0,5.0,0.0,0.0,908526.0,1.0,0.0
3360000.0,20.0,32.0,2600000.0,2073000.0,181313.0,12.0,3.0,2.0,5.0,977131.0,1.0,0.0
3343500.0,12.0,55.0,1200000.0,500000.0,262335.0,2.0,1.0,0.0,1.0,1210000.0,0.0,1.0
1010280.0,12.0,53.0,2000000.0,600000.0,79372.0,25.0,11.0,0.0,7.0,1665102.0,1.0,0.0
1433760.0,24.0,39.0,3000000.0,1350000.0,63529.0,5.0,2.0,0.0,1.0,1227109.0,1.0,0.0
1138650.0,6.0,37.0,2620000.0,1568000.0,172845.0,7.0,3.0,0.0,3.0,977131.0,1.0,0.0
1800000.0,12.0,58.0,3500000.0,500000.0,141240.0,17.0,7.0,0.0,6.0,1210000.0,0.0,1.0
1560000.0,12.0,45.0,5000000.0,600000.0,123319.0,14.0,10.0,1.0,1.0,2038354.0,1.0,0.0
2976000.0,6.0,46.0,1300000.0,800000.0,442319.0,1.0,0.0,0.0,1.0,925157.0,1.0,0.0
2373600.0,12.0,43.0,2500000.0,1500000.0,185892.0,3.0,2.0,0.0,0.0,1210000.0,0.0,1.0
1884000.0,6.0,55.0,2780000.0,1575000.0,286483.0,4.0,2.0,0.0,0.0,977131.0,0.0,1.0
398400.0,6.0,47.0,1400000.0,500000.0,59468.0,1.0,0.0,0.0,0.0,2737252.0,1.0,0.0
4980000.0,8.0,23.0,6300000.0,1000000.0,564077.0,10.0,3.0,3.0,1.0,4729783.0,1.0,0.0
2571360.0,8.0,22.0,1800000.0,0.0,291220.0,1.0,1.0,0.0,0.0,1485000.0,1.0,0.0
875520.0,6.0,31.0,2900000.0,800000.0,129813.0,3.0,1.0,0.0,1.0,2970240.0,1.0,0.0
1384500.0,6.0,36.0,6000000.0,2000000.0,205495.0,9.0,6.0,0.0,1.0,5390109.0,1.0,0.0
1176000.0,12.0,42.0,2000000.0,1000000.0,92964.0,7.0,5.0,0.0,2.0,1325507.0,1.0,0.0
1676880.0,10.0,65.0,3300000.0,1200000.0,142001.0,11.0,2.0,0.0,7.0,1210000.0,0.0,1.0
3575997.6,6.0,48.0,6000000.0,1800000.0,531648.0,8.0,5.0,0.0,1.0,963410.0,0.0,1.0
2687178.0,10.0,26.0,6000000.0,2500000.0,228153.0,8.0,6.0,0.0,1.0,916666.0,0.0,1.0
1522770.0,6.0,62.0,3980000.0,629000.0,231939.0,4.0,2.0,1.0,1.0,983368.0,0.0,1.0
1189260.0,6.0,58.0,1200000.0,700000.0,176391.0,1.0,1.0,0.0,0.0,918689.0,1.0,0.0
1953000.0,12.0,37.0,2000000.0,190000.0,154369.0,9.0,5.0,1.0,1.0,2611165.0,1.0,0.0
1154400.0,12.0,28.0,2000000.0,0.0,80167.0,5.0,3.0,0.0,1.0,2112949.0,1.0,0.0
2160000.0,8.0,50.0,1300000.0,500000.0,247840.0,15.0,3.0,0.0,10.0,946640.0,1.0,0.0
983096.3999999999,6.0,37.0,3600000.0,200000.0,146513.0,7.0,3.0,0.0,1.0,1437392.0,0.0,1.0
3339180.0,12.0,39.0,3000000.0,800000.0,262803.0,3.0,1.0,0.0,0.0,1210000.0,0.0,1.0
799680.0,10.0,52.0,3200000.0,1400000.0,67825.0,0.0,0.0,0.0,0.0,1210000.0,0.0,1.0
7296000.0,6.0,54.0,1000000.0,2175000.0,1092677.0,4.0,4.0,0.0,0.0,961885.0,0.0,1.0
1494720.0,6.0,57.0,8090000.0,1790000.0,226909.0,4.0,1.0,1.0,0.0,4817156.0,1.0,0.0
1185660.0,2.0,57.0,4000000.0,2000000.0,467360.0,9.0,5.0,0.0,2.0,1500000.0,0.0,1.0
1767360.0,12.0,66.0,5000000.0,1000000.0,122733.0,6.0,5.0,0.0,0.0,1210000.0,1.0,0.0
2136000.0,6.0,29.0,4000000.0,1000000.0,317471.0,8.0,5.0,0.0,1.0,445185.0,0.0,1.0
864000.0,6.0,26.0,1100000.0,0.0,128966.0,3.0,2.0,1.0,0.0,1061416.0,1.0,0.0
4113751.1999999997,9.0,42.0,4000000.0,2000000.0,385661.0,2.0,1.0,0.0,1.0,1960000.0,1.0,0.0
6223200.0,36.0,41.0,1989000.0,598000.0,221862.0,12.0,3.0,1.0,7.0,5029953.0,1.0,0.0
851641.2,10.0,26.0,1500000.0,500000.0,72536.0,3.0,0.0,1.0,1.0,719249.0,1.0,0.0
1256280.0,6.0,41.0,2500000.0,850000.0,187226.0,6.0,2.0,0.0,0.0,32724.0,1.0,0.0
3844201.1999999997,12.0,38.0,1500000.0,500000.0,266958.0,2.0,0.0,0.0,1.0,1210000.0,0.0,1.0
1556943.5999999999,10.0,40.0,3000000.0,1500000.0,132538.0,8.0,1.0,3.0,2.0,941789.0,0.0,1.0
4953960.0,12.0,39.0,2000000.0,800000.0,388216.0,5.0,1.0,0.0,2.0,908526.0,1.0,0.0
2158993.1999999997,10.0,27.0,2100000.0,600000.0,183116.0,5.0,1.0,1.0,2.0,1049416.0,1.0,0.0
1770000.0,6.0,47.0,4000000.0,3000000.0,263311.0,3.0,1.0,0.0,1.0,3441302.0,1.0,0.0
1610280.0,12.0,40.0,2000000.0,500000.0,127294.0,5.0,3.0,1.0,1.0,1567351.0,1.0,0.0
8448000.0,8.0,27.0,35000000.0,10000000.0,965108.0,8.0,6.0,0.0,0.0,1300000.0,0.0,1.0
1561766.4,10.0,65.0,3211111.0,1545550.0,132462.0,5.0,2.0,0.0,1.0,1210000.0,0.0,1.0
6284535.6,6.0,50.0,12000000.0,2000000.0,938118.0,3.0,0.0,0.0,1.0,1000000.0,0.0,1.0
1627080.0,12.0,49.0,1600000.0,300000.0,129002.0,5.0,1.0,1.0,3.0,1225000.0,1.0,0.0
2961480.0,24.0,35.0,3500000.0,1000000.0,131248.0,9.0,4.0,0.0,2.0,1500710.0,0.0,1.0
4064520.0,24.0,37.0,4000000.0,1200000.0,177057.0,0.0,0.0,0.0,0.0,4213716.0,1.0,0.0
924000.0,8.0,59.0,1000000.0,160000.0,105559.0,3.0,2.0,0.0,1.0,939017.0,1.0,0.0
1800000.0,10.0,54.0,2000000.0,500000.0,166565.0,6.0,3.0,0.0,2.0,1210000.0,0.0,1.0
1700383.2,6.0,40.0,2600000.0,1300000.0,253809.0,3.0,2.0,0.0,1.0,1830833.0,1.0,0.0
1612800.0,6.0,24.0,1400000.0,400000.0,239545.0,2.0,1.0,0.0,1.0,30285.0,1.0,0.0
3096000.0,6.0,34.0,3200000.0,1500000.0,459840.0,8.0,4.0,2.0,0.0,1210000.0,0.0,1.0
4938885.6,18.0,30.0,3200000.0,200000.0,274046.0,6.0,4.0,0.0,1.0,3179371.0,1.0,0.0
2787240.0,6.0,34.0,2160000.0,565000.0,422411.0,7.0,3.0,0.0,1.0,4031034.0,1.0,0.0
2220000.0,6.0,47.0,3000000.0,1400000.0,330180.0,13.0,4.0,2.0,2.0,941789.0,0.0,1.0
1410163.2,6.0,34.0,3600000.0,1405000.0,214073.0,5.0,3.0,0.0,2.0,1436104.0,1.0,0.0
1590805.2,10.0,33.0,5000000.0,1500000.0,135137.0,5.0,0.0,0.0,1.0,3869775.0,1.0,0.0
1464000.0,24.0,31.0,6000000.0,1000000.0,65954.0,18.0,10.0,4.0,3.0,7030282.0,1.0,0.0
1382400.0,6.0,44.0,6000000.0,2600000.0,207806.0,8.0,5.0,0.0,1.0,1210000.0,0.0,1.0
4170433.1999999997,12.0,24.0,2876000.0,0.0,346231.0,2.0,2.0,0.0,0.0,4721790.0,1.0,0.0
5563780.8,9.0,122.0,262744988.0,114684.0,519609.0,0.0,0.0,0.0,0.0,1210000.0,1.0,0.0
1669077.5999999999,11.0,66.0,3200000.0,2000000.0,129859.0,1.0,0.0,0.0,1.0,1210000.0,1.0,0.0
3288000.0,12.0,58.0,5000000.0,3000000.0,258320.0,2.0,0.0,1.0,0.0,1210000.0,0.0,1.0
3582600.0,18.0,42.0,3000000.0,1500000.0,198758.0,9.0,3.0,0.0,3.0,1500000.0,1.0,0.0
3059520.0,12.0,53.0,3500000.0,1500000.0,212467.0,8.0,6.0,0.0,0.0,3025000.0,1.0,0.0
1464000.0,8.0,34.0,3300000.0,1000000.0,166901.0,11.0,7.0,1.0,2.0,5531945.0,1.0,0.0
964018.7999999999,9.0,49.0,2100000.0,700000.0,90247.0,0.0,0.0,0.0,0.0,1210000.0,0.0,1.0
525600.0,6.0,58.0,2000000.0,600000.0,77931.0,9.0,5.0,0.0,4.0,1210000.0,1.0,0.0
4677516.0,10.0,47.0,4800000.0,3000000.0,397142.0,4.0,2.0,2.0,0.0,908526.0,1.0,0.0
6890785.2,5.0,51.0,13160000.0,3557000.0,1138117.0,6.0,6.0,0.0,0.0,6850909.0,1.0,0.0
2976120.0,24.0,61.0,4013000.0,1304000.0,143775.0,10.0,2.0,1.0,5.0,1210000.0,1.0,0.0
7154880.0,36.0,27.0,2500000.0,500000.0,237634.0,2.0,2.0,0.0,0.0,1822372.0,1.0,0.0
1200000.0,12.0,23.0,3000000.0,500000.0,95709.0,9.0,5.0,0.0,2.0,908526.0,1.0,0.0
1776000.0,24.0,29.0,1600000.0,200000.0,79138.0,1.0,0.0,0.0,0.0,999392.0,1.0,0.0
2569200.0,24.0,49.0,5000000.0,1500000.0,111884.0,14.0,7.0,1.0,2.0,1760000.0,1.0,0.0
2081880.0,12.0,38.0,4000000.0,400000.0,144575.0,1.0,1.0,0.0,0.0,4349075.0,1.0,0.0
1509600.0,6.0,60.0,3000000.0,1300000.0,224979.0,2.0,0.0,1.0,1.0,1210000.0,0.0,1.0
4236660.0,6.0,46.0,5500000.0,500000.0,630117.0,11.0,5.0,0.0,2.0,950105.0,0.0,1.0
14716800.0,12.0,35.0,14000000.0,3000000.0,1151149.0,11.0,6.0,0.0,4.0,877803.0,0.0,1.0
1107804.0,10.0,38.0,1500000.0,0.0,105864.0,5.0,3.0,0.0,2.0,1079333.0,1.0,0.0
3585025.1999999997,10.0,42.0,5000000.0,2000000.0,304544.0,1.0,0.0,0.0,1.0,931394.0,0.0,1.0
1440000.0,12.0,32.0,3000000.0,1000000.0,113472.0,7.0,5.0,0.0,1.0,2393255.0,0.0,1.0
2625240.0,6.0,39.0,4760000.0,1500000.0,364617.0,6.0,4.0,0.0,0.0,1914371.0,1.0,0.0
6787484.399999999,9.0,45.0,2500000.0,1200000.0,636018.0,1.0,0.0,0.0,1.0,946640.0,1.0,0.0
2101200.0,6.0,49.0,3830000.0,981000.0,316270.0,9.0,3.0,0.0,2.0,2805347.0,1.0,0.0
3512280.0,10.0,35.0,10000000.0,200000.0,325356.0,9.0,3.0,0.0,3.0,1295219.0,0.0,1.0
1498992.0,4.0,58.0,5000000.0,2000000.0,301302.0,9.0,4.0,0.0,1.0,939017.0,0.0,1.0
749520.0,6.0,69.0,6020000.0,2890000.0,112817.0,6.0,1.0,0.0,4.0,1210000.0,1.0,0.0
3474720.0,12.0,44.0,1000000.0,200000.0,273471.0,4.0,0.0,2.0,2.0,1063779.0,1.0,0.0
1736229.5999999999,10.0,61.0,1450000.0,450000.0,147259.0,3.0,2.0,0.0,0.0,1585539.0,1.0,0.0
1135680.0,6.0,45.0,3200000.0,1200000.0,168387.0,13.0,6.0,0.0,3.0,1900000.0,1.0,0.0
1440000.0,8.0,40.0,1500000.0,500000.0,163107.0,9.0,2.0,0.0,7.0,1376925.0,1.0,0.0
3387720.0,9.0,42.0,5000000.0,2000000.0,317596.0,7.0,5.0,0.0,0.0,7423500.0,1.0,0.0
1727880.0,8.0,23.0,3000000.0,1800000.0,196376.0,6.0,0.0,0.0,2.0,939017.0,1.0,0.0
1782960.0,12.0,38.0,1900000.0,800000.0,123817.0,5.0,1.0,0.0,3.0,761736.0,1.0,0.0
1072560.0,6.0,27.0,2500000.0,400000.0,148967.0,4.0,3.0,0.0,0.0,1466666.0,1.0,0.0
5103180.0,36.0,57.0,3000000.0,300000.0,165507.0,5.0,2.0,0.0,0.0,1210000.0,0.0,1.0
1269000.0,5.0,36.0,5000000.0,2000000.0,205990.0,6.0,4.0,0.0,1.0,945115.0,0.0,1.0
4827878.399999999,6.0,46.0,25530000.0,9457000.0,667496.0,11.0,11.0,0.0,0.0,1775000.0,0.0,1.0
3576000.0,12.0,52.0,6000000.0,1000000.0,281295.0,5.0,4.0,1.0,0.0,925157.0,1.0,0.0
924000.0,18.0,44.0,2235000.0,800000.0,51806.0,6.0,4.0,0.0,1.0,1210000.0,1.0,0.0
2944329.6,12.0,46.0,3000000.0,1000000.0,230262.0,1.0,1.0,0.0,0.0,908526.0,0.0,1.0
3249999.6,6.0,38.0,3000000.0,1500000.0,481501.0,4.0,3.0,0.0,0.0,908526.0,0.0,1.0
2531880.0,6.0,38.0,1980000.0,39000.0,383711.0,2.0,1.0,0.0,0.0,3231496.0,1.0,0.0
878880.0,2.0,61.0,5000000.0,2000000.0,346587.0,1.0,0.0,0.0,1.0,763162.0,0.0,1.0
1713600.0,10.0,64.0,2500000.0,600000.0,158570.0,9.0,5.0,1.0,2.0,1515529.0,1.0,0.0
540000.0,6.0,36.0,2600000.0,450000.0,80278.0,5.0,3.0,0.0,0.0,737660.0,1.0,0.0
2644800.0,36.0,60.0,1500000.0,670000.0,86469.0,7.0,4.0,1.0,0.0,1512337.0,1.0,0.0
1311481.2,12.0,22.0,10000000.0,2500000.0,91075.0,4.0,3.0,0.0,0.0,1210000.0,1.0,0.0
780778.7999999999,6.0,27.0,2200000.0,600000.0,116072.0,2.0,1.0,0.0,0.0,2170982.0,1.0,0.0
3038880.0,24.0,34.0,8000000.0,1000000.0,133561.0,7.0,5.0,0.0,0.0,7245633.0,1.0,0.0
759124.7999999999,3.0,54.0,2000000.0,1000000.0,203805.0,3.0,2.0,0.0,0.0,1210000.0,0.0,1.0
3257760.0,12.0,28.0,1100000.0,4000000.0,226233.0,8.0,4.0,1.0,0.0,923357.0,1.0,0.0
2419399.1999999997,10.0,56.0,4500000.0,1200000.0,205202.0,8.0,5.0,0.0,1.0,1210000.0,0.0,1.0
1563279.5999999999,11.0,41.0,2500000.0,1800000.0,121766.0,4.0,3.0,0.0,0.0,1210000.0,0.0,1.0
474000.0,6.0,24.0,1280000.0,179000.0,71592.0,1.0,0.0,1.0,0.0,966666.0,1.0,0.0
1865176.8,10.0,28.0,3500000.0,1000000.0,158777.0,4.0,2.0,0.0,1.0,1500000.0,1.0,0.0
4732624.8,10.0,35.0,3500000.0,1500000.0,402875.0,4.0,1.0,0.0,0.0,1000000.0,1.0,0.0
4253520.0,12.0,41.0,4000000.0,500000.0,295383.0,11.0,9.0,0.0,1.0,916148.0,0.0,1.0
1931880.0,18.0,40.0,3560000.0,173000.0,110688.0,5.0,3.0,0.0,0.0,3810750.0,1.0,0.0
3915576.0,9.0,44.0,13187000.0,7600000.0,366206.0,9.0,5.0,1.0,0.0,12448578.0,1.0,0.0
1860000.0,6.0,51.0,3000000.0,1000000.0,279600.0,12.0,6.0,0.0,4.0,615779.0,1.0,0.0
878880.0,5.0,24.0,1800000.0,900000.0,142539.0,9.0,7.0,0.0,1.0,1218690.0,1.0,0.0
3083758.8,12.0,33.0,1300000.0,0.0,241509.0,5.0,3.0,0.0,1.0,971899.0,1.0,0.0
2046000.0,10.0,53.0,2000000.0,1600000.0,188793.0,4.0,1.0,0.0,2.0,2070000.0,1.0,0.0
2493600.0,6.0,42.0,4500000.0,2000000.0,369726.0,8.0,4.0,0.0,1.0,5992914.0,1.0,0.0
1388280.0,12.0,58.0,1000000.0,200000.0,96408.0,3.0,1.0,0.0,0.0,908526.0,1.0,0.0
2991600.0,12.0,52.0,3000000.0,1000000.0,235422.0,6.0,3.0,0.0,1.0,1210000.0,1.0,0.0
1547084.4,10.0,47.0,3000000.0,1500000.0,131010.0,8.0,4.0,0.0,2.0,1210000.0,0.0,1.0
2626500.0,24.0,39.0,2400000.0,700000.0,114556.0,7.0,4.0,0.0,0.0,2836865.0,1.0,0.0
5336232.0,12.0,39.0,5289000.0,1821000.0,446137.0,3.0,2.0,0.0,1.0,2351452.0,1.0,0.0
538680.0,6.0,34.0,3000000.0,1400000.0,73431.0,1.0,1.0,0.0,0.0,2083256.0,1.0,0.0
1835880.0,12.0,61.0,2656000.0,606000.0,153710.0,10.0,2.0,1.0,4.0,1210000.0,0.0,1.0
1974960.0,12.0,43.0,1800000.0,350000.0,154958.0,7.0,5.0,0.0,0.0,1210000.0,0.0,1.0
1269000.0,5.0,59.0,5000000.0,2000000.0,205990.0,9.0,2.0,0.0,3.0,918828.0,0.0,1.0
1946280.0,12.0,32.0,2500000.0,1000000.0,135158.0,7.0,3.0,0.0,3.0,920969.0,0.0,1.0
3866460.0,36.0,66.0,1500000.0,500000.0,125969.0,4.0,2.0,0.0,2.0,1168723.0,1.0,0.0
1872000.0,6.0,33.0,15000000.0,4000000.0,278233.0,5.0,2.0,0.0,1.0,1485241.0,0.0,1.0
1185660.0,4.0,48.0,5000000.0,2000000.0,238437.0,19.0,15.0,0.0,2.0,946640.0,0.0,1.0
4373607.6,9.0,122.0,31385271.0,2605525.0,406505.0,0.0,0.0,0.0,0.0,1210000.0,1.0,0.0
2274900.0,12.0,43.0,2521000.0,710000.0,178132.0,6.0,2.0,2.0,0.0,2466080.0,1.0,0.0
780780.0,18.0,59.0,1500000.0,200000.0,43317.0,5.0,4.0,0.0,1.0,1505619.0,1.0,0.0
1418160.0,6.0,29.0,3320000.0,1376000.0,214197.0,4.0,3.0,0.0,0.0,2567848.0,1.0,0.0
2833920.0,12.0,41.0,2000000.0,400000.0,222368.0,7.0,4.0,1.0,1.0,1568363.0,1.0,0.0
825480.0,6.0,48.0,1950000.0,650000.0,122718.0,4.0,2.0,0.0,0.0,689021.0,1.0,0.0
2544000.0,8.0,34.0,2000000.0,600000.0,288155.0,2.0,1.0,0.0,0.0,2003386.0,1.0,0.0
1157514.0,6.0,29.0,1300000.0,500000.0,172079.0,3.0,0.0,0.0,2.0,1064582.0,1.0,0.0
1677600.0,6.0,40.0,20000000.0,10000000.0,250408.0,9.0,4.0,0.0,2.0,1210000.0,0.0,1.0
1139880.0,12.0,60.0,1800000.0,0.0,89554.0,4.0,1.0,0.0,3.0,1210000.0,0.0,1.0
5001028.8,10.0,122.0,72737163.0,21607659.0,425947.0,0.0,0.0,0.0,0.0,1210000.0,1.0,0.0
2033760.0,12.0,62.0,2500000.0,500000.0,141233.0,8.0,5.0,0.0,1.0,916148.0,0.0,1.0
1180536.0,10.0,28.0,2000000.0,800000.0,100391.0,4.0,1.0,0.0,1.0,1210000.0,1.0,0.0
1080000.0,18.0,41.0,4540000.0,2373000.0,64878.0,17.0,6.0,9.0,1.0,6527863.0,1.0,0.0
2059920.0,24.0,32.0,4187000.0,2127000.0,101113.0,5.0,1.0,2.0,1.0,2968503.0,1.0,0.0
1787499.5999999999,10.0,43.0,4000000.0,2000000.0,165408.0,3.0,2.0,0.0,1.0,1210000.0,0.0,1.0
8640000.0,24.0,51.0,4500000.0,300000.0,300000.0,12.0,5.0,0.0,2.0,2030437.0,1.0,0.0
2214200.4,10.0,36.0,3900000.0,1200000.0,190338.0,8.0,7.0,0.0,0.0,3453174.0,1.0,0.0
2908800.0,36.0,55.0,5520000.0,3379000.0,103723.0,14.0,9.0,0.0,2.0,3036869.0,1.0,0.0
2349999.6,8.0,49.0,5000000.0,4000000.0,266771.0,4.0,1.0,0.0,1.0,1210000.0,0.0,1.0
718800.0,10.0,56.0,2200000.0,1500000.0,66468.0,8.0,5.0,1.0,1.0,1210000.0,1.0,0.0
3588000.0,18.0,57.0,5000000.0,2000000.0,199058.0,25.0,15.0,6.0,0.0,1000000.0,0.0,1.0
905691.6,10.0,45.0,5243000.0,2465000.0,80696.0,7.0,4.0,1.0,1.0,2315262.0,1.0,0.0
1295880.0,6.0,37.0,1450000.0,37000.0,195727.0,1.0,1.0,0.0,0.0,1210000.0,1.0,0.0
878880.0,2.0,61.0,4000000.0,2000000.0,346790.0,8.0,4.0,0.0,2.0,1210000.0,0.0,1.0
1779478.8,12.0,58.0,2000000.0,300000.0,123575.0,2.0,2.0,0.0,0.0,916148.0,1.0,0.0
1477653.5999999999,9.0,40.0,4437982.0,3000000.0,137802.0,6.0,3.0,0.0,0.0,4594880.0,1.0,0.0
3588486.0,11.0,41.0,5000000.0,2500000.0,280470.0,4.0,2.0,0.0,0.0,5000000.0,1.0,0.0
1872000.0,12.0,39.0,30285.0,663000.0,151265.0,4.0,3.0,0.0,0.0,30285.0,0.0,1.0
1473360.0,12.0,24.0,1700000.0,1000000.0,115602.0,5.0,2.0,0.0,2.0,1196182.0,1.0,0.0
3467640.0,8.0,57.0,3500000.0,1200000.0,393302.0,7.0,4.0,0.0,0.0,908526.0,0.0,1.0
1657080.0,24.0,31.0,1400000.0,400000.0,72844.0,7.0,5.0,0.0,1.0,1308500.0,1.0,0.0
878880.0,5.0,64.0,5000000.0,2000000.0,142747.0,5.0,2.0,0.0,2.0,316667.0,1.0,0.0
2149080.0,6.0,56.0,1100000.0,200000.0,318979.0,9.0,2.0,0.0,3.0,469405.0,1.0,0.0
1415880.0,6.0,27.0,1800000.0,0.0,210440.0,2.0,0.0,0.0,1.0,1210000.0,1.0,0.0
1269000.0,8.0,38.0,4000000.0,1000000.0,131953.0,6.0,0.0,0.0,6.0,1210000.0,0.0,1.0
618720.0,10.0,44.0,1500000.0,500000.0,57193.0,3.0,1.0,0.0,1.0,1210000.0,0.0,1.0
1175257.2,12.0,43.0,8000000.0,1800000.0,92496.0,6.0,4.0,0.0,0.0,33119.0,0.0,1.0
8400000.0,6.0,20.0,15000000.0,3000000.0,1248763.0,2.0,1.0,0.0,1.0,1210000.0,0.0,1.0
3219840.0,12.0,35.0,2710000.0,1146000.0,259161.0,6.0,4.0,0.0,1.0,2000000.0,1.0,0.0
8857200.0,36.0,51.0,2310000.0,583000.0,338078.0,7.0,2.0,1.0,2.0,309334.0,1.0,0.0
1820280.0,12.0,65.0,4000000.0,2000000.0,126408.0,6.0,1.0,0.0,1.0,2377820.0,1.0,0.0
1223880.0,12.0,48.0,4000000.0,400000.0,84992.0,6.0,4.0,0.0,0.0,1055700.0,1.0,0.0
1271640.0,12.0,55.0,3500000.0,500000.0,88308.0,10.0,7.0,1.0,0.0,1210000.0,0.0,1.0
1163461.2,12.0,39.0,1200000.0,600000.0,92795.0,0.0,0.0,0.0,0.0,1210000.0,1.0,0.0
864000.0,8.0,46.0,2030000.0,0.0,102471.0,2.0,1.0,0.0,0.0,1210069.0,1.0,0.0
1016400.0,6.0,43.0,1800000.0,800000.0,150701.0,0.0,0.0,0.0,0.0,1210000.0,1.0,0.0
2038140.0,6.0,63.0,2504520.0,587000.0,302167.0,6.0,5.0,1.0,0.0,2663853.0,1.0,0.0
1386960.0,24.0,32.0,4756000.0,119000.0,68247.0,4.0,1.0,0.0,1.0,903333.0,1.0,0.0
480000.0,6.0,64.0,2000000.0,580000.0,71242.0,9.0,3.0,0.0,6.0,91777.0,1.0,0.0
899880.0,10.0,43.0,6000000.0,2500000.0,83271.0,10.0,5.0,1.0,2.0,1285593.0,1.0,0.0
3681720.0,10.0,55.0,2200000.0,1000000.0,341172.0,5.0,2.0,3.0,0.0,2087079.0,1.0,0.0
661164.0,6.0,41.0,6500000.0,500000.0,98134.0,1.0,0.0,0.0,0.0,2164053.0,1.0,0.0
1052400.0,6.0,46.0,877000.0,3000000.0,156831.0,7.0,2.0,0.0,4.0,1210000.0,0.0,1.0
3227893.1999999997,36.0,37.0,2700000.0,700000.0,106382.0,3.0,1.0,0.0,1.0,925157.0,1.0,0.0
1896000.0,6.0,30.0,6000000.0,2000000.0,281800.0,6.0,3.0,1.0,0.0,925157.0,0.0,1.0
2836440.0,12.0,29.0,3503000.0,1788000.0,234385.0,3.0,0.0,0.0,2.0,1125000.0,1.0,0.0
6098400.0,36.0,37.0,6000000.0,3000000.0,205841.0,7.0,3.0,0.0,2.0,1800000.0,1.0,0.0
3499999.1999999997,12.0,56.0,5000000.0,4000000.0,273718.0,4.0,2.0,0.0,0.0,1210000.0,1.0,0.0
1769017.2,10.0,56.0,3000000.0,1800000.0,150592.0,1.0,0.0,1.0,0.0,1210000.0,0.0,1.0
1680000.0,6.0,64.0,3000000.0,1000000.0,250767.0,4.0,3.0,1.0,0.0,954797.0,1.0,0.0
2065824.0,6.0,26.0,3000000.0,1000000.0,306271.0,1.0,0.0,0.0,0.0,1210000.0,0.0,1.0
1392000.0,6.0,31.0,3410000.0,668000.0,210244.0,6.0,2.0,2.0,1.0,1210000.0,0.0,1.0
1066560.0,6.0,49.0,7000000.0,850000.0,160338.0,10.0,5.0,0.0,2.0,961885.0,0.0,1.0
1552501.2,6.0,34.0,2969000.0,9946000.0,236859.0,4.0,2.0,0.0,1.0,1210000.0,0.0,1.0
1649280.0,6.0,33.0,4100000.0,0.0,244963.0,2.0,1.0,0.0,0.0,1210000.0,0.0,1.0
2160000.0,12.0,62.0,3200000.0,800000.0,169685.0,7.0,5.0,0.0,0.0,1210000.0,1.0,0.0
1917600.0,6.0,51.0,7000000.0,3500000.0,284816.0,6.0,3.0,1.0,1.0,903132.0,0.0,1.0
3118081.1999999997,36.0,26.0,1310000.0,255000.0,107760.0,8.0,2.0,0.0,5.0,1170833.0,1.0,0.0
1643878.8,12.0,30.0,3500000.0,1500000.0,129299.0,5.0,4.0,0.0,0.0,1765668.0,1.0,0.0
1800000.0,24.0,48.0,1600000.0,450000.0,78689.0,8.0,3.0,0.0,5.0,1210000.0,1.0,0.0
1499356.8,6.0,63.0,4000000.0,550000.0,222898.0,4.0,1.0,0.0,3.0,1210000.0,1.0,0.0
1792080.0,6.0,37.0,12000000.0,5000000.0,266415.0,9.0,4.0,0.0,2.0,1210000.0,0.0,1.0
2644800.0,12.0,52.0,8000000.0,1000000.0,207514.0,8.0,0.0,0.0,3.0,923771.0,1.0,0.0
560120.4,9.0,62.0,2000000.0,1000000.0,52486.0,4.0,1.0,1.0,1.0,946640.0,1.0,0.0
3340980.0,12.0,22.0,1500000.0,510000.0,262155.0,3.0,2.0,1.0,0.0,1168424.0,1.0,0.0
4949282.399999999,12.0,45.0,2740000.0,1061000.0,394744.0,5.0,1.0,0.0,1.0,1470484.0,1.0,0.0
2352000.0,6.0,39.0,3178000.0,1170000.0,361571.0,4.0,3.0,0.0,1.0,1843692.0,1.0,0.0
1769518.8,12.0,59.0,2800000.0,500000.0,139194.0,4.0,2.0,0.0,1.0,1210000.0,1.0,0.0
2464522.8,10.0,57.0,3615000.0,1626000.0,217341.0,10.0,8.0,0.0,0.0,854263.0,1.0,0.0
1176000.0,6.0,40.0,2700000.0,500000.0,174668.0,4.0,3.0,0.0,1.0,2989204.0,1.0,0.0
3450364.8,3.0,47.0,5000000.0,3000000.0,915656.0,12.0,3.0,0.0,9.0,1427131.0,1.0,0.0
2672028.0,12.0,49.0,5000000.0,1500000.0,185558.0,1.0,0.0,0.0,0.0,3100209.0,0.0,1.0
1418160.0,6.0,29.0,2500000.0,1000000.0,210635.0,4.0,1.0,0.0,3.0,1210000.0,1.0,0.0
1041120.0,18.0,54.0,1800000.0,800000.0,57363.0,3.0,3.0,0.0,0.0,961885.0,1.0,0.0
1498992.0,2.0,45.0,5000000.0,2000000.0,591041.0,5.0,1.0,0.0,2.0,916148.0,0.0,1.0
925086.0,6.0,45.0,1000000.0,750000.0,137338.0,1.0,0.0,0.0,1.0,1029289.0,1.0,0.0
1513604.4,10.0,34.0,3000000.0,1600000.0,128377.0,14.0,9.0,1.0,1.0,1397131.0,1.0,0.0
1955880.0,10.0,34.0,2000000.0,150000.0,183330.0,4.0,2.0,0.0,2.0,1110000.0,1.0,0.0
1994400.0,12.0,58.0,1800000.0,800000.0,156689.0,9.0,6.0,0.0,0.0,1037394.0,1.0,0.0
1127880.0,8.0,61.0,4060000.0,1006000.0,130232.0,9.0,4.0,2.0,1.0,3300333.0,1.0,0.0
3238680.0,6.0,29.0,6500000.0,2800000.0,481032.0,33.0,31.0,0.0,0.0,966667.0,1.0,0.0
3763630.8,9.0,52.0,5000000.0,1500000.0,352332.0,7.0,4.0,0.0,0.0,1517766.0,1.0,0.0
5786521.2,10.0,122.0,2500000.0,1900000.0,533463.0,0.0,0.0,0.0,0.0,1210000.0,1.0,0.0
3896640.0,24.0,32.0,2500000.0,400000.0,135300.0,3.0,2.0,0.0,1.0,1265277.0,0.0,1.0
1106797.2,6.0,48.0,3890000.0,2274000.0,165758.0,10.0,6.0,0.0,2.0,850000.0,0.0,1.0
1469666.4,10.0,44.0,3500000.0,215000.0,137775.0,6.0,5.0,0.0,1.0,1506057.0,0.0,1.0
2419717.1999999997,11.0,59.0,3100000.0,1500000.0,188583.0,2.0,2.0,0.0,0.0,1210000.0,1.0,0.0
2289360.0,12.0,39.0,1600000.0,500000.0,179638.0,7.0,2.0,1.0,1.0,1002551.0,1.0,0.0
4212000.0,12.0,46.0,5000000.0,1000000.0,333913.0,9.0,6.0,0.0,0.0,933473.0,1.0,0.0
3600000.0,36.0,31.0,2285000.0,407000.0,141133.0,6.0,0.0,3.0,0.0,2350946.0,1.0,0.0
1606455.5999999999,8.0,43.0,1400000.0,500000.0,182576.0,3.0,2.0,0.0,0.0,1439735.0,1.0,0.0
5543917.2,36.0,54.0,4300000.0,807000.0,199172.0,3.0,2.0,0.0,1.0,5960882.0,1.0,0.0
2645760.0,12.0,22.0,1400000.0,500000.0,207345.0,2.0,1.0,0.0,0.0,1135279.0,1.0,0.0
1787940.0,18.0,43.0,9500000.0,4000000.0,98958.0,8.0,6.0,0.0,1.0,2937500.0,0.0,1.0
3600000.0,6.0,50.0,5840000.0,2180000.0,548330.0,5.0,2.0,1.0,0.0,992377.0,1.0,0.0
3543361.1999999997,12.0,30.0,2000000.0,1000000.0,246067.0,5.0,3.0,0.0,0.0,3277134.0,1.0,0.0
1450628.4,9.0,42.0,1200000.0,600000.0,135476.0,0.0,0.0,0.0,0.0,1210000.0,0.0,1.0
1710721.2,12.0,36.0,2120000.0,151000.0,138555.0,2.0,1.0,0.0,1.0,1014633.0,1.0,0.0
1175040.0,12.0,36.0,2000000.0,500000.0,92082.0,1.0,0.0,0.0,0.0,1210000.0,1.0,0.0
1269000.0,3.0,39.0,5000000.0,2000000.0,336898.0,11.0,8.0,0.0,1.0,30285.0,0.0,1.0
1101600.0,12.0,34.0,3500000.0,1800000.0,86699.0,4.0,1.0,0.0,1.0,933473.0,0.0,1.0
2121240.0,6.0,59.0,6970000.0,3308000.0,319286.0,8.0,3.0,2.0,2.0,1687727.0,1.0,0.0
1206639.5999999999,6.0,36.0,2200000.0,700000.0,180711.0,5.0,2.0,0.0,2.0,818674.0,1.0,0.0
920400.0,6.0,55.0,3000000.0,2000000.0,136829.0,9.0,2.0,0.0,3.0,908526.0,1.0,0.0
1199280.0,6.0,27.0,1844000.0,1374000.0,179609.0,8.0,4.0,0.0,2.0,1083869.0,1.0,0.0
3375000.0,6.0,37.0,3280000.0,499000.0,508000.0,2.0,1.0,0.0,1.0,1210000.0,0.0,1.0
1869600.0,10.0,60.0,1200000.0,400000.0,172993.0,3.0,1.0,0.0,1.0,931394.0,1.0,0.0
1396681.2,6.0,40.0,2500000.0,600000.0,193984.0,10.0,4.0,0.0,1.0,1210000.0,0.0,1.0
4637400.0,36.0,34.0,1000000.0,536000.0,160193.0,3.0,3.0,0.0,0.0,966736.0,1.0,0.0
696000.0,12.0,52.0,2900000.0,500000.0,54839.0,5.0,3.0,0.0,2.0,3044054.0,1.0,0.0
8352000.0,6.0,53.0,28000000.0,15000000.0,1241628.0,6.0,3.0,0.0,3.0,1210000.0,0.0,1.0
3150078.0,10.0,49.0,6000000.0,2500000.0,267175.0,14.0,4.0,0.0,9.0,1210000.0,1.0,0.0
3600000.0,36.0,58.0,7145000.0,2996000.0,136947.0,9.0,7.0,0.0,1.0,2686801.0,1.0,0.0
4756800.0,12.0,63.0,6000000.0,2000000.0,372766.0,9.0,6.0,0.0,0.0,9573086.0,1.0,0.0
1540652.4,9.0,40.0,3850000.0,2650000.0,144090.0,3.0,1.0,1.0,0.0,688965.0,0.0,1.0
3420720.0,8.0,31.0,4000000.0,1500000.0,388297.0,3.0,3.0,0.0,0.0,1210000.0,1.0,0.0
3756260.4,36.0,60.0,3236000.0,958000.0,146875.0,3.0,0.0,1.0,1.0,1210000.0,1.0,0.0
2111641.1999999997,12.0,37.0,1500000.0,700000.0,146642.0,2.0,0.0,0.0,1.0,916148.0,0.0,1.0
1380001.2,10.0,51.0,1300000.0,600000.0,117230.0,2.0,0.0,0.0,2.0,931394.0,1.0,0.0
6412116.0,6.0,52.0,6540000.0,304000.0,950636.0,6.0,4.0,0.0,0.0,1210000.0,0.0,1.0
1287464.4,10.0,31.0,3000000.0,1500000.0,109311.0,2.0,0.0,0.0,2.0,916841.0,0.0,1.0
821208.0,2.0,20.0,5000000.0,2000000.0,324034.0,7.0,2.0,0.0,3.0,954263.0,0.0,1.0
2292963.6,12.0,62.0,1000000.0,400000.0,180369.0,8.0,4.0,0.0,1.0,1522921.0,1.0,0.0
1604400.0,5.0,41.0,4000000.0,2000000.0,260206.0,6.0,2.0,1.0,3.0,923771.0,0.0,1.0
413712.0,6.0,21.0,1800000.0,112000.0,63479.0,4.0,0.0,0.0,2.0,1050000.0,1.0,0.0
1078800.0,8.0,33.0,1940000.0,734000.0,125926.0,6.0,1.0,0.0,4.0,1126150.0,1.0,0.0
3600000.0,12.0,26.0,1200000.0,500000.0,282461.0,3.0,2.0,0.0,1.0,908526.0,1.0,0.0
3600000.0,12.0,44.0,3800000.0,1200000.0,283330.0,3.0,1.0,0.0,1.0,1000000.0,0.0,1.0
1820214.0,10.0,67.0,2600000.0,650000.0,154787.0,3.0,1.0,0.0,1.0,939017.0,1.0,0.0
1601151.5999999999,10.0,51.0,3000000.0,1800000.0,137639.0,11.0,4.0,0.0,2.0,3933679.0,1.0,0.0
2562301.1999999997,11.0,29.0,5760000.0,4650000.0,200151.0,1.0,1.0,0.0,0.0,5730978.0,1.0,0.0
1521600.0,12.0,39.0,2400000.0,900000.0,118997.0,7.0,4.0,0.0,1.0,3780184.0,1.0,0.0
1269480.0,12.0,24.0,1200000.0,400000.0,99612.0,2.0,2.0,0.0,0.0,1229042.0,1.0,0.0
2351040.0,12.0,27.0,3000000.0,500000.0,184125.0,1.0,1.0,0.0,0.0,3331481.0,1.0,0.0
2497574.4,10.0,51.0,3500000.0,2000000.0,211833.0,7.0,4.0,0.0,1.0,858052.0,0.0,1.0
1484818.8,12.0,33.0,2500000.0,150000.0,116363.0,6.0,3.0,0.0,0.0,1210000.0,1.0,0.0
940800.0,12.0,38.0,1940000.0,321000.0,76668.0,1.0,1.0,0.0,0.0,1000000.0,1.0,0.0
623880.0,6.0,26.0,3600000.0,2700000.0,86650.0,2.0,1.0,0.0,0.0,1387588.0,1.0,0.0
1226595.5999999999,10.0,40.0,1350000.0,7009000.0,105514.0,10.0,6.0,0.0,2.0,1350000.0,1.0,0.0
1736228.4,11.0,30.0,1000000.0,500000.0,135315.0,0.0,0.0,0.0,0.0,917673.0,1.0,0.0
1380055.2,4.0,36.0,3000000.0,2000000.0,277597.0,1.0,0.0,0.0,1.0,1413333.0,1.0,0.0
1305019.2,10.0,57.0,4000000.0,2500000.0,110686.0,4.0,4.0,0.0,0.0,916148.0,0.0,1.0
821208.0,3.0,34.0,5000000.0,2000000.0,218017.0,12.0,8.0,0.0,2.0,1651752.0,0.0,1.0
1115761.2,12.0,28.0,2000000.0,650000.0,87550.0,7.0,1.0,0.0,2.0,2122990.0,1.0,0.0
1848600.0,6.0,58.0,5000000.0,2000000.0,274568.0,7.0,2.0,3.0,0.0,5011916.0,1.0,0.0
1604400.0,5.0,46.0,4000000.0,2000000.0,260055.0,7.0,3.0,0.0,2.0,1356250.0,0.0,1.0
2262907.1999999997,10.0,50.0,3000000.0,1500000.0,208290.0,9.0,4.0,0.0,3.0,1210000.0,1.0,0.0
3501033.6,8.0,38.0,20000000.0,8000000.0,399990.0,14.0,11.0,0.0,1.0,950105.0,0.0,1.0
947881.2,12.0,32.0,2838375.0,1469000.0,75601.0,10.0,4.0,2.0,4.0,3176146.0,1.0,0.0
390663.6,6.0,50.0,1430000.0,72000.0,59405.0,3.0,1.0,0.0,2.0,992377.0,1.0,0.0
1311600.0,8.0,56.0,3800000.0,1300000.0,151194.0,5.0,2.0,0.0,2.0,1210000.0,0.0,1.0
1180376.4,10.0,43.0,7000000.0,4000000.0,100482.0,10.0,9.0,0.0,0.0,1348554.0,0.0,1.0
1665241.2,6.0,34.0,1620000.0,0.0,251514.0,1.0,1.0,0.0,0.0,1457363.0,1.0,0.0
1435173.5999999999,12.0,40.0,3190000.0,629000.0,119424.0,4.0,0.0,1.0,2.0,1000000.0,1.0,0.0
825600.0,6.0,43.0,3760000.0,1431000.0,125121.0,9.0,8.0,0.0,1.0,977131.0,0.0,1.0
1119180.0,6.0,27.0,1410000.0,0.0,170173.0,2.0,2.0,0.0,0.0,3000000.0,1.0,0.0
1920000.0,12.0,62.0,2500000.0,1000000.0,151760.0,5.0,5.0,0.0,0.0,1461194.0,1.0,0.0
3516841.1999999997,12.0,34.0,1880000.0,400000.0,244225.0,1.0,0.0,0.0,0.0,1702660.0,1.0,0.0
1062840.0,6.0,69.0,1600000.0,700000.0,157573.0,1.0,0.0,0.0,0.0,503709.0,1.0,0.0
2492400.0,6.0,30.0,2599000.0,0.0,373271.0,5.0,2.0,0.0,1.0,1558400.0,1.0,0.0
3231908.4,7.0,122.0,10882091.0,1326704.0,379618.0,0.0,0.0,0.0,0.0,1210000.0,1.0,0.0
4532400.0,36.0,49.0,5092000.0,1105000.0,171015.0,4.0,4.0,0.0,0.0,1600000.0,1.0,0.0
3048000.0,6.0,51.0,6000000.0,4000000.0,453123.0,5.0,0.0,0.0,0.0,30285.0,0.0,1.0
2739888.0,12.0,34.0,1580000.0,320000.0,214722.0,5.0,0.0,1.0,0.0,1135051.0,1.0,0.0
1131320.4,9.0,122.0,8252584000.0,3147612000.0,107025.0,0.0,0.0,0.0,0.0,1210000.0,1.0,0.0
1224000.0,6.0,39.0,1400000.0,600000.0,182086.0,2.0,2.0,0.0,0.0,1116666.0,1.0,0.0
3272640.0,12.0,35.0,6080770.0,1851000.0,261018.0,4.0,3.0,0.0,0.0,6080770.0,1.0,0.0
3116400.0,12.0,28.0,3400000.0,1500000.0,244025.0,5.0,3.0,1.0,0.0,2772750.0,1.0,0.0
4075200.0,36.0,28.0,1920000.0,735000.0,145284.0,4.0,3.0,0.0,0.0,977500.0,1.0,0.0
4671121.2,24.0,36.0,13000000.0,4000000.0,205299.0,13.0,9.0,0.0,0.0,9507321.0,1.0,0.0
901382.4,10.0,33.0,1300000.0,400000.0,76331.0,14.0,2.0,0.0,9.0,1210000.0,1.0,0.0
4372320.0,6.0,30.0,8470000.0,5715000.0,661230.0,18.0,8.0,0.0,7.0,6365586.0,1.0,0.0
1680000.0,4.0,33.0,5000000.0,2000000.0,337521.0,10.0,6.0,0.0,3.0,931394.0,0.0,1.0
3544756.8,11.0,56.0,2900000.0,2000000.0,276264.0,5.0,2.0,0.0,3.0,1210000.0,0.0,1.0
3934958.4,9.0,27.0,3200000.0,1500000.0,368723.0,1.0,1.0,0.0,0.0,1000000.0,1.0,0.0
1756839.5999999999,11.0,43.0,3200000.0,1400000.0,136843.0,4.0,1.0,0.0,3.0,1210000.0,0.0,1.0
1848000.0,6.0,53.0,2800000.0,900000.0,275394.0,6.0,5.0,0.0,1.0,1000000.0,0.0,1.0
4263600.0,18.0,49.0,1100000.0,300000.0,234914.0,6.0,0.0,1.0,3.0,810943.0,1.0,0.0
586680.0,5.0,44.0,5000000.0,2000000.0,95233.0,11.0,3.0,0.0,6.0,1210000.0,0.0,1.0
6653080.8,10.0,31.0,2000000.0,779000.0,576792.0,11.0,3.0,0.0,5.0,38106581.0,1.0,0.0
1269000.0,5.0,66.0,5000000.0,2000000.0,205810.0,9.0,5.0,0.0,4.0,1210000.0,0.0,1.0
5330280.0,24.0,41.0,1840000.0,656000.0,248030.0,7.0,2.0,0.0,4.0,1424277.0,1.0,0.0
1510800.0,6.0,66.0,1400000.0,600000.0,224082.0,10.0,7.0,1.0,2.0,1293436.0,1.0,0.0
3145560.0,6.0,44.0,5000000.0,600000.0,468760.0,3.0,2.0,0.0,0.0,4661604.0,1.0,0.0
1583641.2,6.0,40.0,1720000.0,1641000.0,239189.0,8.0,5.0,0.0,0.0,1210000.0,1.0,0.0
6828866.399999999,12.0,32.0,2800000.0,1300000.0,534155.0,6.0,2.0,3.0,1.0,1210000.0,0.0,1.0
3196298.4,10.0,31.0,2819000.0,1400000.0,271522.0,5.0,3.0,1.0,0.0,2623113.0,1.0,0.0
2944329.6,12.0,53.0,8000000.0,1200000.0,231607.0,5.0,2.0,0.0,1.0,1210000.0,0.0,1.0
2178000.0,12.0,41.0,1600000.0,950000.0,170889.0,7.0,2.0,0.0,2.0,1205833.0,1.0,0.0
2135880.0,6.0,24.0,6000000.0,1800000.0,318314.0,3.0,1.0,0.0,1.0,1375800.0,1.0,0.0
2537880.0,12.0,62.0,3500000.0,1500000.0,176242.0,9.0,6.0,0.0,2.0,1210000.0,0.0,1.0
976638.0,10.0,28.0,2000000.0,1000000.0,82921.0,5.0,0.0,3.0,2.0,1658310.0,1.0,0.0
573600.0,6.0,24.0,1500000.0,1000000.0,86431.0,1.0,1.0,0.0,0.0,1358556.0,1.0,0.0
1735200.0,6.0,40.0,908526.0,649000.0,261180.0,5.0,0.0,0.0,5.0,966736.0,0.0,1.0
1606172.4,9.0,40.0,4600000.0,2000000.0,150003.0,2.0,1.0,0.0,0.0,5536025.0,1.0,0.0
360000.0,6.0,38.0,4000000.0,1560000.0,54116.0,3.0,3.0,0.0,0.0,1210000.0,0.0,1.0
508560.0,6.0,49.0,5000000.0,1500000.0,75404.0,15.0,6.0,1.0,7.0,908526.0,0.0,1.0
3132000.0,6.0,48.0,908526.0,4275000.0,471471.0,9.0,2.0,1.0,0.0,966736.0,0.0,1.0
528000.0,6.0,38.0,1800000.0,720000.0,78494.0,7.0,1.0,2.0,3.0,1825581.0,0.0,1.0
1348800.0,12.0,62.0,3800000.0,2150000.0,105829.0,1.0,1.0,0.0,0.0,908526.0,0.0,1.0
6000000.0,24.0,44.0,1000000.0,797000.0,274952.0,8.0,7.0,0.0,0.0,969508.0,0.0,1.0
2300781.6,9.0,44.0,5000000.0,4500000.0,214873.0,7.0,4.0,0.0,0.0,1402545.0,0.0,1.0
2834040.0,20.0,30.0,3500000.0,800000.0,144037.0,8.0,6.0,0.0,1.0,1769458.0,0.0,1.0
4200000.0,6.0,46.0,3000000.0,1800000.0,624240.0,11.0,7.0,0.0,3.0,1500000.0,1.0,0.0
1559880.0,8.0,63.0,1850000.0,0.0,183482.0,2.0,0.0,0.0,1.0,1743658.0,1.0,0.0
444000.0,6.0,25.0,1450000.0,100000.0,66902.0,1.0,0.0,0.0,1.0,1414129.0,1.0,0.0
936480.0,6.0,50.0,2000000.0,1000000.0,128003.0,5.0,4.0,0.0,0.0,954263.0,1.0,0.0
1786681.2,12.0,43.0,1800000.0,900000.0,140544.0,12.0,3.0,1.0,6.0,1337327.0,1.0,0.0
1521682.8,4.0,39.0,5000000.0,2000000.0,306086.0,7.0,4.0,0.0,2.0,950105.0,0.0,1.0
878880.0,7.0,41.0,5000000.0,2000000.0,103752.0,7.0,3.0,0.0,2.0,1540364.0,0.0,1.0
3442561.1999999997,12.0,47.0,4500000.0,1000000.0,270463.0,5.0,2.0,0.0,0.0,1210000.0,1.0,0.0
1381225.2,10.0,38.0,1500000.0,800000.0,117888.0,7.0,5.0,0.0,2.0,1231148.0,1.0,0.0
5467141.2,10.0,56.0,3500000.0,1000000.0,505342.0,4.0,2.0,0.0,1.0,977131.0,0.0,1.0
3016680.0,8.0,64.0,1500000.0,800000.0,343912.0,7.0,5.0,0.0,1.0,946640.0,1.0,0.0
1728000.0,8.0,23.0,4260000.0,1945000.0,199800.0,4.0,3.0,0.0,0.0,1210000.0,1.0,0.0
