num__capital_prestado,num__plazo_meses,num__edad_cliente,num__salario_cliente,num__total_otros_prestamos,num__cuota_pactada,num__cant_creditosvigentes,num__creditos_sectorFinanciero,num__creditos_sectorCooperativo,num__creditos_sectorReal,num__promedio_ingresos_datacredito,cat__tipo_laboral_Empleado,cat__tipo_laboral_Independiente
2201137.1999999997,10.0,35.0,1900000.0,1300000.0,186984.0,0.0,0.0,0.0,0.0,1376649.0,1.0,0.0
990060.0,12.0,35.0,4000000.0,1500000.0,77538.0,6.0,4.0,0.0,1.0,4331963.0,1.0,0.0
2391360.0,12.0,27.0,1900000.0,450000.0,166067.0,6.0,3.0,0.0,0.0,1586622.0,1.0,0.0
1929896.4,6.0,57.0,9000000.0,3000000.0,287616.0,3.0,2.0,0.0,0.0,800000.0,1.0,0.0
1608000.0,12.0,59.0,1300000.0,150000.0,127114.0,5.0,0.0,0.0,4.0,1210000.0,0.0,1.0
821208.0,5.0,38.0,5000000.0,2000000.0,133380.0,13.0,4.0,0.0,3.0,946640.0,0.0,1.0
1783080.0,6.0,39.0,5200000.0,2000000.0,265719.0,4.0,2.0,0.0,1.0,1210000.0,1.0,0.0
4822471.2,5.0,32.0,2500000.0,1200000.0,783260.0,3.0,2.0,0.0,0.0,1016501.0,1.0,0.0
1269000.0,2.0,40.0,5000000.0,2000000.0,500798.0,2.0,1.0,0.0,1.0,954500.0,0.0,1.0
1245224.4,10.0,23.0,1400000.0,700000.0,105614.0,4.0,3.0,0.0,0.0,1210000.0,1.0,0.0
2028775.2,9.0,47.0,3000000.0,2000000.0,191805.0,3.0,2.0,0.0,0.0,2281781.0,1.0,0.0
821208.0,2.0,33.0,5000000.0,2000000.0,324034.0,5.0,2.0,0.0,2.0,1185530.0,0.0,1.0
2412600.0,6.0,41.0,8000000.0,3000000.0,335083.0,1.0,0.0,0.0,0.0,3193333.0,1.0,0.0
3101736.0,4.0,39.0,8000000.0,0.0,623004.0,10.0,5.0,0.0,2.0,908526.0,1.0,0.0
3974400.0,36.0,30.0,1400000.0,168000.0,137290.0,11.0,4.0,0.0,2.0,1236666.0,0.0,1.0
720000.0,6.0,65.0,3000000.0,600000.0,106940.0,1.0,0.0,0.0,0.0,1210000.0,1.0,0.0
1200000.0,6.0,57.0,3000000.0,1000000.0,166667.0,1.0,0.0,0.0,0.0,6703319.0,1.0,0.0
3384000.0,6.0,42.0,4000000.0,1600000.0,508692.0,10.0,9.0,0.0,0.0,1210000.0,0.0,1.0
599880.0,6.0,31.0,2500000.0,1200000.0,83317.0,5.0,3.0,0.0,0.0,916148.0,0.0,1.0
3910100.4,11.0,62.0,2500000.0,500000.0,304216.0,5.0,3.0,0.0,0.0,1210000.0,1.0,0.0
1530000.0,12.0,57.0,1000000.0,0.0,120120.0,6.0,0.0,0.0,6.0,1210000.0,0.0,1.0
1127880.0,6.0,37.0,4000000.0,2000000.0,156650.0,3.0,1.0,0.0,1.0,4000000.0,1.0,0.0
1998624.0,6.0,26.0,2630000.0,488000.0,301867.0,4.0,2.0,0.0,1.0,676873.0,1.0,0.0
1297920.0,6.0,41.0,3000000.0,1500000.0,193735.0,4.0,3.0,0.0,0.0,4572280.0,1.0,0.0
680280.0,6.0,30.0,4200000.0,800000.0,101138.0,3.0,0.0,0.0,3.0,1210000.0,0.0,1.0
957621.6,9.0,33.0,3000000.0,1000000.0,89434.0,9.0,6.0,0.0,1.0,905965.0,1.0,0.0
3317760.0,6.0,63.0,2600000.0,500000.0,494421.0,5.0,2.0,0.0,0.0,949069.0,1.0,0.0
2400000.0,8.0,40.0,4000000.0,2000000.0,272289.0,2.0,0.0,1.0,0.0,1210000.0,0.0,1.0
6000000.0,10.0,54.0,12000000.0,5000000.0,555177.0,9.0,5.0,0.0,4.0,1210000.0,0.0,1.0
1800000.0,6.0,36.0,2000000.0,1000000.0,267592.0,7.0,5.0,1.0,0.0,1146154.0,1.0,0.0
1260240.0,5.0,29.0,5000000.0,2000000.0,204746.0,10.0,4.0,0.0,5.0,31978.0,0.0,1.0
683880.0,12.0,23.0,1300000.0,400000.0,53818.0,4.0,0.0,0.0,4.0,908526.0,1.0,0.0
4187640.0,6.0,41.0,3500000.0,0.0,622967.0,7.0,0.0,0.0,6.0,3103000.0,1.0,0.0
2100000.0,12.0,34.0,6000000.0,2000000.0,165463.0,11.0,3.0,0.0,6.0,916841.0,1.0,0.0
600000.0,6.0,33.0,2500000.0,350000.0,89858.0,3.0,0.0,0.0,3.0,1218178.0,1.0,0.0
3807001.1999999997,12.0,35.0,5000000.0,1000000.0,264375.0,7.0,0.0,0.0,5.0,4696921.0,1.0,0.0
2191435.1999999997,10.0,45.0,3000000.0,1500000.0,186551.0,10.0,8.0,0.0,0.0,1210000.0,0.0,1.0
1680000.0,6.0,50.0,2500000.0,400000.0,249093.0,2.0,0.0,0.0,2.0,905733.0,0.0,1.0
1043880.0,6.0,53.0,1600000.0,200000.0,155150.0,3.0,0.0,0.0,3.0,1210000.0,0.0,1.0
1421530.8,10.0,68.0,3500000.0,1200000.0,120568.0,11.0,6.0,2.0,3.0,1210000.0,0.0,1.0
3835200.0,12.0,34.0,9000000.0,3500000.0,266333.0,7.0,4.0,0.0,0.0,916148.0,0.0,1.0
744000.0,6.0,30.0,2800000.0,0.0,111054.0,2.0,1.0,0.0,1.0,941789.0,0.0,1.0
2639878.8,12.0,44.0,7000000.0,2800000.0,207658.0,2.0,1.0,0.0,0.0,931394.0,1.0,0.0
1718041.2,12.0,45.0,2200000.0,500000.0,119308.0,4.0,3.0,0.0,0.0,911279.0,1.0,0.0
3942000.0,6.0,37.0,5660000.0,4861000.0,593344.0,6.0,4.0,0.0,1.0,3745463.0,1.0,0.0
3018555.6,12.0,45.0,6000000.0,2000000.0,237544.0,2.0,1.0,0.0,0.0,933473.0,0.0,1.0
2883918.0,10.0,37.0,3000000.0,1200000.0,245629.0,6.0,4.0,0.0,0.0,821995.0,1.0,0.0
2735816.4,12.0,38.0,3300000.0,700000.0,216908.0,6.0,3.0,0.0,2.0,2786666.0,1.0,0.0
1185660.0,3.0,40.0,4000000.0,2000000.0,314772.0,7.0,4.0,0.0,1.0,1105230.0,0.0,1.0
1970757.5999999999,9.0,58.0,5000000.0,1500000.0,184052.0,9.0,5.0,0.0,1.0,9539222.0,1.0,0.0
2389440.0,24.0,35.0,1000000.0,100000.0,104697.0,3.0,1.0,0.0,2.0,1210000.0,0.0,1.0
2314034.4,11.0,21.0,3932000.0,2482000.0,187857.0,4.0,1.0,0.0,2.0,1210000.0,0.0,1.0
2794068.0,11.0,38.0,3100000.0,1000000.0,217634.0,8.0,1.0,2.0,5.0,1210000.0,1.0,0.0
870704.4,12.0,28.0,6400000.0,0.0,71862.0,12.0,5.0,1.0,2.0,1110482.0,1.0,0.0
2294539.1999999997,10.0,28.0,3420000.0,755000.0,201310.0,3.0,2.0,0.0,0.0,1250000.0,0.0,1.0
998644.7999999999,24.0,31.0,1200000.0,800000.0,43690.0,2.0,0.0,1.0,0.0,1011788.0,1.0,0.0
2054280.0,12.0,36.0,2000000.0,400000.0,142658.0,1.0,1.0,0.0,0.0,1625000.0,1.0,0.0
1580280.0,6.0,22.0,1600000.0,500000.0,234308.0,3.0,1.0,0.0,1.0,849872.0,1.0,0.0
1225080.0,12.0,61.0,3600000.0,1200000.0,96417.0,11.0,6.0,1.0,2.0,2251832.0,1.0,0.0
912000.0,6.0,21.0,1500000.0,100000.0,135917.0,1.0,0.0,0.0,1.0,908526.0,0.0,1.0
1269000.0,2.0,50.0,5000000.0,2000000.0,500357.0,4.0,1.0,0.0,2.0,908526.0,0.0,1.0
2310025.1999999997,11.0,32.0,3500000.0,1500000.0,179726.0,3.0,1.0,0.0,1.0,908526.0,0.0,1.0
1466938.8,10.0,34.0,3000000.0,2000000.0,124615.0,6.0,5.0,0.0,0.0,3212633.0,1.0,0.0
3296280.0,18.0,45.0,1500000.0,400000.0,184839.0,7.0,4.0,0.0,0.0,954263.0,1.0,0.0
939480.0,6.0,57.0,3500000.0,2000000.0,139538.0,4.0,3.0,0.0,1.0,1210000.0,0.0,1.0
4680000.0,6.0,40.0,3000000.0,1500000.0,693362.0,4.0,0.0,0.0,1.0,908526.0,1.0,0.0
3100260.0,6.0,23.0,4000000.0,2000000.0,460892.0,5.0,3.0,0.0,1.0,733333.0,0.0,1.0
941878.7999999999,12.0,52.0,1390000.0,400000.0,65408.0,6.0,6.0,0.0,0.0,1277250.0,1.0,0.0
1126878.0,12.0,60.0,1000000.0,100000.0,88459.0,1.0,0.0,0.0,1.0,1043654.0,1.0,0.0
843304.7999999999,11.0,69.0,3300000.0,1400000.0,65686.0,4.0,3.0,0.0,1.0,4616436.0,0.0,1.0
1905153.5999999999,6.0,46.0,5000000.0,2000000.0,282256.0,8.0,0.0,3.0,0.0,1210000.0,0.0,1.0
1459894.8,10.0,21.0,1500000.0,800000.0,124603.0,1.0,0.0,0.0,0.0,1210000.0,1.0,0.0
2553742.8,11.0,46.0,3000000.0,2000000.0,201192.0,6.0,5.0,0.0,1.0,3846626.0,1.0,0.0
2775480.0,6.0,50.0,2800000.0,500000.0,411953.0,6.0,4.0,0.0,1.0,1210000.0,1.0,0.0
3778800.0,6.0,23.0,2200000.0,300000.0,562178.0,3.0,1.0,1.0,0.0,1418612.0,1.0,0.0
1201920.0,6.0,40.0,2000000.0,900000.0,178208.0,3.0,1.0,0.0,0.0,1810913.0,1.0,0.0
8496000.0,6.0,68.0,12000000.0,6000000.0,1262748.0,5.0,5.0,0.0,0.0,1210000.0,0.0,1.0
2138400.0,12.0,44.0,2000000.0,300000.0,167793.0,3.0,1.0,0.0,1.0,1210000.0,0.0,1.0
3336000.0,6.0,32.0,6000000.0,500000.0,495937.0,6.0,6.0,0.0,0.0,2316933.0,0.0,1.0
720000.0,6.0,35.0,8000000.0,2500000.0,107471.0,13.0,7.0,0.0,1.0,1210000.0,0.0,1.0
983404.7999999999,12.0,36.0,2390000.0,474000.0,80140.0,5.0,1.0,0.0,2.0,921363.0,0.0,1.0
1604400.0,2.0,28.0,5000000.0,2000000.0,632696.0,30.0,25.0,0.0,3.0,3271433.0,0.0,1.0
1826281.2,6.0,34.0,5500000.0,1000000.0,271438.0,8.0,4.0,1.0,0.0,6296382.0,1.0,0.0
1827480.0,12.0,38.0,2000000.0,590000.0,126908.0,5.0,2.0,0.0,2.0,616333.0,0.0,1.0
5961600.0,8.0,33.0,12000000.0,6000000.0,677596.0,12.0,5.0,0.0,5.0,895204.0,0.0,1.0
475200.0,6.0,47.0,1800000.0,400000.0,70580.0,7.0,1.0,3.0,3.0,1115188.0,1.0,0.0
3420720.0,6.0,55.0,5000000.0,3000000.0,508047.0,16.0,9.0,0.0,5.0,33334.0,0.0,1.0
5248310.399999999,11.0,53.0,6000000.0,2000000.0,408333.0,11.0,4.0,0.0,5.0,916148.0,0.0,1.0
5904000.0,6.0,38.0,6000000.0,1500000.0,877754.0,6.0,5.0,0.0,0.0,1210000.0,1.0,0.0
4800000.0,12.0,56.0,2500000.0,900000.0,333333.0,3.0,3.0,0.0,0.0,1816666.0,1.0,0.0
3091590.0,9.0,31.0,5600000.0,2400000.0,289696.0,6.0,3.0,0.0,0.0,6425688.0,1.0,0.0
1956000.0,24.0,24.0,2500000.0,150000.0,87159.0,4.0,0.0,0.0,4.0,1006060.0,1.0,0.0
1358520.0,6.0,62.0,1690000.0,98000.0,205188.0,2.0,1.0,0.0,1.0,1210000.0,0.0,1.0
1680000.0,12.0,33.0,1500000.0,700000.0,131824.0,3.0,2.0,0.0,1.0,1210000.0,0.0,1.0
964020.0,7.0,61.0,0.0,0.0,113978.0,1.0,1.0,0.0,0.0,615779.0,0.0,1.0
2601186.0,10.0,50.0,2900000.0,1800000.0,220968.0,3.0,2.0,0.0,0.0,3222188.0,1.0,0.0
1787880.0,12.0,55.0,10000000.0,4000000.0,124158.0,9.0,6.0,0.0,2.0,1968483.0,0.0,1.0
4068000.0,12.0,36.0,2000000.0,600000.0,319600.0,8.0,3.0,0.0,1.0,1210000.0,0.0,1.0
1540207.2,11.0,55.0,3000000.0,2500000.0,120928.0,5.0,3.0,1.0,1.0,1284518.0,0.0,1.0
889803.6,12.0,48.0,4500000.0,1800000.0,70541.0,7.0,4.0,0.0,0.0,4457948.0,1.0,0.0
1320000.0,12.0,31.0,3500000.0,1000000.0,103619.0,4.0,1.0,0.0,1.0,835844.0,0.0,1.0
2883840.0,12.0,32.0,2750000.0,1066000.0,230009.0,11.0,8.0,0.0,1.0,3039039.0,1.0,0.0
1675842.0,11.0,42.0,3200000.0,1000000.0,130608.0,6.0,1.0,1.0,4.0,1047068.0,0.0,1.0
2229120.0,6.0,23.0,2308000.0,819000.0,343471.0,7.0,2.0,0.0,4.0,1026666.0,0.0,1.0
1481194.8,11.0,59.0,1500000.0,700000.0,125405.0,3.0,2.0,0.0,0.0,1210000.0,0.0,1.0
756000.0,6.0,34.0,1600000.0,200000.0,113644.0,8.0,4.0,1.0,2.0,1270632.0,0.0,1.0
554432.4,12.0,48.0,1200000.0,300000.0,43613.0,8.0,2.0,0.0,3.0,1210000.0,0.0,1.0
2460960.0,24.0,32.0,2200000.0,650000.0,107584.0,8.0,2.0,6.0,0.0,2359858.0,1.0,0.0
999780.0,10.0,26.0,2000000.0,600000.0,92509.0,0.0,0.0,0.0,0.0,61000.0,1.0,0.0
2138400.0,10.0,55.0,1600000.0,400000.0,197669.0,4.0,1.0,0.0,2.0,1122763.0,1.0,0.0
4266360.0,6.0,51.0,3677644.0,1092000.0,638946.0,5.0,0.0,0.0,4.0,3677644.0,1.0,0.0
1528800.0,12.0,41.0,1500000.0,520000.0,120308.0,6.0,2.0,0.0,2.0,1103855.0,1.0,0.0
621168.0,6.0,33.0,1171000.0,55000.0,94298.0,2.0,0.0,0.0,2.0,1000000.0,0.0,1.0
2866652.4,9.0,38.0,7000000.0,1000000.0,268747.0,4.0,3.0,0.0,0.0,950105.0,0.0,1.0
3911952.0,10.0,33.0,6000000.0,4000000.0,333014.0,6.0,6.0,0.0,0.0,1210000.0,1.0,0.0
1734124.8,10.0,50.0,3500000.0,2000000.0,147621.0,7.0,7.0,0.0,0.0,2637150.0,1.0,0.0
639600.0,6.0,62.0,2734000.0,0.0,96378.0,1.0,1.0,0.0,0.0,1210000.0,0.0,1.0
2702100.0,12.0,28.0,1200000.0,600000.0,212289.0,1.0,1.0,0.0,0.0,1073813.0,1.0,0.0
2143394.4,10.0,45.0,10000000.0,2000000.0,181793.0,15.0,14.0,0.0,0.0,1500000.0,0.0,1.0
1522678.8,6.0,36.0,3500000.0,1200000.0,226928.0,9.0,4.0,0.0,4.0,3434515.0,1.0,0.0
1228800.0,24.0,58.0,2000000.0,1200000.0,53718.0,6.0,1.0,3.0,1.0,1898677.0,1.0,0.0
2778360.0,8.0,54.0,3000000.0,100000.0,315765.0,6.0,3.0,0.0,1.0,948611.0,1.0,0.0
1696618.8,11.0,51.0,1600000.0,1000000.0,132378.0,6.0,3.0,0.0,0.0,1296792.0,1.0,0.0
3349560.0,6.0,39.0,3000000.0,400000.0,499160.0,4.0,2.0,0.0,2.0,1210000.0,1.0,0.0
1200000.0,6.0,42.0,4000000.0,2000000.0,166667.0,10.0,5.0,1.0,0.0,916148.0,0.0,1.0
1903680.0,12.0,56.0,5000000.0,2000000.0,149549.0,2.0,1.0,1.0,0.0,1210000.0,0.0,1.0
1251480.0,12.0,57.0,4000000.0,850000.0,98931.0,11.0,5.0,0.0,1.0,1210000.0,0.0,1.0
1185660.0,4.0,29.0,5000000.0,2000000.0,238495.0,9.0,2.0,3.0,3.0,2531104.0,0.0,1.0
3600000.0,36.0,42.0,5000000.0,2000000.0,116400.0,13.0,8.0,0.0,1.0,908526.0,0.0,1.0
634657.2,6.0,53.0,4000000.0,1000000.0,94733.0,9.0,5.0,0.0,2.0,1030344.0,0.0,1.0
2356954.8,10.0,38.0,3500000.0,1500000.0,200431.0,5.0,4.0,0.0,1.0,908526.0,1.0,0.0
2475000.0,6.0,67.0,4000000.0,2000000.0,366682.0,7.0,3.0,0.0,1.0,1210000.0,0.0,1.0
1022031.6,6.0,27.0,3500000.0,1200000.0,139885.0,5.0,1.0,2.0,0.0,1487919.0,1.0,0.0
1251625.2,12.0,33.0,2200000.0,0.0,98265.0,2.0,2.0,0.0,0.0,2279631.0,1.0,0.0
2116800.0,12.0,56.0,1600000.0,250000.0,168859.0,6.0,3.0,0.0,1.0,1630595.0,1.0,0.0
1006680.0,10.0,57.0,1500000.0,500000.0,85382.0,1.0,1.0,0.0,0.0,615779.0,1.0,0.0
6627774.0,11.0,44.0,8000000.0,6000000.0,516542.0,0.0,0.0,0.0,0.0,2113565.0,1.0,0.0
1450441.2,8.0,41.0,2000000.0,800000.0,166406.0,2.0,1.0,0.0,1.0,1210000.0,0.0,1.0
1536000.0,12.0,32.0,3000000.0,600000.0,120575.0,1.0,0.0,0.0,1.0,1210000.0,1.0,0.0
2182842.0,11.0,45.0,2000000.0,900000.0,169831.0,5.0,3.0,1.0,1.0,1688263.0,1.0,0.0
3562102.8,9.0,29.0,3500000.0,1000000.0,332988.0,2.0,1.0,0.0,1.0,1293250.0,1.0,0.0
1560000.0,6.0,42.0,3000000.0,500000.0,234503.0,5.0,3.0,0.0,0.0,1210000.0,0.0,1.0
3859936.8,10.0,30.0,6500000.0,2849000.0,338649.0,10.0,7.0,0.0,2.0,9275000.0,1.0,0.0
2068440.0,6.0,54.0,14795278.0,4097000.0,311339.0,8.0,5.0,0.0,1.0,14795278.0,1.0,0.0
799680.0,11.0,53.0,3100000.0,1750000.0,62288.0,0.0,0.0,0.0,0.0,1210000.0,1.0,0.0
1872410.4,10.0,41.0,2300000.0,1500000.0,159059.0,10.0,9.0,0.0,0.0,1210000.0,1.0,0.0
4309704.0,4.0,122.0,202000000.0,744285000.0,870898.0,0.0,0.0,0.0,0.0,1210000.0,1.0,0.0
1128000.0,6.0,56.0,3000000.0,1000000.0,168108.0,4.0,0.0,2.0,1.0,1210000.0,1.0,0.0
6631657.2,9.0,40.0,5200000.0,3200000.0,622902.0,12.0,4.0,0.0,5.0,870929.0,0.0,1.0
2086560.0,10.0,60.0,1000000.0,200000.0,194100.0,4.0,1.0,0.0,0.0,1210000.0,0.0,1.0
2645280.0,12.0,52.0,2500000.0,600000.0,208169.0,2.0,1.0,0.0,1.0,1210000.0,0.0,1.0
3396782.4,5.0,122.0,16230060.0,7901589.0,551221.0,0.0,0.0,0.0,0.0,1210000.0,1.0,0.0
1632000.0,8.0,28.0,1000000.0,100000.0,185479.0,1.0,0.0,0.0,0.0,1118800.0,1.0,0.0
1690920.0,6.0,49.0,3810000.0,1491000.0,254515.0,4.0,2.0,0.0,0.0,1210000.0,0.0,1.0
822825.6,6.0,31.0,1900000.0,300000.0,123987.0,11.0,3.0,0.0,2.0,1210000.0,0.0,1.0
2492400.0,6.0,50.0,3000000.0,1000000.0,370189.0,5.0,1.0,1.0,2.0,933473.0,0.0,1.0
4632600.0,12.0,45.0,2500000.0,1000000.0,363033.0,7.0,1.0,0.0,4.0,916148.0,0.0,1.0
1535883.5999999999,6.0,59.0,4000000.0,500000.0,213317.0,12.0,7.0,1.0,3.0,2105976.0,1.0,0.0
2544000.0,12.0,27.0,2100000.0,1000000.0,199702.0,4.0,1.0,1.0,0.0,839698.0,1.0,0.0
720000.0,6.0,23.0,2300000.0,1000000.0,107303.0,3.0,2.0,0.0,0.0,1798333.0,1.0,0.0
6240000.0,6.0,34.0,2552000.0,659000.0,942474.0,6.0,3.0,0.0,0.0,1210000.0,0.0,1.0
11424000.0,6.0,48.0,10000000.0,1500000.0,1692689.0,10.0,2.0,0.0,5.0,908526.0,1.0,0.0
1498680.0,12.0,55.0,1800000.0,420000.0,117733.0,8.0,2.0,0.0,3.0,1210000.0,0.0,1.0
527880.0,6.0,28.0,2900000.0,1500000.0,78351.0,2.0,1.0,0.0,0.0,2304092.0,1.0,0.0
899460.0,6.0,39.0,1560000.0,237000.0,135180.0,2.0,0.0,0.0,2.0,1031737.0,0.0,1.0
2110705.1999999997,10.0,46.0,5500000.0,2200000.0,179678.0,3.0,2.0,0.0,0.0,946640.0,0.0,1.0
2630198.4,9.0,29.0,4500000.0,2500000.0,245638.0,0.0,0.0,0.0,0.0,2740531.0,1.0,0.0
1091880.0,6.0,28.0,2500000.0,800000.0,162174.0,3.0,0.0,0.0,2.0,1210000.0,0.0,1.0
840000.0,6.0,55.0,5000000.0,2000000.0,125802.0,6.0,4.0,0.0,0.0,1499400.0,0.0,1.0
510847.19999999995,6.0,35.0,1371000.0,0.0,77809.0,3.0,0.0,0.0,1.0,1210000.0,0.0,1.0
2778360.0,12.0,51.0,6000000.0,4000000.0,218262.0,8.0,5.0,1.0,0.0,5369253.0,1.0,0.0
1290838.8,8.0,32.0,3500000.0,1500000.0,146408.0,6.0,4.0,0.0,0.0,1150000.0,1.0,0.0
3227520.0,12.0,45.0,2500000.0,600000.0,224133.0,3.0,3.0,0.0,0.0,908526.0,1.0,0.0
1282680.0,6.0,63.0,1200000.0,300000.0,191460.0,1.0,0.0,0.0,1.0,954263.0,1.0,0.0
4648995.6,9.0,55.0,7992000.0,3108000.0,456701.0,10.0,6.0,1.0,1.0,6159769.0,1.0,0.0
2761737.6,11.0,49.0,4500000.0,2100000.0,233555.0,5.0,4.0,0.0,1.0,1966666.0,0.0,1.0
16151025.6,11.0,122.0,93000000.0,88000000.0,1363525.0,0.0,0.0,0.0,0.0,1210000.0,1.0,0.0
3792000.0,6.0,35.0,3280000.0,908000.0,570823.0,4.0,2.0,0.0,1.0,1308000.0,0.0,1.0
1143631.2,9.0,38.0,6000000.0,3500000.0,106652.0,10.0,4.0,5.0,1.0,923771.0,0.0,1.0
1188000.0,12.0,29.0,2000000.0,50000.0,93614.0,2.0,0.0,0.0,1.0,826876.0,0.0,1.0
4165980.0,12.0,50.0,8500000.0,5000000.0,327271.0,6.0,4.0,0.0,1.0,7446529.0,1.0,0.0
1643880.0,6.0,64.0,1500000.0,300000.0,245375.0,3.0,1.0,0.0,1.0,954263.0,1.0,0.0
1836000.0,6.0,51.0,5000000.0,1000000.0,272696.0,4.0,1.0,0.0,2.0,121137.0,0.0,1.0
3608966.4,9.0,34.0,9058000.0,17913000.0,350900.0,13.0,7.0,0.0,1.0,2500000.0,1.0,0.0
1176000.0,12.0,37.0,5300000.0,1500000.0,93795.0,4.0,0.0,2.0,0.0,3330529.0,1.0,0.0
1854490.8,10.0,37.0,2600000.0,500000.0,157289.0,7.0,3.0,1.0,2.0,1210000.0,1.0,0.0
1946400.0,6.0,27.0,2058000.0,2119000.0,291500.0,2.0,2.0,0.0,0.0,2038400.0,1.0,0.0
1269000.0,6.0,41.0,10000000.0,5000000.0,173395.0,13.0,7.0,0.0,4.0,31670.0,0.0,1.0
2410606.8,10.0,33.0,2600000.0,1300000.0,204456.0,4.0,4.0,0.0,0.0,2426180.0,1.0,0.0
360000.0,6.0,63.0,4210000.0,1302000.0,54651.0,7.0,4.0,0.0,2.0,977131.0,1.0,0.0
1967880.0,6.0,28.0,2200000.0,650000.0,294717.0,1.0,1.0,0.0,0.0,1210000.0,1.0,0.0
2061240.0,12.0,41.0,14465000.0,2060000.0,171333.0,7.0,3.0,0.0,4.0,1533333.0,0.0,1.0
1824000.0,6.0,39.0,4000000.0,0.0,270914.0,12.0,8.0,0.0,2.0,925157.0,0.0,1.0
1033293.6,12.0,42.0,1800000.0,380000.0,81683.0,4.0,0.0,0.0,4.0,908526.0,0.0,1.0
1684800.0,12.0,23.0,1800000.0,800000.0,132530.0,10.0,2.0,0.0,6.0,1021754.0,1.0,0.0
6531843.6,12.0,53.0,10000000.0,3000000.0,453600.0,4.0,2.0,0.0,0.0,908526.0,0.0,1.0
2697600.0,12.0,33.0,5000000.0,2500000.0,211935.0,6.0,3.0,0.0,1.0,1137373.0,1.0,0.0
2045880.0,12.0,28.0,2500000.0,1500000.0,142075.0,1.0,0.0,0.0,1.0,926820.0,1.0,0.0
1320000.0,6.0,66.0,1500000.0,300000.0,197688.0,2.0,0.0,0.0,2.0,1210000.0,0.0,1.0
4172960.4,10.0,122.0,3993836.0,10585960.0,354303.0,0.0,0.0,0.0,0.0,1210000.0,1.0,0.0
852000.0,10.0,35.0,2500000.0,1500000.0,78534.0,5.0,4.0,1.0,0.0,2086283.0,1.0,0.0
2382746.4,2.0,60.0,1700000.0,900000.0,939499.0,2.0,2.0,0.0,0.0,916841.0,1.0,0.0
1701000.0,12.0,27.0,1980000.0,367000.0,139867.0,3.0,0.0,0.0,2.0,984702.0,1.0,0.0
1816339.2,10.0,50.0,4660000.0,1216000.0,156244.0,4.0,3.0,0.0,1.0,1553389.0,1.0,0.0
551640.0,12.0,48.0,1800000.0,500000.0,38308.0,3.0,3.0,0.0,0.0,867229.0,1.0,0.0
1599012.0,10.0,52.0,5100000.0,3800000.0,135621.0,7.0,5.0,0.0,0.0,909000.0,1.0,0.0
2805360.0,12.0,39.0,2200000.0,700000.0,194817.0,6.0,6.0,0.0,0.0,1836968.0,1.0,0.0
1440000.0,12.0,36.0,1200000.0,400000.0,112776.0,12.0,6.0,0.0,3.0,136280.0,1.0,0.0
1919760.0,12.0,46.0,1600000.0,590000.0,133317.0,2.0,1.0,0.0,1.0,1210000.0,0.0,1.0
4200000.0,6.0,53.0,8000000.0,4000000.0,623365.0,7.0,5.0,0.0,1.0,908526.0,0.0,1.0
2219194.8,9.0,52.0,2500000.0,120000.0,208446.0,5.0,3.0,0.0,0.0,1210000.0,1.0,0.0
4398720.0,6.0,24.0,908526.0,4882000.0,652138.0,5.0,4.0,0.0,0.0,1211885.0,1.0,0.0
1604400.0,5.0,43.0,5000000.0,2000000.0,260282.0,12.0,6.0,0.0,4.0,1370411.0,0.0,1.0
3366144.0,6.0,33.0,1641000.0,0.0,504172.0,3.0,0.0,0.0,2.0,1210000.0,0.0,1.0
2755200.0,24.0,45.0,2400000.0,0.0,124123.0,4.0,0.0,1.0,1.0,1000000.0,0.0,1.0
3840348.0,10.0,63.0,2000000.0,500000.0,354602.0,6.0,1.0,2.0,2.0,1210000.0,0.0,1.0
2401579.1999999997,5.0,56.0,4000000.0,2000000.0,389835.0,7.0,2.0,1.0,1.0,933473.0,0.0,1.0
1994040.0,10.0,29.0,3085000.0,407000.0,192643.0,5.0,3.0,0.0,0.0,4007798.0,1.0,0.0
1258714.8,10.0,40.0,2000000.0,600000.0,116764.0,7.0,5.0,0.0,2.0,923771.0,0.0,1.0
1308000.0,10.0,33.0,3000000.0,700000.0,121982.0,4.0,2.0,0.0,1.0,865374.0,1.0,0.0
1652394.0,10.0,38.0,8000000.0,2500000.0,140148.0,18.0,1.0,0.0,13.0,1210000.0,1.0,0.0
1345318.8,10.0,38.0,7500000.0,5500000.0,114523.0,10.0,8.0,0.0,0.0,7922120.0,1.0,0.0
1224000.0,10.0,54.0,4000000.0,1200000.0,113144.0,8.0,1.0,0.0,5.0,1210000.0,0.0,1.0
1740000.0,24.0,26.0,1700000.0,900000.0,78411.0,3.0,2.0,0.0,0.0,2105767.0,1.0,0.0
2573472.0,12.0,54.0,3200000.0,0.0,202769.0,4.0,4.0,0.0,0.0,1210000.0,1.0,0.0
1880040.0,6.0,51.0,4906000.0,1010000.0,288062.0,9.0,3.0,0.0,4.0,6849505.0,1.0,0.0
1200000.0,12.0,42.0,1000000.0,400000.0,94160.0,2.0,0.0,0.0,2.0,1210000.0,0.0,1.0
5536106.399999999,9.0,45.0,6000000.0,3000000.0,517024.0,10.0,6.0,0.0,2.0,1100000.0,0.0,1.0
2543881.1999999997,18.0,36.0,4000000.0,2000000.0,142047.0,11.0,7.0,0.0,3.0,935968.0,0.0,1.0
1022280.0,12.0,54.0,1500000.0,500000.0,80448.0,3.0,0.0,0.0,3.0,908526.0,0.0,1.0
2797038.0,11.0,39.0,3500000.0,2000000.0,217865.0,4.0,2.0,0.0,2.0,923771.0,0.0,1.0
1687795.2,10.0,48.0,3000000.0,2000000.0,142926.0,7.0,5.0,0.0,1.0,11357969.0,1.0,0.0
1679880.0,6.0,26.0,1200000.0,500000.0,249750.0,1.0,0.0,0.0,0.0,933473.0,1.0,0.0
2232000.0,6.0,47.0,33334.0,3640000.0,335991.0,10.0,4.0,0.0,3.0,33334.0,0.0,1.0
2697056.4,9.0,26.0,2980000.0,1254487.0,252485.0,6.0,1.0,0.0,2.0,1210000.0,0.0,1.0
459999.6,6.0,53.0,1000000.0,183000.0,69238.0,5.0,2.0,0.0,0.0,969508.0,0.0,1.0
782114.4,12.0,42.0,3200000.0,1700000.0,61370.0,10.0,5.0,0.0,4.0,30285.0,1.0,0.0
1680000.0,8.0,28.0,2400000.0,500000.0,190935.0,2.0,0.0,0.0,1.0,1854545.0,1.0,0.0
1604481.5999999999,5.0,50.0,4000000.0,2000000.0,260068.0,13.0,9.0,0.0,1.0,1210000.0,0.0,1.0
1869600.0,12.0,42.0,2000000.0,500000.0,146691.0,5.0,2.0,0.0,1.0,923771.0,0.0,1.0
2716521.6,10.0,39.0,8890000.0,3020000.0,239564.0,10.0,7.0,0.0,1.0,1000000.0,1.0,0.0
683880.0,6.0,63.0,2500000.0,600000.0,101667.0,1.0,1.0,0.0,0.0,916148.0,1.0,0.0
3581209.1999999997,10.0,36.0,6000000.0,3000000.0,304220.0,7.0,4.0,0.0,0.0,1210000.0,0.0,1.0
3827133.5999999996,9.0,51.0,4600000.0,2500000.0,358277.0,10.0,5.0,0.0,3.0,979043.0,0.0,1.0
4577040.0,12.0,29.0,2672616.0,44000.0,368400.0,2.0,0.0,0.0,0.0,2672616.0,1.0,0.0
1500628.8,6.0,59.0,4200000.0,2000000.0,223239.0,3.0,2.0,0.0,0.0,1210000.0,1.0,0.0
887880.0,6.0,57.0,2500000.0,500000.0,123317.0,17.0,3.0,0.0,7.0,1055328.0,1.0,0.0
2456400.0,6.0,33.0,954263.0,373000.0,370143.0,3.0,1.0,0.0,0.0,808397.0,0.0,1.0
2778360.0,12.0,35.0,1900000.0,400000.0,218280.0,8.0,4.0,1.0,0.0,1467076.0,1.0,0.0
860280.0,12.0,42.0,2700000.0,650000.0,67503.0,7.0,4.0,1.0,1.0,1210000.0,0.0,1.0
1769769.5999999999,10.0,35.0,3800000.0,1500000.0,150340.0,9.0,2.0,2.0,2.0,3895750.0,1.0,0.0
3989160.0,8.0,36.0,8000000.0,2000000.0,455726.0,5.0,3.0,0.0,0.0,954263.0,0.0,1.0
2213971.1999999997,9.0,32.0,7750000.0,2981000.0,209446.0,21.0,10.0,0.0,9.0,973011.0,1.0,0.0
1674188.4,9.0,53.0,3500000.0,2000000.0,156355.0,5.0,3.0,0.0,0.0,2073320.0,1.0,0.0
2516379.6,10.0,62.0,1790000.0,0.0,218159.0,0.0,0.0,0.0,0.0,1000000.0,1.0,0.0
1728000.0,6.0,28.0,4000000.0,1600000.0,259758.0,2.0,1.0,0.0,0.0,2194603.0,0.0,1.0
1499640.0,12.0,57.0,4000000.0,1400000.0,117664.0,8.0,3.0,1.0,1.0,908526.0,0.0,1.0
2182354.8,6.0,40.0,6000000.0,2000000.0,324672.0,2.0,1.0,0.0,1.0,1210000.0,0.0,1.0
4613340.0,18.0,31.0,4500000.0,1000000.0,254882.0,11.0,1.0,0.0,7.0,1210000.0,1.0,0.0
2400696.0,9.0,38.0,3000000.0,2000000.0,227184.0,8.0,6.0,0.0,1.0,1210000.0,1.0,0.0
2824561.1999999997,12.0,55.0,2000000.0,500000.0,221910.0,9.0,2.0,1.0,4.0,1210000.0,0.0,1.0
1451880.0,12.0,43.0,1500000.0,800000.0,114759.0,11.0,1.0,0.0,7.0,1803325.0,1.0,0.0
1439880.0,6.0,66.0,5670000.0,3660000.0,218206.0,13.0,10.0,1.0,0.0,984754.0,1.0,0.0
2662800.0,6.0,24.0,4300000.0,1000000.0,394813.0,5.0,2.0,1.0,2.0,1423272.0,1.0,0.0
1373880.0,6.0,24.0,1800000.0,650000.0,204752.0,5.0,0.0,0.0,2.0,1210000.0,0.0,1.0
1020000.0,6.0,42.0,3420000.0,1765000.0,154843.0,10.0,3.0,0.0,4.0,975052.0,0.0,1.0
2018844.0,6.0,29.0,1500000.0,450000.0,300126.0,3.0,0.0,0.0,1.0,695525.0,1.0,0.0
2348042.4,12.0,28.0,2450000.0,650000.0,163059.0,2.0,2.0,0.0,0.0,835160.0,1.0,0.0
839880.0,6.0,26.0,1500000.0,300000.0,125784.0,5.0,0.0,0.0,3.0,1210000.0,0.0,1.0
538680.0,9.0,36.0,1600000.0,100000.0,50501.0,2.0,1.0,0.0,0.0,1688000.0,1.0,0.0
1356000.0,18.0,43.0,1275000.0,475000.0,74712.0,6.0,1.0,2.0,2.0,1240045.0,1.0,0.0
4398720.0,6.0,34.0,12528989.0,4557000.0,652138.0,6.0,3.0,0.0,1.0,12714360.0,1.0,0.0
618360.0,6.0,27.0,1044000.0,100000.0,93396.0,2.0,1.0,0.0,1.0,1210000.0,0.0,1.0
1498992.0,5.0,53.0,5000000.0,2000000.0,242970.0,6.0,0.0,0.0,5.0,1210000.0,0.0,1.0
4320000.0,8.0,44.0,5000000.0,2000000.0,490800.0,4.0,1.0,0.0,1.0,931394.0,0.0,1.0
1438639.2,12.0,49.0,2400000.0,900000.0,113713.0,5.0,3.0,1.0,0.0,2338557.0,1.0,0.0
1453920.0,6.0,29.0,1971000.0,329000.0,218510.0,3.0,1.0,0.0,0.0,1528321.0,1.0,0.0
3900000.0,12.0,38.0,8400000.0,3000000.0,306782.0,8.0,4.0,0.0,0.0,1363975.0,0.0,1.0
3120009.6,10.0,42.0,7000000.0,4000000.0,265319.0,10.0,6.0,1.0,0.0,4136363.0,1.0,0.0
600000.0,6.0,32.0,1200000.0,250000.0,89076.0,2.0,0.0,0.0,2.0,1210000.0,0.0,1.0
1669980.0,12.0,52.0,1300000.0,600000.0,130765.0,5.0,0.0,0.0,4.0,877803.0,1.0,0.0
1642680.0,12.0,62.0,4635000.0,2000000.0,114075.0,10.0,5.0,0.0,5.0,5035506.0,1.0,0.0
1284000.0,6.0,66.0,3000000.0,1200000.0,193014.0,11.0,4.0,0.0,4.0,4722152.0,1.0,0.0
1604400.0,2.0,42.0,4000000.0,2000000.0,633067.0,4.0,1.0,0.0,2.0,1210000.0,0.0,1.0
478800.0,6.0,34.0,1400000.0,600000.0,71082.0,8.0,3.0,0.0,5.0,1396791.0,1.0,0.0
753024.0,6.0,44.0,2840000.0,446000.0,113735.0,4.0,0.0,3.0,1.0,969509.0,1.0,0.0
5327280.0,12.0,42.0,3000000.0,1000000.0,369950.0,3.0,1.0,1.0,0.0,2816100.0,1.0,0.0
3307500.0,18.0,43.0,4000000.0,2500000.0,182736.0,2.0,1.0,0.0,0.0,3042153.0,1.0,0.0
1260240.0,2.0,43.0,5000000.0,2000000.0,497341.0,11.0,7.0,0.0,2.0,5880235.0,0.0,1.0
2280360.0,12.0,42.0,1740000.0,162000.0,190306.0,2.0,0.0,0.0,2.0,1441539.0,1.0,0.0
2858280.0,24.0,62.0,2800000.0,540000.0,125241.0,3.0,3.0,0.0,0.0,923771.0,1.0,0.0
3360000.0,12.0,36.0,5000000.0,2000000.0,263648.0,9.0,7.0,0.0,0.0,916148.0,0.0,1.0
595200.0,6.0,52.0,2080000.0,186000.0,89898.0,3.0,0.0,0.0,0.0,1210000.0,0.0,1.0
1067880.0,6.0,27.0,2000000.0,500000.0,148317.0,4.0,0.0,0.0,0.0,908526.0,0.0,1.0
964018.7999999999,8.0,31.0,2000000.0,700000.0,100588.0,4.0,0.0,1.0,0.0,1210000.0,0.0,1.0
1359600.0,6.0,34.0,3910000.0,798000.0,206050.0,4.0,2.0,1.0,1.0,1535603.0,1.0,0.0
1212120.0,5.0,41.0,7000000.0,5000000.0,196585.0,10.0,5.0,0.0,3.0,90852.0,1.0,0.0
1798440.0,12.0,52.0,1800000.0,100000.0,140941.0,4.0,3.0,0.0,1.0,1765398.0,1.0,0.0
1392000.0,6.0,64.0,7000000.0,500000.0,209249.0,9.0,1.0,6.0,0.0,690479.0,1.0,0.0
2550960.0,8.0,30.0,4000000.0,1200000.0,290841.0,2.0,1.0,0.0,0.0,3718227.0,1.0,0.0
893902.7999999999,10.0,39.0,4000000.0,2200000.0,76095.0,4.0,2.0,0.0,1.0,941789.0,0.0,1.0
4099200.0,12.0,52.0,4000000.0,1500000.0,320047.0,8.0,8.0,0.0,0.0,5633391.0,0.0,1.0
1655880.0,18.0,25.0,1580000.0,61000.0,97803.0,3.0,0.0,1.0,2.0,969508.0,1.0,0.0
2686318.8,6.0,41.0,1500000.0,0.0,398263.0,0.0,0.0,0.0,0.0,1210000.0,0.0,1.0
1660440.0,24.0,38.0,1700000.0,400000.0,72579.0,9.0,1.0,0.0,6.0,1210000.0,1.0,0.0
808800.0,6.0,54.0,5000000.0,600000.0,120047.0,5.0,2.0,0.0,2.0,1210000.0,0.0,1.0
1889450.4,5.0,60.0,3933000.0,1422000.0,308667.0,5.0,5.0,0.0,0.0,1382240.0,1.0,0.0
5151057.6,10.0,43.0,1000000.0,8543000.0,439644.0,11.0,7.0,0.0,2.0,961885.0,0.0,1.0
2564640.0,12.0,54.0,2000000.0,700000.0,201489.0,2.0,0.0,0.0,1.0,1210000.0,0.0,1.0
1269000.0,8.0,45.0,5000000.0,2000000.0,132124.0,8.0,4.0,0.0,2.0,1210000.0,0.0,1.0
1563320.4,10.0,41.0,6317000.0,3000000.0,132942.0,14.0,6.0,3.0,3.0,933473.0,0.0,1.0
1585080.0,24.0,68.0,1200000.0,600000.0,69294.0,2.0,1.0,1.0,0.0,1192717.0,1.0,0.0
3942060.0,24.0,50.0,3000000.0,1500000.0,172728.0,2.0,0.0,0.0,0.0,1210000.0,1.0,0.0
1311600.0,6.0,51.0,3800000.0,1800000.0,197175.0,5.0,1.0,0.0,3.0,1210000.0,0.0,1.0
1152000.0,12.0,63.0,5000000.0,2000000.0,80000.0,3.0,2.0,0.0,0.0,1486715.0,1.0,0.0
1374999.5999999999,6.0,49.0,3000000.0,1000000.0,205925.0,4.0,3.0,0.0,0.0,841773.0,0.0,1.0
6960000.0,12.0,48.0,6000000.0,3000000.0,544309.0,6.0,5.0,0.0,0.0,917673.0,1.0,0.0
5376561.6,9.0,40.0,4100000.0,0.0,520314.0,5.0,4.0,0.0,0.0,962963.0,0.0,1.0
1564680.0,12.0,37.0,1500000.0,350000.0,108658.0,12.0,2.0,0.0,8.0,1210000.0,1.0,0.0
2511180.0,12.0,45.0,3570000.0,1274000.0,174388.0,1.0,1.0,0.0,0.0,4531121.0,1.0,0.0
1484280.0,6.0,63.0,1800000.0,500000.0,220456.0,4.0,2.0,0.0,1.0,1692441.0,1.0,0.0
1800000.0,8.0,53.0,4310000.0,4427000.0,206510.0,18.0,2.0,0.0,15.0,1210000.0,0.0,1.0
1391880.0,12.0,33.0,2000000.0,500000.0,109533.0,4.0,3.0,0.0,0.0,469405.0,1.0,0.0
1379983.2,10.0,32.0,2500000.0,200000.0,116860.0,7.0,1.0,0.0,4.0,1210000.0,1.0,0.0
3401940.0,12.0,42.0,1700000.0,414000.0,283108.0,5.0,0.0,1.0,3.0,766667.0,1.0,0.0
976371.6,12.0,26.0,1612000.0,0.0,81630.0,0.0,0.0,0.0,0.0,1074888.0,1.0,0.0
3672000.0,6.0,45.0,35000000.0,10000000.0,545764.0,6.0,3.0,0.0,1.0,892176.0,0.0,1.0
2582580.0,12.0,52.0,3810000.0,3000.0,205981.0,3.0,2.0,0.0,1.0,1210000.0,1.0,0.0
1712280.0,6.0,44.0,2000000.0,800000.0,254146.0,1.0,1.0,0.0,0.0,1452781.0,1.0,0.0
636000.0,6.0,50.0,3000000.0,1000000.0,94226.0,3.0,2.0,0.0,0.0,575400.0,1.0,0.0
2615580.0,12.0,62.0,2500000.0,800000.0,205236.0,9.0,4.0,1.0,1.0,1210000.0,0.0,1.0
959880.0,6.0,26.0,1335000.0,0.0,145471.0,16.0,11.0,1.0,2.0,8187917.0,1.0,0.0
1571640.0,6.0,23.0,2160000.0,1372000.0,235375.0,7.0,3.0,0.0,0.0,977131.0,1.0,0.0
3447064.8,36.0,36.0,2500000.0,400000.0,111455.0,5.0,1.0,0.0,0.0,755487.0,1.0,0.0
2918160.0,12.0,43.0,2500000.0,500000.0,202650.0,3.0,0.0,0.0,3.0,919856.0,1.0,0.0
981771.6,6.0,50.0,1880000.0,599000.0,149031.0,9.0,1.0,0.0,8.0,1210000.0,1.0,0.0
4641000.0,36.0,52.0,7157000.0,2137000.0,173517.0,5.0,1.0,0.0,0.0,1000000.0,1.0,0.0
1362958.8,12.0,64.0,1800000.0,500000.0,94650.0,2.0,0.0,1.0,1.0,1210000.0,0.0,1.0
1392000.0,12.0,40.0,3200000.0,700000.0,109678.0,11.0,6.0,2.0,1.0,2995186.0,1.0,0.0
2627760.0,6.0,37.0,3500000.0,1500000.0,390672.0,5.0,2.0,1.0,1.0,6009614.0,1.0,0.0
1845480.0,12.0,50.0,2200000.0,600000.0,145229.0,3.0,1.0,0.0,0.0,1210000.0,0.0,1.0
1779360.0,12.0,55.0,1000000.0,100000.0,139330.0,3.0,1.0,0.0,2.0,908526.0,0.0,1.0
1604400.0,5.0,59.0,5000000.0,2000000.0,260282.0,13.0,11.0,0.0,1.0,1200000.0,0.0,1.0
1129200.0,24.0,30.0,2000000.0,80000.0,50308.0,3.0,1.0,0.0,2.0,1884625.0,1.0,0.0
599880.0,6.0,25.0,1800000.0,800000.0,83317.0,2.0,0.0,0.0,0.0,1340739.0,1.0,0.0
1055187.5999999999,9.0,49.0,3000000.0,1500000.0,98687.0,2.0,1.0,0.0,1.0,878656.0,0.0,1.0
1224741.5999999999,6.0,35.0,1740000.0,250000.0,184983.0,3.0,0.0,0.0,1.0,977131.0,0.0,1.0
2986800.0,12.0,54.0,6000000.0,2500000.0,236783.0,12.0,7.0,0.0,3.0,1000000.0,1.0,0.0
1145949.5999999999,10.0,44.0,2000000.0,800000.0,97449.0,2.0,1.0,0.0,0.0,1210000.0,1.0,0.0
2492400.0,6.0,20.0,1400000.0,600000.0,370673.0,5.0,3.0,0.0,0.0,1145000.0,1.0,0.0
2569200.0,12.0,60.0,2000000.0,500000.0,201596.0,4.0,3.0,0.0,1.0,1210000.0,0.0,1.0
1459508.4,12.0,31.0,1000000.0,300000.0,114141.0,3.0,0.0,0.0,2.0,4729287.0,0.0,1.0
1629241.2,12.0,29.0,4000000.0,2000000.0,127832.0,6.0,3.0,0.0,1.0,2606767.0,1.0,0.0
972060.0,18.0,43.0,1000000.0,300000.0,53705.0,5.0,1.0,0.0,0.0,1210000.0,1.0,0.0
782400.0,8.0,30.0,3000000.0,2407000.0,88611.0,6.0,4.0,1.0,0.0,3891667.0,1.0,0.0
2220000.0,24.0,31.0,1080000.0,171000.0,102868.0,1.0,0.0,0.0,1.0,1210000.0,0.0,1.0
1217641.2,6.0,37.0,2500000.0,800000.0,169117.0,5.0,2.0,0.0,2.0,1833807.0,1.0,0.0
1276800.0,10.0,28.0,1300000.0,500000.0,118080.0,6.0,2.0,0.0,3.0,1101460.0,1.0,0.0
9989002.799999999,10.0,30.0,8000000.0,1000000.0,850336.0,5.0,2.0,0.0,1.0,2812265.0,1.0,0.0
1498992.0,3.0,40.0,4000000.0,2000000.0,397801.0,9.0,7.0,0.0,0.0,1233333.0,0.0,1.0
2848208.4,12.0,30.0,1948000.0,180000.0,230683.0,3.0,2.0,0.0,0.0,3087088.0,0.0,1.0
3364980.0,6.0,39.0,5000000.0,2000000.0,500275.0,8.0,4.0,0.0,2.0,1000000.0,0.0,1.0
1945148.4,9.0,41.0,5000000.0,3000000.0,182008.0,2.0,2.0,0.0,0.0,2847271.0,1.0,0.0
2772000.0,12.0,30.0,2150000.0,500000.0,219129.0,7.0,2.0,1.0,1.0,1855083.0,1.0,0.0
1389600.0,6.0,50.0,1600000.0,500000.0,206036.0,5.0,3.0,0.0,1.0,777294.0,1.0,0.0
3306000.0,24.0,28.0,2500000.0,600000.0,147288.0,3.0,2.0,0.0,1.0,939017.0,0.0,1.0
1134000.0,12.0,45.0,1670000.0,500000.0,89030.0,7.0,2.0,0.0,1.0,1777080.0,1.0,0.0
9962607.6,36.0,39.0,2663719.0,0.0,328339.0,4.0,0.0,1.0,1.0,1759660.0,1.0,0.0
7235408.399999999,10.0,122.0,4857353453.0,1108557358.0,616253.0,0.0,0.0,0.0,0.0,1210000.0,1.0,0.0
2090760.0,10.0,42.0,1800000.0,500000.0,193060.0,5.0,3.0,0.0,1.0,1831122.0,1.0,0.0
1307520.0,6.0,26.0,2000000.0,500000.0,193866.0,6.0,0.0,0.0,4.0,1077305.0,1.0,0.0
1456800.0,10.0,51.0,6000000.0,4000000.0,135139.0,4.0,3.0,0.0,0.0,60569.0,0.0,1.0
1753080.0,12.0,22.0,1000000.0,200000.0,137558.0,2.0,0.0,0.0,2.0,875678.0,1.0,0.0
2714536.8,6.0,28.0,9810000.0,2991000.0,373421.0,5.0,3.0,0.0,0.0,1210000.0,0.0,1.0
4133040.0,36.0,30.0,3000000.0,600000.0,141904.0,4.0,4.0,0.0,0.0,1094927.0,0.0,1.0
1916280.0,12.0,55.0,1200000.0,400000.0,150551.0,3.0,1.0,0.0,0.0,840542.0,1.0,0.0
1098840.0,12.0,44.0,3000000.0,1200000.0,86473.0,3.0,2.0,0.0,1.0,1210000.0,1.0,0.0
1480800.0,10.0,43.0,3800000.0,1500000.0,136874.0,16.0,8.0,5.0,1.0,908526.0,0.0,1.0
1935480.0,12.0,32.0,4000000.0,1500000.0,134408.0,10.0,2.0,0.0,5.0,1060070.0,1.0,0.0
1657454.4,10.0,64.0,1000000.0,450000.0,140578.0,1.0,1.0,0.0,0.0,1210000.0,1.0,0.0
652680.0,12.0,26.0,2000000.0,600000.0,51341.0,7.0,4.0,0.0,0.0,2863110.0,1.0,0.0
1772934.0,12.0,30.0,1200000.0,250000.0,139535.0,1.0,0.0,0.0,0.0,936180.0,1.0,0.0
2761200.0,24.0,64.0,2500000.0,600000.0,122372.0,4.0,4.0,0.0,0.0,733487.0,1.0,0.0
970710.0,6.0,47.0,2000000.0,600000.0,143927.0,1.0,0.0,0.0,0.0,181706.0,1.0,0.0
2040045.5999999999,11.0,55.0,2600000.0,1200000.0,158721.0,8.0,4.0,0.0,2.0,6811243.0,0.0,1.0
2946000.0,10.0,54.0,5600000.0,3500000.0,274049.0,5.0,3.0,0.0,1.0,1932531.0,0.0,1.0
516357.6,2.0,47.0,5000000.0,200000.0,203745.0,2.0,0.0,0.0,0.0,5614668.0,1.0,0.0
1701241.2,12.0,59.0,2800000.0,600000.0,133491.0,2.0,2.0,0.0,0.0,1210000.0,0.0,1.0
4272000.0,6.0,37.0,2630000.0,1251000.0,643015.0,4.0,0.0,0.0,3.0,30285.0,0.0,1.0
1850280.0,12.0,24.0,1200000.0,400000.0,145185.0,4.0,1.0,0.0,0.0,908526.0,1.0,0.0
630000.0,6.0,38.0,3490000.0,1194000.0,95154.0,2.0,0.0,2.0,0.0,1210000.0,0.0,1.0
4032000.0,6.0,40.0,9000000.0,4000000.0,598862.0,9.0,4.0,0.0,2.0,732877.0,0.0,1.0
2411280.0,6.0,53.0,1200000.0,600000.0,357487.0,3.0,0.0,2.0,0.0,1210000.0,1.0,0.0
3600000.0,12.0,49.0,1100000.0,300000.0,284583.0,4.0,1.0,0.0,3.0,1210000.0,0.0,1.0
1653600.0,12.0,36.0,1450000.0,800000.0,130075.0,7.0,3.0,1.0,0.0,1210000.0,1.0,0.0
528600.0,6.0,68.0,1200000.0,100000.0,78368.0,2.0,0.0,0.0,2.0,1210000.0,1.0,0.0
3899408.4,12.0,52.0,3500000.0,150000.0,308216.0,8.0,4.0,0.0,2.0,1210000.0,0.0,1.0
1435200.0,12.0,25.0,1682000.0,69000.0,119151.0,2.0,0.0,0.0,0.0,1210000.0,0.0,1.0
2435880.0,12.0,52.0,3000000.0,800000.0,169158.0,7.0,5.0,0.0,0.0,787389.0,1.0,0.0
1081078.8,8.0,56.0,1139584.0,0.0,122438.0,1.0,0.0,0.0,1.0,1183008.0,1.0,0.0
1499370.0,6.0,42.0,1800000.0,400000.0,223064.0,2.0,0.0,1.0,0.0,1200000.0,1.0,0.0
1311600.0,6.0,47.0,3800000.0,1800000.0,196448.0,6.0,1.0,0.0,3.0,946640.0,0.0,1.0
1895760.0,6.0,29.0,3000000.0,800000.0,281828.0,2.0,1.0,0.0,0.0,1163966.0,1.0,0.0
1824000.0,6.0,48.0,2000000.0,900000.0,271099.0,4.0,3.0,0.0,0.0,3506500.0,1.0,0.0
2893800.0,12.0,42.0,5000000.0,1000000.0,226594.0,7.0,4.0,0.0,0.0,1210000.0,1.0,0.0
1951700.4,12.0,60.0,1650000.0,800000.0,154283.0,5.0,1.0,0.0,3.0,1210000.0,0.0,1.0
3480300.0,8.0,62.0,3120000.0,1155000.0,412764.0,4.0,2.0,0.0,1.0,1210000.0,1.0,0.0
698400.0,6.0,28.0,1700000.0,750000.0,103684.0,5.0,2.0,1.0,1.0,1613670.0,1.0,0.0
2355360.0,12.0,31.0,1100000.0,400000.0,184805.0,7.0,2.0,0.0,2.0,863103.0,1.0,0.0
1531626.0,10.0,35.0,2300000.0,1000000.0,130042.0,5.0,4.0,0.0,0.0,2431263.0,1.0,0.0
2724720.0,12.0,35.0,1000000.0,0.0,213785.0,3.0,0.0,0.0,2.0,1210000.0,0.0,1.0
1216557.5999999999,10.0,23.0,1693000.0,0.0,109061.0,0.0,0.0,0.0,0.0,1210000.0,1.0,0.0
1200000.0,10.0,46.0,1600000.0,400000.0,112479.0,5.0,2.0,0.0,2.0,1372727.0,0.0,1.0
820574.4,6.0,64.0,1500000.0,10000.0,122078.0,2.0,1.0,0.0,0.0,923771.0,1.0,0.0
4438740.0,36.0,51.0,5400000.0,173000.0,142737.0,5.0,4.0,0.0,0.0,1210000.0,0.0,1.0
3312000.0,6.0,46.0,35000000.0,14000000.0,490687.0,2.0,0.0,0.0,1.0,908526.0,0.0,1.0
1898880.0,24.0,34.0,3500000.0,1200000.0,82813.0,5.0,3.0,0.0,0.0,2031367.0,1.0,0.0
1260240.0,8.0,59.0,5000000.0,2000000.0,131496.0,4.0,2.0,0.0,2.0,1000000.0,1.0,0.0
2395310.4,10.0,37.0,2500000.0,1000000.0,203906.0,20.0,5.0,0.0,10.0,1743572.0,1.0,0.0
808702.7999999999,9.0,50.0,1200000.0,700000.0,75779.0,1.0,1.0,0.0,0.0,1319217.0,1.0,0.0
1513130.4,9.0,48.0,2500000.0,1000000.0,141313.0,7.0,4.0,0.0,1.0,905965.0,0.0,1.0
1924664.4,10.0,56.0,2500000.0,1000000.0,163841.0,9.0,7.0,1.0,1.0,1677433.0,0.0,1.0
1516582.8,10.0,26.0,2600000.0,900000.0,128427.0,5.0,3.0,0.0,2.0,857043.0,1.0,0.0
5740545.6,36.0,30.0,4400000.0,400000.0,187079.0,4.0,1.0,0.0,1.0,903700.0,0.0,1.0
600000.0,6.0,51.0,2140000.0,68000.0,90931.0,2.0,0.0,0.0,1.0,1210000.0,0.0,1.0
1896000.0,12.0,57.0,3000000.0,800000.0,149205.0,7.0,2.0,1.0,0.0,916148.0,0.0,1.0
1953600.0,12.0,45.0,1700000.0,600000.0,153471.0,3.0,1.0,0.0,1.0,1210000.0,0.0,1.0
1839301.2,11.0,36.0,3000000.0,1800000.0,155990.0,5.0,3.0,0.0,0.0,3331345.0,1.0,0.0
1686390.0,9.0,34.0,2000000.0,1500000.0,158022.0,9.0,5.0,0.0,2.0,941789.0,1.0,0.0
8844037.2,9.0,122.0,4718297.0,1610564.0,838134.0,0.0,0.0,0.0,0.0,1210000.0,1.0,0.0
5041200.0,24.0,38.0,6000000.0,0.0,175042.0,5.0,2.0,0.0,2.0,3146890.0,1.0,0.0
2129760.0,12.0,24.0,3800000.0,450000.0,147900.0,1.0,0.0,0.0,0.0,625873.0,0.0,1.0
2700000.0,12.0,29.0,1879000.0,87000.0,224962.0,1.0,0.0,0.0,1.0,1218874.0,1.0,0.0
840000.0,6.0,35.0,2240000.0,1183000.0,126872.0,7.0,2.0,2.0,2.0,1068541.0,0.0,1.0
1824282.0,6.0,55.0,2500000.0,1000000.0,270956.0,4.0,2.0,0.0,0.0,1210000.0,1.0,0.0
3995641.1999999997,24.0,64.0,2000000.0,800000.0,175611.0,4.0,1.0,0.0,0.0,939017.0,0.0,1.0
25657455.599999998,10.0,122.0,129000000.0,84000000.0,2355457.0,0.0,0.0,0.0,0.0,1210000.0,1.0,0.0
600000.0,6.0,52.0,2171000.0,612000.0,90311.0,5.0,1.0,2.0,2.0,1210000.0,1.0,0.0
612000.0,12.0,54.0,1000000.0,90000.0,48161.0,2.0,0.0,1.0,1.0,1082243.0,1.0,0.0
2569536.0,6.0,39.0,1590000.0,546000.0,393309.0,8.0,1.0,0.0,6.0,1491577.0,1.0,0.0
1905780.0,6.0,42.0,2300000.0,1500000.0,283060.0,10.0,8.0,0.0,0.0,1210000.0,1.0,0.0
701184.0,12.0,32.0,2000000.0,1000000.0,54951.0,3.0,0.0,0.0,2.0,1210000.0,0.0,1.0
6000000.0,12.0,25.0,2000000.0,800000.0,471927.0,1.0,0.0,0.0,1.0,846820.0,1.0,0.0
8283633.6,9.0,122.0,28936856.0,4799223.0,775472.0,0.0,0.0,0.0,0.0,1210000.0,1.0,0.0
999780.0,6.0,54.0,2500000.0,1000000.0,148697.0,8.0,4.0,0.0,2.0,954263.0,1.0,0.0
3201871.1999999997,9.0,55.0,6000000.0,2400000.0,298598.0,5.0,5.0,0.0,0.0,905733.0,0.0,1.0
720000.0,10.0,27.0,1800000.0,900000.0,66796.0,0.0,0.0,0.0,0.0,1336965.0,1.0,0.0
4281480.0,6.0,53.0,6000000.0,800000.0,634814.0,3.0,1.0,0.0,0.0,908526.0,0.0,1.0
1980000.0,10.0,43.0,5500000.0,800000.0,184170.0,8.0,3.0,3.0,1.0,850000.0,0.0,1.0
8164200.0,12.0,40.0,4000000.0,1500000.0,640617.0,4.0,0.0,0.0,1.0,923771.0,0.0,1.0
2022478.7999999998,6.0,62.0,4000000.0,1000000.0,300188.0,7.0,5.0,0.0,0.0,1210000.0,1.0,0.0
1247880.0,12.0,32.0,1500000.0,700000.0,86658.0,10.0,1.0,0.0,7.0,978417.0,1.0,0.0
3258120.0,10.0,57.0,1500000.0,300000.0,300854.0,5.0,2.0,0.0,1.0,908526.0,1.0,0.0
1041960.0,6.0,60.0,1300000.0,350000.0,154759.0,4.0,4.0,0.0,0.0,1072390.0,1.0,0.0
2148000.0,6.0,44.0,5000000.0,200000.0,320101.0,3.0,1.0,0.0,1.0,931394.0,0.0,1.0
2339536.8,10.0,36.0,1918000.0,750000.0,198116.0,8.0,2.0,0.0,5.0,1210000.0,1.0,0.0
2229298.8,2.0,53.0,2784000.0,117000.0,889716.0,3.0,0.0,1.0,0.0,1210000.0,0.0,1.0
2628000.0,8.0,48.0,2500000.0,1000000.0,298590.0,7.0,2.0,0.0,2.0,931394.0,1.0,0.0
821208.0,5.0,63.0,4000000.0,2000000.0,133380.0,12.0,7.0,0.0,1.0,946640.0,0.0,1.0
1962823.2,6.0,44.0,2240000.0,366000.0,295441.0,2.0,0.0,1.0,0.0,1210000.0,0.0,1.0
2558400.0,8.0,32.0,2000000.0,1000000.0,293519.0,3.0,2.0,0.0,0.0,908526.0,0.0,1.0
2114320.8,6.0,60.0,1926000.0,15000.0,314034.0,4.0,4.0,0.0,0.0,908526.0,0.0,1.0
1344000.0,10.0,33.0,2600000.0,1600000.0,124360.0,6.0,4.0,0.0,0.0,2497778.0,0.0,1.0
6310250.399999999,10.0,57.0,0.0,0.0,565698.0,0.0,0.0,0.0,0.0,1210000.0,0.0,1.0
462474.0,6.0,28.0,3120000.0,1451000.0,70789.0,3.0,1.0,0.0,1.0,2833933.0,1.0,0.0
6860400.0,12.0,58.0,9000000.0,1500000.0,536519.0,1.0,0.0,0.0,1.0,1210000.0,0.0,1.0
1957392.0,10.0,48.0,3000000.0,1400000.0,166191.0,4.0,2.0,0.0,2.0,1210000.0,1.0,0.0
1442715.5999999999,10.0,31.0,1470000.0,264000.0,124105.0,1.0,0.0,1.0,0.0,1404959.0,1.0,0.0
753480.0,6.0,23.0,2500000.0,1000000.0,111718.0,6.0,1.0,0.0,5.0,908526.0,1.0,0.0
1370716.8,5.0,48.0,4000000.0,2000000.0,221984.0,14.0,3.0,0.0,8.0,1210000.0,0.0,1.0
1903639.2,10.0,52.0,3028000.0,2800000.0,161458.0,5.0,4.0,0.0,1.0,3109506.0,1.0,0.0
1109880.0,12.0,43.0,4000000.0,1000000.0,77075.0,3.0,2.0,0.0,0.0,4685478.0,1.0,0.0
3468283.1999999997,10.0,33.0,1989000.0,816000.0,300685.0,6.0,5.0,0.0,0.0,931394.0,0.0,1.0
6250620.0,36.0,39.0,5000000.0,1000000.0,206003.0,2.0,2.0,0.0,0.0,1210000.0,0.0,1.0
3493200.0,36.0,41.0,6000000.0,2500000.0,112331.0,7.0,3.0,0.0,2.0,1787805.0,1.0,0.0
2429640.0,24.0,30.0,2000000.0,1000000.0,106459.0,4.0,1.0,0.0,2.0,1809634.0,1.0,0.0
1041600.0,18.0,22.0,1590000.0,289000.0,61531.0,4.0,1.0,1.0,2.0,1737313.0,1.0,0.0
821208.0,3.0,27.0,5000000.0,2000000.0,218144.0,9.0,4.0,0.0,4.0,1210000.0,0.0,1.0
3591000.0,12.0,68.0,6500000.0,2500000.0,281188.0,6.0,3.0,0.0,0.0,1210000.0,1.0,0.0
624000.0,6.0,30.0,2000000.0,500000.0,92765.0,3.0,1.0,0.0,2.0,1210000.0,1.0,0.0
3303361.1999999997,6.0,54.0,4080000.0,694000.0,498932.0,9.0,6.0,0.0,1.0,1500000.0,1.0,0.0
2567880.0,8.0,27.0,1880000.0,344000.0,296503.0,1.0,0.0,0.0,1.0,1210000.0,1.0,0.0
867480.0,6.0,61.0,1360000.0,0.0,128844.0,1.0,0.0,1.0,0.0,916148.0,1.0,0.0
878880.0,5.0,57.0,2000000.0,1500000.0,142457.0,2.0,0.0,0.0,1.0,877803.0,0.0,1.0
2244962.4,12.0,43.0,4000000.0,1000000.0,155900.0,13.0,5.0,0.0,6.0,3494390.0,1.0,0.0
1917600.0,6.0,32.0,3000000.0,500000.0,284491.0,5.0,4.0,0.0,0.0,4600000.0,1.0,0.0
1668000.0,18.0,29.0,3000000.0,850000.0,92155.0,9.0,3.0,0.0,3.0,2000000.0,1.0,0.0
1826281.2,12.0,60.0,4000000.0,1500000.0,126825.0,6.0,2.0,0.0,0.0,991119.0,1.0,0.0
1065540.0,12.0,34.0,1700000.0,500000.0,83604.0,5.0,1.0,0.0,0.0,747010.0,1.0,0.0
1187293.2,10.0,32.0,2000000.0,800000.0,100965.0,8.0,6.0,0.0,1.0,1210000.0,1.0,0.0
2079600.0,12.0,34.0,1000000.0,200000.0,163269.0,5.0,0.0,0.0,3.0,891892.0,1.0,0.0
1840603.2,11.0,43.0,5000000.0,3500000.0,143776.0,10.0,2.0,1.0,2.0,941789.0,0.0,1.0
2174947.1999999997,11.0,41.0,7013000.0,1686000.0,177530.0,6.0,2.0,1.0,0.0,1520000.0,1.0,0.0
3600000.0,6.0,34.0,8880000.0,2468000.0,551958.0,7.0,5.0,0.0,0.0,6053089.0,1.0,0.0
1671240.0,6.0,48.0,1524547.0,498000.0,252420.0,4.0,3.0,0.0,0.0,1536193.0,1.0,0.0
1666800.0,12.0,29.0,3000000.0,1000000.0,130625.0,1.0,0.0,0.0,0.0,2526866.0,1.0,0.0
3600000.0,36.0,35.0,2090000.0,1020000.0,129370.0,10.0,6.0,1.0,2.0,2119233.0,1.0,0.0
1749540.0,12.0,40.0,1800000.0,600000.0,137018.0,4.0,3.0,0.0,0.0,1567049.0,1.0,0.0
2998800.0,18.0,50.0,2700000.0,600000.0,165384.0,6.0,2.0,0.0,1.0,2500000.0,1.0,0.0
4107589.1999999997,10.0,37.0,7000000.0,2000000.0,347838.0,13.0,6.0,1.0,6.0,4007252.0,1.0,0.0
4361760.0,12.0,30.0,3000000.0,1200000.0,302900.0,8.0,2.0,0.0,1.0,847957.0,0.0,1.0
2250000.0,6.0,22.0,3500000.0,1500000.0,333576.0,2.0,2.0,0.0,0.0,1210000.0,0.0,1.0
1426213.2,3.0,26.0,2000000.0,1000000.0,378414.0,3.0,2.0,0.0,0.0,1154263.0,0.0,1.0
3056040.0,12.0,28.0,4129000.0,870000.0,253257.0,11.0,6.0,0.0,3.0,2960000.0,1.0,0.0
1311600.0,6.0,57.0,3800000.0,200000.0,197175.0,4.0,2.0,1.0,1.0,1210000.0,0.0,1.0
2279760.0,8.0,24.0,908526.0,532000.0,261582.0,6.0,2.0,0.0,1.0,908526.0,1.0,0.0
2868178.8,24.0,38.0,2000000.0,0.0,129251.0,1.0,0.0,0.0,0.0,33334.0,0.0,1.0
3342840.0,12.0,31.0,2000000.0,450000.0,262301.0,2.0,0.0,1.0,1.0,651857.0,1.0,0.0
1331286.0,18.0,34.0,1500000.0,150000.0,73675.0,6.0,1.0,0.0,4.0,1125292.0,1.0,0.0
1558800.0,12.0,30.0,3200000.0,700000.0,125183.0,7.0,2.0,0.0,5.0,3269039.0,1.0,0.0
2712000.0,18.0,69.0,1300000.0,300000.0,151435.0,2.0,1.0,0.0,0.0,931394.0,1.0,0.0
7206420.0,24.0,45.0,6000000.0,2500000.0,315762.0,4.0,1.0,0.0,0.0,939017.0,1.0,0.0
2400000.0,12.0,27.0,3840000.0,1261000.0,166667.0,8.0,5.0,0.0,1.0,914599.0,0.0,1.0
3960000.0,24.0,53.0,3000000.0,200000.0,174475.0,4.0,2.0,0.0,0.0,769585.0,0.0,1.0
1347480.0,12.0,27.0,1400000.0,300000.0,105732.0,4.0,1.0,0.0,3.0,1307582.0,1.0,0.0
2642703.6,10.0,47.0,3500000.0,2000000.0,224966.0,3.0,2.0,0.0,1.0,1000000.0,0.0,1.0
3335760.0,12.0,28.0,4500000.0,2500000.0,231650.0,11.0,8.0,0.0,0.0,902675.0,1.0,0.0
957480.0,12.0,38.0,1450000.0,400000.0,75161.0,8.0,3.0,0.0,4.0,1598200.0,1.0,0.0
2659200.0,6.0,23.0,3200000.0,100000.0,369333.0,5.0,0.0,1.0,1.0,975000.0,1.0,0.0
4800000.0,18.0,31.0,3500000.0,1300000.0,265169.0,8.0,1.0,0.0,4.0,2154165.0,0.0,1.0
1149600.0,12.0,52.0,2500000.0,1000000.0,90199.0,5.0,1.0,1.0,1.0,2191398.0,1.0,0.0
1320258.0,10.0,45.0,2000000.0,900000.0,112390.0,2.0,1.0,0.0,0.0,1845752.0,0.0,1.0
1484040.0,12.0,36.0,1480000.0,127000.0,120196.0,2.0,1.0,0.0,1.0,1482045.0,1.0,0.0
2454660.0,9.0,37.0,6000000.0,2000000.0,229793.0,15.0,10.0,0.0,1.0,1787257.0,0.0,1.0
3379032.0,10.0,46.0,8730000.0,3286000.0,296457.0,10.0,5.0,0.0,1.0,755813.0,1.0,0.0
2052000.0,6.0,44.0,4300000.0,0.0,285000.0,9.0,5.0,1.0,0.0,1593177.0,1.0,0.0
1287982.8,12.0,48.0,1600000.0,300000.0,103423.0,4.0,1.0,0.0,3.0,1210000.0,0.0,1.0
1510652.4,10.0,47.0,3000000.0,1500000.0,128598.0,0.0,0.0,0.0,0.0,946640.0,0.0,1.0
5964140.399999999,10.0,36.0,3000000.0,1600000.0,509041.0,4.0,2.0,0.0,1.0,961885.0,0.0,1.0
4680000.0,36.0,57.0,4000000.0,1000000.0,152804.0,8.0,3.0,0.0,0.0,1200000.0,1.0,0.0
2085600.0,12.0,36.0,3162000.0,800000.0,163337.0,7.0,3.0,0.0,0.0,3198620.0,1.0,0.0
714783.6,7.0,37.0,1600000.0,700000.0,84543.0,5.0,2.0,1.0,1.0,1426909.0,1.0,0.0
1183695.5999999999,7.0,67.0,2800000.0,1300000.0,139735.0,6.0,5.0,0.0,0.0,1210000.0,1.0,0.0
1111080.0,6.0,45.0,1200000.0,300000.0,154317.0,1.0,1.0,0.0,0.0,908526.0,1.0,0.0
1683000.0,24.0,40.0,2500000.0,1000000.0,73984.0,11.0,8.0,0.0,0.0,1271053.0,1.0,0.0
2400000.0,12.0,45.0,2000000.0,600000.0,188887.0,3.0,3.0,0.0,0.0,1210000.0,0.0,1.0
3015642.0,10.0,52.0,3000000.0,1700000.0,256713.0,5.0,3.0,1.0,0.0,1825454.0,1.0,0.0
1052280.0,6.0,59.0,1600000.0,800000.0,156391.0,4.0,2.0,1.0,0.0,2382221.0,1.0,0.0
1653369.5999999999,9.0,31.0,3000000.0,1800000.0,154410.0,5.0,2.0,0.0,1.0,1799777.0,1.0,0.0
1342622.4,9.0,44.0,1000000.0,400000.0,125389.0,3.0,2.0,0.0,0.0,908526.0,1.0,0.0
6701880.0,30.0,47.0,4512000.0,1615000.0,280545.0,9.0,7.0,0.0,0.0,5572404.0,1.0,0.0
2784324.0,9.0,25.0,1000000.0,500000.0,259659.0,4.0,3.0,0.0,1.0,1210000.0,0.0,1.0
3758520.0,6.0,42.0,2500000.0,525000.0,572442.0,4.0,2.0,0.0,0.0,2419532.0,1.0,0.0
1604400.0,2.0,44.0,4000000.0,2000000.0,632417.0,11.0,4.0,1.0,3.0,916148.0,0.0,1.0
1200000.0,10.0,44.0,1400000.0,400000.0,110977.0,4.0,1.0,1.0,2.0,1375907.0,1.0,0.0
1723746.0,10.0,47.0,10000000.0,5000000.0,146200.0,15.0,6.0,3.0,5.0,1290909.0,1.0,0.0
960000.0,6.0,38.0,8000000.0,4000000.0,142580.0,13.0,8.0,0.0,1.0,14839627.0,1.0,0.0
1522500.0,12.0,29.0,3000000.0,500000.0,119316.0,1.0,0.0,0.0,0.0,33334.0,1.0,0.0
674700.0,9.0,23.0,1300000.0,500000.0,63102.0,7.0,1.0,0.0,4.0,1210000.0,0.0,1.0
1971840.0,6.0,60.0,4000000.0,1500000.0,292471.0,7.0,3.0,1.0,0.0,4307658.0,1.0,0.0
1773960.0,12.0,56.0,5200000.0,1000000.0,139197.0,9.0,5.0,0.0,3.0,5705603.0,1.0,0.0
2970952.8,9.0,34.0,3000000.0,1200000.0,278525.0,5.0,2.0,0.0,1.0,4156856.0,1.0,0.0
3625078.8,9.0,49.0,4000000.0,2000000.0,338065.0,12.0,11.0,0.0,0.0,6029697.0,1.0,0.0
708000.0,12.0,54.0,2800000.0,0.0,55785.0,7.0,2.0,1.0,2.0,2852295.0,1.0,0.0
1800961.2,12.0,64.0,1400000.0,500000.0,141667.0,1.0,1.0,0.0,0.0,1330992.0,1.0,0.0
2880000.0,12.0,44.0,3800000.0,650000.0,200000.0,15.0,5.0,0.0,3.0,3525834.0,1.0,0.0
2616927.6,8.0,64.0,5000000.0,4000000.0,273291.0,6.0,5.0,0.0,0.0,1278782.0,1.0,0.0
2848800.0,12.0,45.0,6500000.0,500000.0,223814.0,6.0,3.0,0.0,0.0,6273939.0,1.0,0.0
3792960.0,12.0,39.0,4000000.0,2800000.0,263400.0,3.0,3.0,0.0,0.0,4756308.0,1.0,0.0
759124.7999999999,10.0,34.0,1300000.0,600000.0,64656.0,2.0,2.0,0.0,0.0,2820005.0,1.0,0.0
3192000.0,12.0,29.0,3000000.0,1000000.0,249631.0,11.0,0.0,0.0,1.0,1210000.0,1.0,0.0
3185444.4,9.0,40.0,3000000.0,1500000.0,298633.0,6.0,4.0,0.0,0.0,595198.0,1.0,0.0
959880.0,12.0,41.0,5600000.0,1500000.0,75221.0,9.0,4.0,0.0,4.0,5764909.0,1.0,0.0
1498992.0,5.0,62.0,5000000.0,2000000.0,243535.0,11.0,7.0,0.0,1.0,1210000.0,0.0,1.0
2301360.0,6.0,34.0,2610000.0,902000.0,347592.0,3.0,2.0,0.0,0.0,3778222.0,1.0,0.0
3278569.1999999997,9.0,68.0,5000000.0,2000000.0,307951.0,3.0,2.0,0.0,0.0,1210000.0,1.0,0.0
2789599.1999999997,10.0,38.0,3740000.0,1800000.0,236601.0,5.0,2.0,1.0,0.0,2155260.0,1.0,0.0
1736228.4,10.0,41.0,2000000.0,800000.0,147259.0,9.0,5.0,2.0,1.0,916148.0,0.0,1.0
3251820.0,6.0,29.0,2100000.0,262000.0,494475.0,2.0,1.0,0.0,0.0,1000000.0,1.0,0.0
3600000.0,36.0,42.0,2500000.0,1000000.0,116567.0,3.0,2.0,0.0,0.0,908526.0,1.0,0.0
4428151.2,10.0,35.0,4000000.0,2000000.0,376561.0,3.0,0.0,2.0,1.0,1210000.0,0.0,1.0
2986800.0,6.0,46.0,2000000.0,500000.0,443014.0,5.0,4.0,0.0,0.0,2665720.0,1.0,0.0
8400000.0,36.0,35.0,5000000.0,1200000.0,270239.0,3.0,0.0,0.0,0.0,1210000.0,1.0,0.0
1068360.0,6.0,64.0,3800000.0,300000.0,158406.0,4.0,0.0,2.0,2.0,905965.0,0.0,1.0
1044378.0,12.0,54.0,2750000.0,825000.0,81676.0,12.0,9.0,0.0,2.0,3986082.0,1.0,0.0
1920000.0,6.0,26.0,8000000.0,1500000.0,285172.0,3.0,2.0,0.0,0.0,30839.0,0.0,1.0
1944000.0,6.0,42.0,2500000.0,1800000.0,289718.0,6.0,3.0,0.0,1.0,1755690.0,1.0,0.0
2896560.0,12.0,41.0,3800000.0,750000.0,227566.0,6.0,4.0,0.0,0.0,908526.0,1.0,0.0
2065746.0,18.0,67.0,3400000.0,408000.0,122030.0,4.0,0.0,2.0,1.0,983368.0,1.0,0.0
768000.0,6.0,65.0,1300000.0,0.0,114250.0,3.0,0.0,0.0,3.0,1210000.0,0.0,1.0
2014560.0,6.0,67.0,2200000.0,1000000.0,299489.0,3.0,2.0,1.0,0.0,1210000.0,1.0,0.0
1344000.0,6.0,54.0,5000000.0,2000000.0,200286.0,9.0,4.0,0.0,2.0,1210000.0,0.0,1.0
2138400.0,12.0,41.0,2500000.0,1000000.0,167793.0,5.0,1.0,0.0,3.0,1516013.0,0.0,1.0
1269000.0,5.0,38.0,5000000.0,345.0,205990.0,11.0,6.0,0.0,3.0,1210000.0,0.0,1.0
2280000.0,24.0,29.0,6354337.0,1455000.0,105646.0,7.0,2.0,0.0,1.0,6354337.0,1.0,0.0
5571000.0,36.0,32.0,5000000.0,120000.0,185029.0,10.0,5.0,0.0,2.0,1000000.0,1.0,0.0
840000.0,6.0,38.0,5260000.0,6492000.0,129991.0,11.0,5.0,0.0,4.0,3295891.0,0.0,1.0
1158786.0,10.0,35.0,1600000.0,600000.0,98386.0,1.0,1.0,0.0,0.0,2220165.0,1.0,0.0
1539120.0,12.0,44.0,2800000.0,600000.0,106883.0,2.0,1.0,0.0,0.0,30285.0,1.0,0.0
1092000.0,6.0,59.0,4000000.0,1000000.0,162294.0,7.0,4.0,0.0,1.0,1210000.0,0.0,1.0
548232.0,2.0,43.0,5000000.0,2000000.0,216259.0,4.0,0.0,1.0,2.0,454263.0,0.0,1.0
2280000.0,6.0,39.0,3050000.0,326000.0,343182.0,2.0,1.0,1.0,0.0,969508.0,0.0,1.0
732284.4,12.0,45.0,1000000.0,400000.0,57698.0,3.0,0.0,0.0,2.0,1210000.0,1.0,0.0
1848000.0,6.0,39.0,2000000.0,800000.0,274744.0,5.0,0.0,2.0,2.0,933473.0,0.0,1.0
811380.0,9.0,31.0,4000000.0,2500000.0,75848.0,1.0,1.0,0.0,0.0,1210000.0,1.0,0.0
2317927.1999999997,10.0,54.0,6400000.0,2800000.0,196596.0,7.0,2.0,0.0,3.0,1210000.0,0.0,1.0
2579880.0,12.0,37.0,3469151.0,3254000.0,207651.0,13.0,5.0,0.0,6.0,3462331.0,1.0,0.0
3146040.0,12.0,29.0,3000000.0,1000000.0,218475.0,4.0,1.0,0.0,1.0,908526.0,0.0,1.0
740662.7999999999,10.0,45.0,1500000.0,800000.0,62820.0,10.0,3.0,0.0,6.0,1210000.0,1.0,0.0
3903600.0,12.0,40.0,2000000.0,800000.0,306302.0,4.0,3.0,0.0,0.0,1416666.0,1.0,0.0
1419600.0,6.0,34.0,3770000.0,6209000.0,215492.0,13.0,7.0,0.0,3.0,1210000.0,0.0,1.0
480000.0,6.0,41.0,2500000.0,400000.0,66667.0,4.0,2.0,0.0,1.0,2452076.0,1.0,0.0
1146000.0,6.0,51.0,2000000.0,300000.0,170367.0,1.0,0.0,0.0,1.0,910001.0,0.0,1.0
7592304.0,6.0,31.0,10000000.0,5000000.0,1141364.0,9.0,6.0,0.0,0.0,954263.0,1.0,0.0
1996800.0,12.0,29.0,3000000.0,730000.0,161726.0,6.0,4.0,0.0,0.0,2262922.0,1.0,0.0
2820000.0,6.0,46.0,8000000.0,4000000.0,418561.0,6.0,2.0,1.0,0.0,908526.0,0.0,1.0
1171260.0,6.0,38.0,1200000.0,500000.0,173964.0,2.0,0.0,1.0,0.0,1022964.0,0.0,1.0
1538112.0,12.0,40.0,3100000.0,320000.0,123522.0,9.0,4.0,0.0,2.0,1210000.0,1.0,0.0
878880.0,5.0,34.0,4000000.0,2000000.0,142457.0,10.0,5.0,0.0,3.0,1210000.0,0.0,1.0
995880.0,8.0,45.0,1500000.0,500000.0,113183.0,12.0,7.0,0.0,2.0,830154.0,1.0,0.0
4532400.0,36.0,41.0,2552000.0,0.0,171015.0,2.0,1.0,0.0,0.0,3500000.0,1.0,0.0
2520000.0,6.0,40.0,2800000.0,550000.0,377405.0,4.0,4.0,0.0,0.0,1210000.0,1.0,0.0
2888496.0,9.0,36.0,4000000.0,2500000.0,270665.0,5.0,4.0,0.0,1.0,2655812.0,1.0,0.0
1784280.0,12.0,24.0,1540000.0,600000.0,123908.0,8.0,3.0,0.0,1.0,1537557.0,1.0,0.0
1588800.0,6.0,38.0,4000000.0,1500000.0,236782.0,5.0,2.0,1.0,0.0,1210000.0,0.0,1.0
2434246.8,11.0,38.0,2000000.0,1000000.0,191668.0,9.0,2.0,0.0,5.0,908526.0,0.0,1.0
1581631.2,5.0,49.0,3000000.0,1200000.0,257260.0,3.0,3.0,0.0,0.0,1941742.0,1.0,0.0
1175040.0,8.0,38.0,2000000.0,500000.0,133152.0,4.0,3.0,0.0,0.0,1979167.0,1.0,0.0
816387.6,10.0,57.0,3000000.0,1000000.0,69533.0,10.0,9.0,0.0,0.0,954263.0,0.0,1.0
900000.0,24.0,48.0,1400000.0,146000.0,40545.0,4.0,1.0,2.0,0.0,1320870.0,1.0,0.0
3656602.8,10.0,37.0,2500000.0,1000000.0,310462.0,8.0,7.0,0.0,1.0,916841.0,1.0,0.0
1794266.4,6.0,40.0,2800000.0,800000.0,269719.0,9.0,6.0,0.0,2.0,2969084.0,1.0,0.0
2396952.0,10.0,54.0,2800000.0,1000000.0,203298.0,7.0,2.0,0.0,1.0,1210000.0,1.0,0.0
2048760.0,10.0,56.0,3000000.0,1100000.0,189372.0,6.0,2.0,0.0,4.0,908526.0,1.0,0.0
1233600.0,6.0,49.0,1000000.0,2242000.0,185880.0,6.0,1.0,1.0,3.0,901317.0,1.0,0.0
3326946.0,10.0,29.0,1200000.0,900000.0,283214.0,6.0,3.0,0.0,2.0,1234807.0,0.0,1.0
5071200.0,6.0,41.0,5000000.0,1000000.0,751906.0,4.0,0.0,0.0,3.0,1210000.0,1.0,0.0
3571200.0,36.0,44.0,3190000.0,893000.0,139998.0,5.0,0.0,3.0,1.0,1383531.0,1.0,0.0
504480.0,6.0,26.0,4734155.0,497000.0,75934.0,7.0,2.0,0.0,4.0,1320000.0,1.0,0.0
2961360.0,6.0,24.0,3050000.0,554000.0,452267.0,4.0,1.0,0.0,1.0,1210000.0,1.0,0.0
2447108.4,10.0,44.0,3236000.0,1377000.0,219714.0,7.0,5.0,0.0,0.0,1210000.0,0.0,1.0
983760.0,6.0,37.0,2000000.0,700000.0,146015.0,6.0,1.0,0.0,2.0,1210000.0,1.0,0.0
5011440.0,36.0,28.0,2500000.0,100000.0,172063.0,5.0,3.0,0.0,1.0,791804.0,0.0,1.0
4880618.399999999,10.0,55.0,6000000.0,3000000.0,413951.0,5.0,1.0,0.0,4.0,1210000.0,0.0,1.0
2137707.6,10.0,43.0,2500000.0,2000000.0,183955.0,5.0,4.0,0.0,0.0,3074559.0,1.0,0.0
2236320.0,18.0,23.0,2700000.0,0.0,123775.0,8.0,3.0,0.0,3.0,3533459.0,1.0,0.0
1166156.4,10.0,30.0,3000000.0,2000000.0,99272.0,4.0,2.0,0.0,1.0,908526.0,0.0,1.0
989384.3999999999,6.0,25.0,2280000.0,95000.0,149434.0,1.0,0.0,0.0,1.0,1695169.0,1.0,0.0
6479616.0,8.0,40.0,8000000.0,3000000.0,734253.0,4.0,2.0,0.0,0.0,908526.0,0.0,1.0
2796960.0,12.0,35.0,2500000.0,700000.0,219194.0,10.0,5.0,0.0,2.0,3846791.0,1.0,0.0
14112000.0,6.0,55.0,12000000.0,4200000.0,2106554.0,7.0,5.0,0.0,0.0,1555000.0,0.0,1.0
1632000.0,12.0,42.0,3000000.0,1500000.0,128443.0,9.0,3.0,1.0,5.0,1613333.0,1.0,0.0
1747440.0,6.0,46.0,4000000.0,1500000.0,259355.0,5.0,4.0,0.0,1.0,1210000.0,1.0,0.0
3274462.8,12.0,59.0,8000000.0,4000000.0,259588.0,8.0,3.0,0.0,2.0,60570.0,0.0,1.0
1280640.0,6.0,56.0,4000000.0,500000.0,191156.0,5.0,4.0,0.0,0.0,1210000.0,0.0,1.0
4368000.0,12.0,37.0,2590000.0,1343000.0,353775.0,16.0,4.0,0.0,11.0,2100000.0,0.0,1.0
878880.0,5.0,52.0,5000000.0,2000000.0,142664.0,9.0,4.0,0.0,3.0,926820.0,0.0,1.0
1311600.0,6.0,55.0,3800000.0,2000000.0,196448.0,4.0,2.0,0.0,1.0,1210000.0,0.0,1.0
3234000.0,6.0,24.0,3800000.0,1000000.0,480802.0,5.0,2.0,0.0,0.0,1210000.0,1.0,0.0
2085421.2,12.0,23.0,1200000.0,600000.0,144821.0,6.0,0.0,0.0,3.0,891714.0,1.0,0.0
7719586.8,6.0,52.0,12000000.0,0.0,1147292.0,2.0,0.0,0.0,1.0,931394.0,0.0,1.0
6000000.0,12.0,43.0,7000000.0,1300000.0,474251.0,5.0,2.0,0.0,0.0,939155.0,0.0,1.0
2040000.0,12.0,38.0,1700000.0,200000.0,160537.0,5.0,1.0,1.0,1.0,1379560.0,1.0,0.0
2522487.6,9.0,43.0,3000000.0,1200000.0,236481.0,9.0,8.0,0.0,0.0,3674133.0,1.0,0.0
3727500.0,24.0,55.0,2000000.0,300000.0,163826.0,2.0,1.0,0.0,0.0,1210000.0,0.0,1.0
3275880.0,12.0,30.0,3000000.0,700000.0,227492.0,7.0,4.0,0.0,1.0,1149617.0,1.0,0.0
2862742.8,10.0,60.0,8000000.0,2500000.0,243697.0,16.0,11.0,0.0,1.0,941789.0,0.0,1.0
4113600.0,6.0,46.0,12000000.0,3500000.0,610564.0,9.0,5.0,1.0,1.0,1378277.0,0.0,1.0
875880.0,6.0,39.0,2500000.0,1000000.0,121650.0,5.0,1.0,0.0,3.0,2481481.0,1.0,0.0
1824000.0,6.0,57.0,4000000.0,600000.0,270790.0,2.0,0.0,0.0,2.0,1210000.0,0.0,1.0
1449754.8,10.0,37.0,2500000.0,1600000.0,123284.0,5.0,2.0,0.0,1.0,10662620.0,1.0,0.0
2051131.2,11.0,49.0,3100000.0,1500000.0,159310.0,7.0,2.0,0.0,1.0,1210000.0,1.0,0.0
942770.4,9.0,28.0,1913777.0,205000.0,88553.0,5.0,1.0,0.0,4.0,2042219.0,1.0,0.0
3686596.8,6.0,39.0,2500000.0,0.0,547905.0,6.0,2.0,0.0,2.0,1210000.0,0.0,1.0
3049848.0,9.0,43.0,3000000.0,1800000.0,285511.0,5.0,2.0,0.0,2.0,1210000.0,1.0,0.0
3077520.0,12.0,28.0,2100000.0,300000.0,213717.0,1.0,0.0,0.0,0.0,2071818.0,1.0,0.0
6749890.8,24.0,33.0,1800000.0,100000.0,296722.0,6.0,5.0,0.0,0.0,2217767.0,1.0,0.0
4111830.0,11.0,63.0,5394000.0,486000.0,335628.0,8.0,7.0,0.0,0.0,1210000.0,1.0,0.0
939462.0,8.0,51.0,1980000.0,295000.0,110120.0,7.0,3.0,0.0,1.0,707894.0,1.0,0.0
1659963.5999999999,10.0,43.0,3500000.0,1500000.0,140938.0,18.0,15.0,0.0,1.0,884360.0,0.0,1.0
1727760.0,24.0,64.0,2870000.0,888000.0,80961.0,5.0,3.0,0.0,2.0,984754.0,1.0,0.0
1497600.0,12.0,32.0,2000000.0,800000.0,117804.0,3.0,1.0,0.0,0.0,1054732.0,0.0,1.0
742800.0,6.0,60.0,2000000.0,700000.0,111245.0,4.0,1.0,0.0,2.0,946640.0,1.0,0.0
1269000.0,2.0,50.0,5000000.0,2000000.0,500578.0,5.0,4.0,0.0,1.0,2776916.0,0.0,1.0
647760.0,6.0,34.0,4000000.0,700000.0,96537.0,9.0,4.0,0.0,1.0,1210000.0,0.0,1.0
612300.0,6.0,43.0,1300000.0,300000.0,91252.0,6.0,1.0,1.0,3.0,1434302.0,1.0,0.0
2470800.0,12.0,64.0,7000000.0,4000000.0,193875.0,8.0,3.0,2.0,0.0,5237760.0,1.0,0.0
1833478.8,12.0,32.0,1200000.0,400000.0,127325.0,4.0,2.0,0.0,1.0,1108269.0,1.0,0.0
1320840.0,10.0,57.0,3500000.0,1800000.0,122089.0,18.0,12.0,0.0,0.0,982296.0,1.0,0.0
960000.0,6.0,30.0,3000000.0,1600000.0,142580.0,4.0,2.0,0.0,1.0,688965.0,0.0,1.0
6597360.0,12.0,55.0,5000000.0,1000000.0,458150.0,1.0,0.0,1.0,0.0,908526.0,0.0,1.0
1347600.0,12.0,38.0,5251000.0,2227000.0,110487.0,15.0,3.0,0.0,11.0,1100193.0,0.0,1.0
744000.0,6.0,61.0,1700000.0,950000.0,110227.0,4.0,0.0,2.0,2.0,908526.0,1.0,0.0
1634880.0,12.0,69.0,7000000.0,3000000.0,128123.0,10.0,6.0,0.0,3.0,1210000.0,1.0,0.0
2488800.0,24.0,37.0,1950000.0,300000.0,108416.0,8.0,2.0,3.0,2.0,1822482.0,1.0,0.0
1654681.2,6.0,25.0,4100000.0,700000.0,229817.0,2.0,2.0,0.0,0.0,1490065.0,1.0,0.0
3975360.0,6.0,40.0,4000000.0,1500000.0,593386.0,6.0,3.0,0.0,0.0,2604167.0,1.0,0.0
1953600.0,18.0,43.0,1200000.0,600000.0,108127.0,5.0,2.0,1.0,2.0,1180333.0,1.0,0.0
1471080.0,6.0,33.0,5000000.0,1000000.0,220314.0,6.0,4.0,0.0,0.0,173333.0,0.0,1.0
1747200.0,12.0,47.0,1850000.0,500000.0,137438.0,11.0,3.0,1.0,6.0,1739202.0,1.0,0.0
3484800.0,12.0,50.0,6000000.0,5000000.0,272530.0,6.0,3.0,0.0,1.0,908526.0,0.0,1.0
622213.2,6.0,46.0,1730000.0,739000.0,95399.0,10.0,0.0,0.0,10.0,1210000.0,1.0,0.0
1800000.0,6.0,58.0,6000000.0,3000000.0,268679.0,3.0,1.0,0.0,2.0,2743636.0,1.0,0.0
1865268.0,5.0,33.0,3456000.0,1000000.0,303395.0,2.0,0.0,1.0,0.0,1350100.0,1.0,0.0
4607640.0,6.0,47.0,2000000.0,900000.0,685023.0,7.0,4.0,0.0,0.0,1210000.0,0.0,1.0
1479499.2,4.0,37.0,2500000.0,1500000.0,300032.0,2.0,1.0,0.0,0.0,2046666.0,0.0,1.0
1200000.0,12.0,31.0,1330000.0,300000.0,94154.0,2.0,0.0,1.0,0.0,941870.0,1.0,0.0
1082400.0,6.0,27.0,1700000.0,0.0,162104.0,1.0,0.0,0.0,1.0,1446840.0,1.0,0.0
2255880.0,6.0,59.0,3000000.0,1000000.0,335364.0,4.0,4.0,0.0,0.0,1775030.0,1.0,0.0
2158800.0,24.0,45.0,4069878.0,1228000.0,100030.0,2.0,2.0,0.0,0.0,4431202.0,1.0,0.0
3753600.0,6.0,40.0,10000000.0,3000000.0,559406.0,19.0,4.0,0.0,13.0,968096.0,0.0,1.0
1497600.0,6.0,46.0,1356096.0,818000.0,225903.0,7.0,3.0,0.0,1.0,1376101.0,1.0,0.0
1964424.0,9.0,46.0,7000000.0,3500000.0,183899.0,4.0,4.0,0.0,0.0,6755460.0,1.0,0.0
672000.0,6.0,32.0,1429092.0,60000.0,101148.0,1.0,0.0,0.0,1.0,1413452.0,1.0,0.0
2039400.0,6.0,36.0,2000000.0,800000.0,302354.0,5.0,0.0,1.0,2.0,1314956.0,1.0,0.0
1498992.0,2.0,57.0,4000000.0,2000000.0,591302.0,17.0,13.0,0.0,1.0,947729.0,0.0,1.0
1451221.2,8.0,26.0,1600000.0,250000.0,164165.0,5.0,2.0,0.0,1.0,1629300.0,1.0,0.0
6480000.0,6.0,44.0,22000000000.0,10000000.0,963113.0,5.0,3.0,0.0,0.0,931394.0,0.0,1.0
3156000.0,12.0,30.0,2800000.0,1400000.0,247929.0,8.0,4.0,1.0,1.0,1210000.0,0.0,1.0
1727880.0,6.0,56.0,2000000.0,500000.0,257928.0,4.0,4.0,0.0,0.0,1000000.0,1.0,0.0
1126440.0,6.0,22.0,1000000.0,150000.0,167193.0,1.0,1.0,0.0,0.0,962243.0,1.0,0.0
1908000.0,8.0,59.0,8000000.0,4000000.0,217051.0,7.0,5.0,0.0,0.0,923771.0,0.0,1.0
3602160.0,12.0,27.0,2500000.0,700000.0,282649.0,2.0,1.0,0.0,0.0,908526.0,1.0,0.0
3388416.0,10.0,24.0,3500000.0,1500000.0,287842.0,4.0,3.0,0.0,1.0,654378.0,0.0,1.0
2565900.0,18.0,28.0,1380000.0,0.0,145112.0,3.0,1.0,1.0,0.0,928193.0,1.0,0.0
1543080.0,6.0,26.0,2500000.0,1000000.0,229954.0,10.0,6.0,0.0,0.0,954263.0,1.0,0.0
892669.2,6.0,24.0,1500000.0,1000000.0,121685.0,2.0,1.0,0.0,1.0,978280.0,1.0,0.0
1269000.0,8.0,34.0,5000000.0,2000000.0,132239.0,3.0,2.0,0.0,1.0,925157.0,0.0,1.0
791880.0,24.0,40.0,2200000.0,200000.0,34618.0,5.0,3.0,0.0,1.0,913092.0,1.0,0.0
2640000.0,6.0,33.0,8000000.0,1500000.0,396852.0,6.0,1.0,1.0,0.0,1210000.0,0.0,1.0
4589198.399999999,10.0,59.0,2100000.0,0.0,402630.0,2.0,0.0,0.0,0.0,983368.0,0.0,1.0
1300351.2,6.0,40.0,1937000.0,0.0,201232.0,0.0,0.0,0.0,0.0,2115056.0,1.0,0.0
2400000.0,8.0,58.0,6000000.0,2400000.0,272667.0,6.0,0.0,2.0,4.0,1210000.0,0.0,1.0
2542434.0,10.0,30.0,3400000.0,2000000.0,216204.0,5.0,4.0,0.0,0.0,2911429.0,1.0,0.0
1199760.0,12.0,39.0,1400000.0,600000.0,94375.0,2.0,2.0,0.0,0.0,1175338.0,1.0,0.0
2800693.1999999997,11.0,44.0,5000000.0,4000000.0,217529.0,5.0,2.0,0.0,1.0,5234954.0,0.0,1.0
2147760.0,12.0,26.0,1500000.0,600000.0,149150.0,5.0,2.0,0.0,1.0,1185221.0,1.0,0.0
2280000.0,6.0,45.0,877803.0,2058000.0,343216.0,10.0,7.0,0.0,1.0,959344.0,0.0,1.0
1656360.0,12.0,65.0,3110000.0,918000.0,132937.0,3.0,2.0,0.0,1.0,1210000.0,0.0,1.0
1049888.4,10.0,21.0,1500000.0,920000.0,89140.0,4.0,2.0,0.0,1.0,927857.0,1.0,0.0
2098800.0,12.0,40.0,4200000.0,1200000.0,164168.0,1.0,0.0,1.0,0.0,916148.0,0.0,1.0
2255220.0,6.0,34.0,3580000.0,2132000.0,337750.0,3.0,2.0,0.0,1.0,981705.0,1.0,0.0
567600.0,6.0,38.0,2000000.0,100000.0,85328.0,6.0,1.0,0.0,3.0,90853.0,1.0,0.0
972650.3999999999,10.0,39.0,3500000.0,2000000.0,82712.0,3.0,3.0,0.0,0.0,2819444.0,1.0,0.0
1320000.0,8.0,61.0,2000000.0,1000000.0,150497.0,11.0,1.0,4.0,4.0,946640.0,0.0,1.0
922660.7999999999,10.0,32.0,1500000.0,800000.0,78256.0,2.0,0.0,0.0,1.0,1210000.0,1.0,0.0
3014400.0,6.0,59.0,3500000.0,800000.0,451448.0,4.0,3.0,1.0,0.0,585494.0,0.0,1.0
4760270.399999999,36.0,34.0,1117000.0,300000.0,154419.0,17.0,1.0,0.0,15.0,931394.0,1.0,0.0
1684296.0,10.0,54.0,2500000.0,1000000.0,143004.0,5.0,4.0,1.0,0.0,2295581.0,1.0,0.0
2487499.1999999997,6.0,43.0,4500000.0,3000000.0,373111.0,10.0,7.0,0.0,1.0,31555.0,0.0,1.0
487923.6,6.0,61.0,1500000.0,250000.0,72344.0,6.0,0.0,0.0,6.0,1210000.0,0.0,1.0
568800.0,6.0,54.0,1660000.0,257000.0,85910.0,1.0,0.0,0.0,1.0,1210000.0,0.0,1.0
4296000.0,12.0,52.0,6000000.0,2000000.0,337485.0,4.0,3.0,0.0,0.0,1480000.0,0.0,1.0
4541006.399999999,9.0,42.0,5000000.0,2000000.0,424091.0,3.0,1.0,1.0,0.0,30285.0,1.0,0.0
2307480.0,12.0,36.0,6000000.0,1000000.0,160242.0,11.0,7.0,0.0,0.0,2918294.0,1.0,0.0
3414480.0,6.0,49.0,8000000.0,3000000.0,505922.0,2.0,0.0,1.0,1.0,1210000.0,0.0,1.0
1277640.0,6.0,47.0,3000000.0,260000.0,189418.0,3.0,0.0,0.0,2.0,1210000.0,0.0,1.0
1996800.0,12.0,36.0,1800000.0,1200000.0,156160.0,7.0,3.0,0.0,1.0,1556102.0,1.0,0.0
1152000.0,6.0,55.0,18200000.0,8219000.0,173397.0,11.0,6.0,1.0,1.0,961885.0,0.0,1.0
480000.0,6.0,57.0,1800000.0,400000.0,71293.0,2.0,2.0,0.0,0.0,1210000.0,1.0,0.0
768000.0,12.0,43.0,3500000.0,1000000.0,60884.0,3.0,2.0,1.0,0.0,2655208.0,1.0,0.0
2123935.1999999997,10.0,39.0,2000000.0,200000.0,180142.0,2.0,0.0,1.0,0.0,1276334.0,1.0,0.0
673596.0,6.0,22.0,1900000.0,450000.0,99874.0,4.0,1.0,0.0,2.0,1210000.0,1.0,0.0
14400000.0,6.0,36.0,10000000.0,2000000.0,2140141.0,11.0,6.0,0.0,3.0,4123560.0,1.0,0.0
996000.0,12.0,59.0,1200000.0,60000.0,78967.0,2.0,1.0,0.0,0.0,1210000.0,0.0,1.0
3661560.0,12.0,61.0,8000000.0,3200000.0,288025.0,6.0,5.0,0.0,0.0,60569.0,0.0,1.0
3480000.0,6.0,44.0,8000000.0,1600000.0,521178.0,5.0,3.0,0.0,0.0,60569.0,0.0,1.0
698230.7999999999,9.0,33.0,1500000.0,200000.0,65459.0,3.0,2.0,0.0,0.0,66667.0,0.0,1.0
433312.8,10.0,50.0,7855333.0,4367250.0,36809.0,3.0,1.0,0.0,1.0,1210000.0,0.0,1.0
1320000.0,6.0,36.0,5100000.0,650000.0,196722.0,8.0,5.0,0.0,2.0,5014276.0,1.0,0.0
1227480.0,12.0,34.0,1300000.0,400000.0,96316.0,4.0,0.0,2.0,2.0,514832.0,1.0,0.0
5528109.6,5.0,29.0,5090000.0,766000.0,907017.0,7.0,5.0,0.0,1.0,12228441.0,1.0,0.0
2595600.0,12.0,29.0,3500000.0,750000.0,203905.0,12.0,7.0,0.0,0.0,3749608.0,1.0,0.0
3323640.0,6.0,47.0,3500000.0,1300000.0,493651.0,5.0,0.0,1.0,3.0,931394.0,0.0,1.0
1269000.0,2.0,60.0,7000000.0,3500000.0,500431.0,5.0,3.0,0.0,2.0,1000000.0,0.0,1.0
1489144.8,11.0,69.0,3400000.0,1300000.0,115859.0,5.0,2.0,0.0,1.0,1210000.0,0.0,1.0
1200000.0,6.0,31.0,1000000.0,1053000.0,180640.0,3.0,0.0,2.0,1.0,966909.0,1.0,0.0
2697600.0,12.0,55.0,2040000.0,416000.0,216528.0,2.0,0.0,0.0,2.0,1210000.0,0.0,1.0
1428000.0,10.0,46.0,4500000.0,1200000.0,132048.0,2.0,0.0,1.0,0.0,1210000.0,0.0,1.0
1862200.8,9.0,40.0,2558811.0,1257977.0,174163.0,9.0,6.0,0.0,1.0,2521428.0,0.0,1.0
4216380.0,24.0,36.0,10000000.0,4000000.0,183899.0,7.0,3.0,2.0,2.0,1210000.0,0.0,1.0
1620000.0,24.0,30.0,4500000.0,3500000.0,70811.0,14.0,9.0,0.0,2.0,3792568.0,1.0,0.0
1425649.2,12.0,38.0,2700000.0,750000.0,112203.0,4.0,0.0,0.0,2.0,1210000.0,0.0,1.0
3533400.0,12.0,46.0,1800000.0,500000.0,245375.0,5.0,3.0,2.0,0.0,1979517.0,1.0,0.0
1627759.2,11.0,26.0,3800000.0,2000000.0,125956.0,2.0,0.0,0.0,1.0,908526.0,1.0,0.0
1348800.0,6.0,61.0,3800000.0,850000.0,200189.0,6.0,6.0,0.0,0.0,1210000.0,0.0,1.0
1743480.0,6.0,47.0,4000000.0,2000000.0,242150.0,6.0,6.0,0.0,0.0,916148.0,0.0,1.0
2710920.0,12.0,46.0,4370000.0,2917000.0,218238.0,7.0,6.0,0.0,0.0,1210000.0,1.0,0.0
3270720.0,18.0,37.0,5500000.0,2500000.0,180686.0,8.0,2.0,1.0,3.0,5445287.0,1.0,0.0
4944000.0,6.0,51.0,30000000.0,10000000.0,732474.0,9.0,7.0,0.0,1.0,2345454.0,0.0,1.0
1621632.0,6.0,42.0,2740000.0,107000.0,243701.0,3.0,1.0,0.0,1.0,793152.0,0.0,1.0
1783920.0,6.0,31.0,1700000.0,500000.0,264477.0,7.0,5.0,1.0,0.0,1398873.0,1.0,0.0
974280.0,8.0,47.0,1800000.0,450000.0,110503.0,4.0,2.0,0.0,1.0,908526.0,1.0,0.0
679122.0,12.0,39.0,3500000.0,2600000.0,47161.0,3.0,1.0,0.0,0.0,811303.0,1.0,0.0
2845440.0,8.0,27.0,8000000.0,4000000.0,322020.0,5.0,3.0,0.0,1.0,1210000.0,0.0,1.0
2762520.0,12.0,54.0,2400000.0,1300000.0,216495.0,2.0,0.0,1.0,0.0,3181242.0,1.0,0.0
1848004.8,6.0,67.0,5000000.0,1000000.0,277814.0,6.0,5.0,0.0,0.0,1210000.0,1.0,0.0
538680.0,5.0,57.0,4000000.0,2000000.0,87314.0,13.0,6.0,1.0,1.0,908526.0,0.0,1.0
1064160.0,6.0,67.0,8000000.0,4500000.0,157943.0,15.0,9.0,2.0,0.0,1210000.0,1.0,0.0
1033833.6,4.0,57.0,5000000.0,2500000.0,207551.0,6.0,4.0,0.0,0.0,908526.0,0.0,1.0
2207640.0,6.0,36.0,1200000.0,1436000.0,330625.0,7.0,5.0,0.0,0.0,1173502.0,1.0,0.0
3131252.4,10.0,29.0,5800000.0,2000000.0,266694.0,2.0,2.0,0.0,0.0,1697338.0,1.0,0.0
1770003.5999999999,10.0,29.0,2450000.0,1200000.0,149887.0,10.0,1.0,0.0,3.0,1210000.0,1.0,0.0
2034186.0,9.0,32.0,3000000.0,1000000.0,190704.0,8.0,5.0,0.0,2.0,2455415.0,1.0,0.0
764400.0,6.0,37.0,2200000.0,938000.0,115056.0,10.0,3.0,0.0,4.0,1210000.0,0.0,1.0
1785840.0,6.0,42.0,1200000.0,300000.0,264786.0,4.0,3.0,0.0,0.0,1210000.0,1.0,0.0
3085680.0,36.0,44.0,3000000.0,700000.0,99770.0,7.0,7.0,0.0,0.0,916841.0,1.0,0.0
3246000.0,12.0,29.0,1460000.0,239000.0,270107.0,5.0,1.0,0.0,3.0,992377.0,1.0,0.0
420000.0,6.0,49.0,2000000.0,300000.0,63136.0,5.0,2.0,0.0,2.0,1210000.0,0.0,1.0
2077092.0,6.0,32.0,1653000.0,295000.0,315298.0,4.0,1.0,0.0,2.0,1210000.0,0.0,1.0
8400000.0,24.0,60.0,4000000.0,800000.0,368905.0,5.0,4.0,0.0,0.0,1025010.0,1.0,0.0
4057200.0,24.0,26.0,1550000.0,500000.0,177365.0,2.0,0.0,0.0,2.0,1300000.0,1.0,0.0
955200.0,6.0,54.0,2460000.0,0.0,143790.0,3.0,0.0,0.0,1.0,1210000.0,0.0,1.0
3877728.0,24.0,31.0,20000000.0,1000000.0,170429.0,11.0,9.0,0.0,2.0,941789.0,0.0,1.0
1883880.0,12.0,48.0,6000000.0,3000000.0,130825.0,6.0,3.0,0.0,1.0,2165454.0,1.0,0.0
1305000.0,6.0,44.0,3000000.0,633000.0,195442.0,6.0,5.0,0.0,1.0,2625000.0,1.0,0.0
379774.8,5.0,41.0,1272000.0,225000.0,62041.0,3.0,1.0,0.0,2.0,2152346.0,1.0,0.0
788400.0,6.0,67.0,2500000.0,500000.0,117019.0,3.0,2.0,0.0,0.0,1210000.0,1.0,0.0
3392160.0,12.0,49.0,3600000.0,1100000.0,235567.0,3.0,1.0,1.0,0.0,1832000.0,1.0,0.0
2287200.0,6.0,29.0,3000000.0,1000000.0,339123.0,4.0,2.0,0.0,1.0,1210000.0,0.0,1.0
1449435.5999999999,10.0,53.0,3100000.0,1580000.0,122934.0,6.0,1.0,0.0,3.0,1210000.0,0.0,1.0
1852965.5999999999,9.0,32.0,3000000.0,1400000.0,173465.0,7.0,5.0,0.0,0.0,2789710.0,1.0,0.0
1524421.2,8.0,44.0,1500000.0,500000.0,173403.0,7.0,1.0,2.0,3.0,1210000.0,0.0,1.0
3239277.6,12.0,26.0,4000000.0,1500000.0,224950.0,7.0,1.0,0.0,3.0,1210000.0,0.0,1.0
1185660.0,2.0,46.0,5000000.0,2000000.0,467909.0,4.0,1.0,0.0,1.0,958420.0,0.0,1.0
1993404.0,10.0,35.0,2500000.0,1500000.0,169249.0,11.0,3.0,0.0,6.0,1117488.0,0.0,1.0
1127353.2,10.0,25.0,3500000.0,2500000.0,95717.0,2.0,0.0,0.0,1.0,916841.0,1.0,0.0
1031880.0,12.0,49.0,1250000.0,250000.0,71658.0,3.0,1.0,0.0,1.0,1210000.0,1.0,0.0
1451224.8,12.0,28.0,5300000.0,0.0,113873.0,10.0,3.0,0.0,3.0,3754827.0,1.0,0.0
1320000.0,12.0,40.0,4000000.0,1700000.0,103877.0,12.0,6.0,0.0,5.0,844855.0,1.0,0.0
2584680.0,10.0,55.0,20000000.0,18000000.0,219796.0,5.0,4.0,0.0,0.0,1200000.0,0.0,1.0
1268400.0,8.0,52.0,5000000.0,2000000.0,132347.0,6.0,3.0,0.0,1.0,939017.0,0.0,1.0
1584000.0,6.0,46.0,2000000.0,300000.0,237226.0,8.0,2.0,0.0,4.0,1210000.0,0.0,1.0
3873360.0,8.0,44.0,4000000.0,1500000.0,438729.0,4.0,2.0,0.0,2.0,3833333.0,1.0,0.0
1611759.5999999999,6.0,57.0,2070000.0,459000.0,244676.0,1.0,1.0,0.0,0.0,1000000.0,1.0,0.0
1460400.0,6.0,44.0,5460000.0,2413000.0,224666.0,11.0,7.0,1.0,2.0,809333.0,0.0,1.0
3343189.1999999997,12.0,42.0,2500000.0,1500000.0,232166.0,12.0,1.0,0.0,9.0,831495.0,1.0,0.0
1351200.0,12.0,68.0,3000000.0,1200000.0,106332.0,3.0,1.0,0.0,1.0,1335939.0,1.0,0.0
2832000.0,6.0,37.0,15000000.0,9000000.0,426729.0,13.0,9.0,2.0,1.0,133334.0,0.0,1.0
1506751.2,10.0,58.0,1200000.0,400000.0,128266.0,4.0,3.0,0.0,1.0,939017.0,0.0,1.0
1269000.0,5.0,39.0,5000000.0,2000000.0,205990.0,7.0,4.0,0.0,2.0,969508.0,0.0,1.0
2772454.8,10.0,122.0,443450000.0,197800000.0,235764.0,0.0,0.0,0.0,0.0,1210000.0,1.0,0.0
631560.0,6.0,57.0,1800000.0,400000.0,93736.0,11.0,1.0,0.0,10.0,1210000.0,0.0,1.0
14746392.0,6.0,43.0,13190000.0,15499000.0,2219827.0,8.0,7.0,0.0,1.0,1235613.0,0.0,1.0
1462982.4,10.0,60.0,3800000.0,1500000.0,124083.0,7.0,1.0,0.0,6.0,1210000.0,1.0,0.0
1661520.0,6.0,39.0,3500000.0,1000000.0,246353.0,3.0,1.0,0.0,1.0,2000000.0,1.0,0.0
5011680.0,12.0,55.0,4190000.0,1000000.0,348033.0,5.0,3.0,0.0,1.0,5399014.0,1.0,0.0
4561597.2,10.0,44.0,20090000.0,206629000.0,392396.0,24.0,22.0,0.0,2.0,2200000.0,0.0,1.0
2939478.0,9.0,45.0,3000000.0,1000000.0,275442.0,18.0,5.0,0.0,12.0,1210000.0,1.0,0.0
3384360.0,8.0,32.0,8000000.0,3200000.0,384526.0,3.0,0.0,1.0,0.0,867600.0,0.0,1.0
2784000.0,6.0,40.0,2600000.0,800000.0,412461.0,4.0,1.0,0.0,2.0,1210000.0,1.0,0.0
1389756.0,6.0,42.0,2470000.0,920000.0,209905.0,6.0,2.0,0.0,4.0,1210000.0,0.0,1.0
750708.0,5.0,48.0,5000000.0,2000000.0,121575.0,6.0,2.0,0.0,3.0,1210000.0,0.0,1.0
1200000.0,6.0,39.0,2720000.0,1300000.0,182777.0,2.0,1.0,0.0,1.0,766666.0,1.0,0.0
3017881.1999999997,12.0,42.0,6200000.0,2000000.0,236803.0,7.0,3.0,0.0,0.0,6257775.0,1.0,0.0
3625948.8,6.0,27.0,4500000.0,400000.0,539042.0,11.0,2.0,0.0,6.0,945115.0,1.0,0.0
1286040.0,8.0,22.0,746667.0,203000.0,148494.0,4.0,3.0,0.0,0.0,836333.0,1.0,0.0
2832960.0,24.0,56.0,1200000.0,400000.0,124511.0,1.0,0.0,0.0,0.0,1210000.0,1.0,0.0
1325880.0,6.0,59.0,2090000.0,224000.0,201938.0,3.0,0.0,0.0,2.0,5928954.0,1.0,0.0
3362460.0,12.0,38.0,3600000.0,1200000.0,263498.0,2.0,0.0,0.0,1.0,1210000.0,1.0,0.0
2244000.0,24.0,37.0,6000000.0,2000000.0,101093.0,11.0,3.0,0.0,6.0,11578740.0,1.0,0.0
2061289.2,10.0,39.0,4300000.0,3000000.0,175288.0,4.0,2.0,0.0,0.0,1741314.0,1.0,0.0
1712499.5999999999,12.0,41.0,4000000.0,3000000.0,134764.0,7.0,4.0,0.0,1.0,294430.0,0.0,1.0
1067520.0,12.0,52.0,5000000.0,2000000.0,74133.0,8.0,6.0,0.0,1.0,5185055.0,1.0,0.0
953120.3999999999,10.0,30.0,2000000.0,0.0,80967.0,1.0,1.0,0.0,0.0,1210000.0,1.0,0.0
2250000.0,24.0,42.0,8430000.0,4219000.0,102554.0,12.0,2.0,3.0,5.0,1210000.0,0.0,1.0
3874680.0,12.0,43.0,1500000.0,800000.0,303654.0,2.0,1.0,0.0,0.0,1210000.0,1.0,0.0
1553592.0,6.0,27.0,2940000.0,1196000.0,233844.0,5.0,4.0,0.0,0.0,1743292.0,1.0,0.0
401520.0,6.0,29.0,1960000.0,31000.0,61966.0,2.0,0.0,0.0,0.0,1210000.0,0.0,1.0
2069943.5999999999,10.0,55.0,6000000.0,2000000.0,175563.0,8.0,5.0,0.0,2.0,1210000.0,0.0,1.0
3861360.0,12.0,42.0,4700000.0,450000.0,268150.0,5.0,4.0,0.0,0.0,908526.0,1.0,0.0
1967881.2,12.0,29.0,1544000.0,500000.0,154413.0,1.0,0.0,0.0,0.0,1296556.0,1.0,0.0
1461735.5999999999,10.0,47.0,4000000.0,3000000.0,123978.0,9.0,5.0,0.0,1.0,1210000.0,0.0,1.0
7127594.399999999,3.0,26.0,10000000.0,2000000.0,1890410.0,5.0,5.0,0.0,0.0,1400000.0,1.0,0.0
2067543.5999999999,10.0,43.0,3500000.0,1800000.0,175359.0,5.0,3.0,0.0,0.0,1210000.0,1.0,0.0
1561200.0,12.0,54.0,6000000.0,2500000.0,122655.0,6.0,5.0,0.0,0.0,6354894.0,1.0,0.0
679122.0,12.0,48.0,2500000.0,1500000.0,47161.0,2.0,0.0,1.0,0.0,30285.0,0.0,1.0
1350493.2,10.0,54.0,4100000.0,2900000.0,114663.0,8.0,6.0,1.0,1.0,4740623.0,1.0,0.0
798000.0,6.0,35.0,2949000.0,800000.0,118308.0,11.0,7.0,0.0,1.0,4780750.0,1.0,0.0
2268000.0,10.0,46.0,5000000.0,2000000.0,209872.0,20.0,16.0,0.0,2.0,4515294.0,1.0,0.0
2595600.0,6.0,28.0,2200000.0,800000.0,384814.0,6.0,2.0,0.0,0.0,1210000.0,1.0,0.0
1661520.0,6.0,41.0,1500000.0,300000.0,246612.0,4.0,2.0,0.0,0.0,1503924.0,1.0,0.0
1200000.0,6.0,60.0,10000000.0,820000.0,178838.0,5.0,3.0,0.0,0.0,833333.0,1.0,0.0
771242.4,2.0,64.0,5000000.0,2000000.0,304363.0,13.0,9.0,0.0,2.0,954263.0,0.0,1.0
3548400.0,6.0,58.0,3000000.0,1000000.0,527034.0,3.0,3.0,0.0,0.0,3087017.0,1.0,0.0
821208.0,7.0,57.0,5000000.0,2000000.0,97018.0,7.0,3.0,0.0,2.0,933473.0,0.0,1.0
1319977.2,10.0,25.0,3000000.0,2000000.0,112366.0,3.0,1.0,0.0,1.0,3991316.0,1.0,0.0
1981317.5999999999,9.0,40.0,2244938.0,246000.0,187437.0,4.0,3.0,0.0,0.0,4053333.0,1.0,0.0
2714128.8,4.0,29.0,4000000.0,2000000.0,544885.0,0.0,0.0,0.0,0.0,3921106.0,1.0,0.0
1036320.0,6.0,30.0,2500000.0,500000.0,141649.0,3.0,0.0,1.0,2.0,615778.0,1.0,0.0
1269000.0,5.0,30.0,5000000.0,2000000.0,206109.0,1.0,0.0,0.0,1.0,831610.0,0.0,1.0
838800.0,6.0,59.0,4000000.0,350000.0,126391.0,5.0,2.0,2.0,0.0,1971292.0,1.0,0.0
1591861.2,6.0,43.0,2000000.0,400000.0,236025.0,4.0,2.0,0.0,2.0,1210000.0,0.0,1.0
1826281.2,12.0,38.0,2500000.0,300000.0,126825.0,5.0,2.0,0.0,3.0,2079862.0,1.0,0.0
842400.0,6.0,57.0,2500000.0,200000.0,124903.0,3.0,0.0,0.0,0.0,1210000.0,0.0,1.0
2016000.0,6.0,45.0,9000000.0,4000000.0,299215.0,4.0,1.0,0.0,1.0,908526.0,0.0,1.0
2849280.0,12.0,40.0,1200000.0,300000.0,223146.0,6.0,0.0,0.0,2.0,932000.0,1.0,0.0
1897970.4,24.0,62.0,1100000.0,200000.0,85504.0,5.0,2.0,2.0,1.0,967473.0,1.0,0.0
7033200.0,12.0,38.0,5850000.0,2825000.0,564475.0,7.0,5.0,0.0,0.0,2000000.0,0.0,1.0
2247840.0,12.0,40.0,2000000.0,700000.0,176380.0,6.0,4.0,0.0,0.0,916841.0,1.0,0.0
3600000.0,12.0,52.0,3000000.0,600000.0,250000.0,2.0,1.0,0.0,0.0,0.0,0.0,1.0
2370960.0,12.0,39.0,2700000.0,900000.0,164650.0,5.0,2.0,0.0,0.0,916148.0,0.0,1.0
3073380.0,24.0,53.0,4210000.0,72000.0,150860.0,3.0,0.0,0.0,3.0,1210000.0,0.0,1.0
2766867.6,9.0,56.0,3500000.0,2000000.0,259392.0,6.0,4.0,0.0,1.0,954263.0,0.0,1.0
639708.0,6.0,38.0,3800000.0,500000.0,95170.0,3.0,1.0,0.0,0.0,1108201.0,1.0,0.0
3600000.0,36.0,24.0,2230000.0,493000.0,129370.0,3.0,1.0,0.0,2.0,975052.0,1.0,0.0
1984560.0,12.0,44.0,2700000.0,350000.0,137817.0,6.0,3.0,0.0,0.0,1930606.0,1.0,0.0
1210006.8,10.0,62.0,2200000.0,200000.0,102466.0,6.0,4.0,0.0,2.0,1028100.0,0.0,1.0
687834.0,6.0,35.0,7000000.0,1800000.0,102255.0,6.0,1.0,0.0,3.0,1210000.0,0.0,1.0
1081504.8,10.0,52.0,4500000.0,2000000.0,92066.0,1.0,1.0,0.0,0.0,1210000.0,1.0,0.0
2177700.0,10.0,42.0,2500000.0,2000000.0,184896.0,1.0,1.0,0.0,0.0,1210000.0,1.0,0.0
1140420.0,12.0,51.0,1300000.0,500000.0,89369.0,6.0,3.0,0.0,0.0,1103157.0,1.0,0.0
674715.6,6.0,34.0,2438205.0,0.0,101908.0,3.0,0.0,0.0,2.0,908526.0,1.0,0.0
3973920.0,24.0,56.0,6000000.0,500000.0,174691.0,9.0,6.0,0.0,1.0,8592783.0,1.0,0.0
5304000.0,36.0,68.0,2350000.0,471000.0,186179.0,5.0,4.0,0.0,1.0,969508.0,1.0,0.0
4045878.0,24.0,59.0,5000000.0,200000.0,179307.0,3.0,1.0,0.0,0.0,925157.0,0.0,1.0
1560000.0,12.0,42.0,4538118.0,1000000.0,122475.0,14.0,7.0,0.0,2.0,1210000.0,1.0,0.0
3814953.5999999996,10.0,41.0,3000000.0,1400000.0,325608.0,0.0,0.0,0.0,0.0,868286.0,1.0,0.0
2227304.4,10.0,38.0,4000000.0,2000000.0,188612.0,20.0,5.0,0.0,13.0,1210000.0,1.0,0.0
2100960.0,6.0,59.0,4000000.0,1200000.0,311837.0,5.0,1.0,2.0,1.0,1210000.0,1.0,0.0
1169760.0,6.0,46.0,2500000.0,1000000.0,173623.0,8.0,1.0,0.0,2.0,1210000.0,1.0,0.0
1763880.0,12.0,29.0,3422000.0,758000.0,147682.0,8.0,1.0,0.0,3.0,1414196.0,1.0,0.0
3018600.0,6.0,43.0,5000000.0,2000000.0,448324.0,6.0,3.0,1.0,0.0,1137500.0,0.0,1.0
2640000.0,6.0,29.0,6000000.0,4000000.0,391962.0,9.0,6.0,0.0,2.0,1170268.0,0.0,1.0
2037120.0,24.0,38.0,1600000.0,300000.0,89055.0,7.0,2.0,0.0,0.0,1000000.0,1.0,0.0
1440000.0,8.0,37.0,8540000.0,2817000.0,167728.0,8.0,6.0,1.0,0.0,5940434.0,1.0,0.0
1569955.2,11.0,65.0,1950000.0,600000.0,122495.0,6.0,2.0,2.0,0.0,1779190.0,1.0,0.0
1213200.0,10.0,35.0,2500000.0,1500000.0,112185.0,7.0,2.0,1.0,2.0,3233186.0,1.0,0.0
2207878.8,6.0,36.0,5000000.0,800000.0,329561.0,3.0,2.0,0.0,0.0,2129511.0,1.0,0.0
720000.0,12.0,38.0,3200000.0,800000.0,56660.0,7.0,3.0,0.0,3.0,3200000.0,1.0,0.0
1102680.0,24.0,39.0,2800000.0,800000.0,49126.0,6.0,3.0,0.0,2.0,1514766.0,1.0,0.0
1880055.5999999999,10.0,49.0,3000000.0,1200000.0,159458.0,5.0,1.0,0.0,2.0,1210000.0,0.0,1.0
1451520.0,6.0,57.0,1200000.0,600000.0,215443.0,3.0,1.0,0.0,2.0,908526.0,1.0,0.0
1812340.8,9.0,67.0,5432000.0,2425000.0,175388.0,3.0,3.0,0.0,0.0,1210000.0,1.0,0.0
859080.0,12.0,49.0,1700000.0,600000.0,67488.0,11.0,7.0,0.0,1.0,931394.0,1.0,0.0
396000.0,6.0,49.0,1600000.0,500000.0,59109.0,2.0,0.0,0.0,0.0,1325706.0,1.0,0.0
2962782.0,10.0,44.0,2725000.0,1103000.0,256860.0,4.0,2.0,0.0,1.0,977131.0,0.0,1.0
594111.6,9.0,46.0,2000000.0,800000.0,55698.0,5.0,3.0,0.0,0.0,1261842.0,1.0,0.0
2987520.0,12.0,35.0,8000000.0,3000000.0,235004.0,8.0,6.0,0.0,2.0,681394.0,0.0,1.0
6000000.0,12.0,44.0,6000000.0,2000000.0,471386.0,14.0,9.0,0.0,3.0,3438189.0,1.0,0.0
6525547.2,10.0,122.0,80000000.0,75000000.0,600963.0,0.0,0.0,0.0,0.0,1210000.0,1.0,0.0
1959610.7999999998,10.0,68.0,3000000.0,2000000.0,166380.0,5.0,4.0,0.0,0.0,973960.0,0.0,1.0
2767080.0,12.0,59.0,3600000.0,500000.0,192158.0,20.0,11.0,1.0,3.0,1216666.0,1.0,0.0
3369360.0,24.0,47.0,6878000.0,2269000.0,161928.0,4.0,2.0,0.0,1.0,1436000.0,1.0,0.0
1800000.0,6.0,43.0,4000000.0,1500000.0,266983.0,4.0,0.0,0.0,0.0,1210000.0,1.0,0.0
3124800.0,6.0,56.0,5000000.0,4000000.0,462952.0,8.0,6.0,0.0,1.0,1210000.0,0.0,1.0
878880.0,5.0,25.0,5000000.0,2000000.0,142457.0,7.0,1.0,0.0,6.0,1210000.0,0.0,1.0
954000.0,12.0,35.0,3000000.0,340000.0,75074.0,6.0,2.0,0.0,3.0,30285.0,0.0,1.0
3038880.0,12.0,37.0,4200000.0,1000000.0,238748.0,2.0,2.0,0.0,0.0,3878988.0,1.0,0.0
621480.0,6.0,55.0,7000000.0,4000000.0,92620.0,8.0,5.0,0.0,1.0,1210000.0,1.0,0.0
3714777.6,9.0,26.0,2000000.0,700000.0,348591.0,2.0,0.0,0.0,0.0,1210000.0,0.0,1.0
1397940.0,6.0,63.0,4000000.0,2100000.0,207348.0,8.0,4.0,0.0,2.0,1327127.0,0.0,1.0
1788000.0,10.0,53.0,1200000.0,120000.0,165862.0,2.0,0.0,0.0,2.0,1210000.0,0.0,1.0
724320.0,6.0,65.0,4600000.0,1500000.0,107395.0,18.0,12.0,1.0,2.0,3192123.0,1.0,0.0
732000.0,10.0,52.0,2500000.0,900000.0,67832.0,10.0,7.0,0.0,2.0,1210000.0,1.0,0.0
1480866.0,12.0,45.0,4000000.0,1800000.0,117064.0,3.0,1.0,0.0,1.0,465697.0,0.0,1.0
2385205.1999999997,5.0,63.0,4090000.0,688000.0,389656.0,11.0,6.0,1.0,2.0,3668210.0,1.0,0.0
821208.0,2.0,24.0,5000000.0,2000000.0,324034.0,10.0,7.0,0.0,2.0,908526.0,0.0,1.0
2110560.0,12.0,37.0,3610000.0,1198000.0,171994.0,3.0,2.0,0.0,0.0,1210000.0,0.0,1.0
1283307.5999999999,10.0,26.0,1500000.0,600000.0,108958.0,5.0,2.0,0.0,3.0,1210000.0,1.0,0.0
3360000.0,36.0,54.0,2238000.0,724000.0,131724.0,4.0,4.0,0.0,0.0,1834902.0,1.0,0.0
1530000.0,12.0,61.0,2000000.0,5000000.0,119898.0,12.0,1.0,0.0,10.0,905965.0,1.0,0.0
1620060.0,6.0,68.0,2900000.0,2658000.0,242626.0,6.0,3.0,0.0,0.0,1210000.0,0.0,1.0
2246161.1999999997,12.0,46.0,1300000.0,600000.0,155983.0,3.0,1.0,0.0,1.0,1448376.0,1.0,0.0
1718113.2,12.0,39.0,1000000.0,1129000.0,137055.0,11.0,6.0,0.0,1.0,3710844.0,0.0,1.0
3079200.0,6.0,52.0,3500000.0,1000000.0,457033.0,4.0,3.0,0.0,0.0,1210000.0,1.0,0.0
2964000.0,12.0,58.0,4500000.0,2000000.0,234999.0,10.0,1.0,0.0,2.0,1210000.0,0.0,1.0
2578449.6,24.0,27.0,2500000.0,150000.0,112706.0,0.0,0.0,0.0,0.0,966666.0,1.0,0.0
1198080.0,8.0,26.0,4500000.0,2500000.0,135689.0,4.0,3.0,1.0,0.0,3674523.0,1.0,0.0
4049160.0,10.0,54.0,6000000.0,2000000.0,374693.0,8.0,6.0,0.0,0.0,5487878.0,1.0,0.0
1246796.4,10.0,23.0,2300000.0,1000000.0,105858.0,0.0,0.0,0.0,0.0,1786568.0,1.0,0.0
2846280.0,6.0,38.0,5000000.0,300000.0,424852.0,4.0,3.0,0.0,0.0,1210000.0,0.0,1.0
2909880.0,6.0,36.0,2000000.0,600000.0,431447.0,4.0,2.0,0.0,1.0,1245094.0,1.0,0.0
1295880.0,12.0,40.0,1500000.0,300000.0,101676.0,5.0,2.0,0.0,3.0,1203333.0,1.0,0.0
1173480.0,6.0,21.0,1000000.0,200000.0,175170.0,3.0,0.0,0.0,3.0,1093073.0,1.0,0.0
4249200.0,24.0,35.0,2000000.0,180000.0,188279.0,3.0,2.0,0.0,0.0,946640.0,0.0,1.0
1872642.0,10.0,42.0,2500000.0,1000000.0,158579.0,13.0,8.0,1.0,2.0,905733.0,0.0,1.0
840000.0,8.0,43.0,1700000.0,800000.0,95273.0,2.0,1.0,0.0,0.0,924166.0,0.0,1.0
3205081.1999999997,12.0,56.0,3000000.0,600000.0,251805.0,2.0,1.0,0.0,1.0,998333.0,1.0,0.0
1860000.0,10.0,59.0,3000000.0,1200000.0,172015.0,7.0,2.0,0.0,0.0,840386.0,0.0,1.0
1284000.0,6.0,48.0,5000000.0,2000000.0,191357.0,7.0,2.0,0.0,1.0,1264521.0,0.0,1.0
600528.0,9.0,37.0,4700000.0,4000000.0,56165.0,8.0,4.0,2.0,1.0,4775438.0,0.0,1.0
2314680.0,6.0,49.0,8000000.0,2500000.0,321483.0,6.0,4.0,0.0,0.0,1210000.0,0.0,1.0
3343501.1999999997,12.0,46.0,1800000.0,300000.0,262353.0,12.0,5.0,1.0,3.0,1210000.0,1.0,0.0
1200000.0,12.0,27.0,1800000.0,800000.0,95709.0,7.0,4.0,0.0,1.0,1210000.0,1.0,0.0
4024999.1999999997,12.0,33.0,5900000.0,25000008.0,316614.0,5.0,1.0,1.0,1.0,1488166.0,1.0,0.0
3960000.0,6.0,36.0,6000000.0,2500000.0,586691.0,6.0,0.0,0.0,3.0,1280120.0,0.0,1.0
1490040.0,12.0,44.0,1800000.0,500000.0,116910.0,9.0,6.0,0.0,1.0,2374221.0,1.0,0.0
2433930.0,10.0,36.0,2200000.0,9001000.0,206977.0,7.0,4.0,0.0,2.0,2956493.0,1.0,0.0
1795200.0,8.0,37.0,5556892.0,1441000.0,208196.0,7.0,3.0,1.0,1.0,5506662.0,1.0,0.0
2997120.0,6.0,45.0,2500000.0,700000.0,444382.0,1.0,0.0,0.0,0.0,877803.0,0.0,1.0
3111064.8,18.0,68.0,2238000.0,0.0,187864.0,1.0,0.0,0.0,1.0,1000000.0,0.0,1.0
4771260.0,30.0,30.0,3000000.0,800000.0,175853.0,3.0,2.0,0.0,0.0,4182589.0,1.0,0.0
1723200.0,6.0,27.0,4000000.0,700000.0,255475.0,5.0,3.0,0.0,2.0,1210000.0,1.0,0.0
1870440.0,6.0,66.0,7000000.0,2000000.0,278064.0,14.0,8.0,0.0,3.0,1210000.0,1.0,0.0
5192149.2,12.0,37.0,1800000.0,600000.0,360566.0,5.0,3.0,0.0,0.0,1206666.0,0.0,1.0
540475.2,3.0,30.0,1800000.0,198000.0,144523.0,7.0,2.0,0.0,4.0,5313352.0,1.0,0.0
1372800.0,6.0,31.0,2970000.0,0.0,205596.0,2.0,1.0,0.0,0.0,969647.0,1.0,0.0
1729200.0,6.0,36.0,4200000.0,270000.0,256648.0,6.0,4.0,0.0,0.0,1364408.0,0.0,1.0
2619292.8,3.0,53.0,1765000.0,650000.0,694699.0,3.0,3.0,0.0,0.0,1908507.0,1.0,0.0
525600.0,6.0,34.0,1500000.0,500000.0,79010.0,8.0,1.0,2.0,3.0,1273959.0,1.0,0.0
1269000.0,2.0,53.0,5000000.0,2000000.0,500578.0,2.0,0.0,0.0,1.0,31809.0,0.0,1.0
1349760.0,24.0,37.0,1500000.0,500000.0,59142.0,24.0,2.0,4.0,15.0,1503221.0,1.0,0.0
1438800.0,6.0,64.0,5000000.0,3000000.0,213701.0,8.0,6.0,0.0,1.0,1210000.0,1.0,0.0
1127880.0,6.0,54.0,4978000.0,2600000.0,156650.0,9.0,0.0,0.0,6.0,7069384.0,1.0,0.0
1152000.0,6.0,62.0,2070000.0,814000.0,175456.0,8.0,0.0,0.0,4.0,1210000.0,1.0,0.0
3326400.0,6.0,39.0,7000000.0,2000000.0,493159.0,6.0,4.0,0.0,1.0,1210000.0,1.0,0.0
6790968.0,6.0,51.0,6000000.0,4000000.0,1009962.0,3.0,1.0,0.0,1.0,7622178.0,1.0,0.0
600000.0,6.0,30.0,2157000.0,285000.0,92299.0,3.0,1.0,0.0,2.0,1205737.0,1.0,0.0
734400.0,6.0,43.0,1500000.0,300000.0,109621.0,5.0,1.0,0.0,3.0,0.0,0.0,1.0
1420716.0,12.0,41.0,3000000.0,900000.0,112309.0,3.0,2.0,0.0,1.0,1069159.0,1.0,0.0
858753.6,10.0,42.0,1450000.0,1100000.0,79044.0,3.0,2.0,0.0,1.0,1450000.0,1.0,0.0
1416000.0,12.0,36.0,1600000.0,600000.0,110896.0,5.0,1.0,1.0,1.0,905965.0,1.0,0.0
1636800.0,6.0,66.0,5498000.0,2095000.0,250374.0,11.0,6.0,2.0,1.0,1210000.0,1.0,0.0
3201958.8,10.0,37.0,4000000.0,2000000.0,271575.0,1.0,1.0,0.0,0.0,3546906.0,1.0,0.0
3055500.0,12.0,49.0,5521000.0,364000.0,254582.0,6.0,5.0,0.0,1.0,5224816.0,1.0,0.0
2649840.0,12.0,58.0,3000000.0,950000.0,207526.0,5.0,4.0,0.0,1.0,3241261.0,1.0,0.0
10717782.0,9.0,44.0,2940000.0,53000.0,1021172.0,3.0,2.0,0.0,0.0,2789141.0,0.0,1.0
1604400.0,9.0,42.0,5000000.0,2000000.0,150411.0,10.0,6.0,1.0,1.0,2033840.0,0.0,1.0
3616036.8,10.0,122.0,29965623.0,0.0,334065.0,0.0,0.0,0.0,0.0,1210000.0,1.0,0.0
4800000.0,36.0,35.0,2300000.0,500000.0,155200.0,6.0,2.0,0.0,2.0,1366200.0,1.0,0.0
3727200.0,12.0,34.0,10000000.0,0.0,294638.0,14.0,10.0,0.0,2.0,6626389.0,1.0,0.0
2556000.0,12.0,58.0,5000000.0,3000000.0,201060.0,6.0,1.0,0.0,0.0,931394.0,0.0,1.0
1200000.0,12.0,51.0,4000000.0,1500000.0,94160.0,6.0,5.0,0.0,1.0,4060365.0,1.0,0.0
3300000.0,24.0,67.0,1635000.0,546000.0,165550.0,2.0,0.0,2.0,0.0,1210000.0,0.0,1.0
754320.0,12.0,48.0,5300000.0,3000000.0,59112.0,6.0,0.0,0.0,4.0,4734000.0,1.0,0.0
1320000.0,6.0,39.0,3000000.0,1200000.0,196056.0,6.0,2.0,0.0,1.0,1090231.0,0.0,1.0
2098800.0,6.0,50.0,7700000.0,1973000.0,318612.0,9.0,6.0,1.0,0.0,4766746.0,1.0,0.0
1200000.0,12.0,57.0,2500000.0,500000.0,94160.0,6.0,1.0,2.0,2.0,2525952.0,1.0,0.0
1380000.0,10.0,27.0,1800000.0,1200000.0,127357.0,5.0,2.0,0.0,2.0,1683709.0,1.0,0.0
1800000.0,12.0,37.0,2215000.0,901000.0,150489.0,8.0,2.0,0.0,3.0,1228970.0,1.0,0.0
3460602.0,12.0,38.0,1200000.0,360000.0,271655.0,4.0,1.0,0.0,0.0,908526.0,1.0,0.0
2039880.0,6.0,24.0,2800000.0,600000.0,302555.0,10.0,2.0,4.0,3.0,3151545.0,1.0,0.0
2445480.0,12.0,48.0,15000000.0,5000000.0,191876.0,13.0,11.0,0.0,0.0,15149097.0,1.0,0.0
830400.0,12.0,44.0,1590000.0,56000.0,65636.0,2.0,0.0,0.0,1.0,1276052.0,1.0,0.0
2001360.0,8.0,67.0,3430000.0,1000000.0,229611.0,2.0,1.0,0.0,0.0,1210000.0,0.0,1.0
1126558.8,6.0,39.0,2500000.0,800000.0,156467.0,5.0,3.0,0.0,1.0,30285.0,1.0,0.0
2545081.1999999997,12.0,59.0,6000000.0,3000000.0,176742.0,8.0,5.0,0.0,0.0,908526.0,0.0,1.0
3444000.0,12.0,23.0,10000000.0,850000.0,270576.0,6.0,2.0,0.0,0.0,600636.0,1.0,0.0
3441709.1999999997,12.0,53.0,4800000.0,1200000.0,270171.0,12.0,6.0,0.0,3.0,8273720.0,1.0,0.0
1644000.0,6.0,40.0,2500000.0,1000000.0,243756.0,4.0,2.0,0.0,1.0,1210000.0,1.0,0.0
1380000.0,8.0,51.0,2200000.0,1000000.0,156975.0,4.0,2.0,0.0,1.0,1210000.0,1.0,0.0
8262619.199999999,9.0,33.0,10000000.0,5500000.0,773505.0,9.0,5.0,0.0,2.0,1000000.0,1.0,0.0
1505223.5999999999,10.0,29.0,3400000.0,1500000.0,127666.0,10.0,6.0,2.0,1.0,3387742.0,1.0,0.0
1758000.0,10.0,46.0,5000000.0,2000000.0,162045.0,4.0,4.0,0.0,0.0,5227744.0,1.0,0.0
2433354.0,10.0,34.0,2400000.0,1500000.0,206602.0,1.0,0.0,0.0,1.0,1210000.0,0.0,1.0
1459440.0,6.0,61.0,2000000.0,350000.0,216619.0,6.0,0.0,4.0,2.0,1210000.0,0.0,1.0
1188000.0,12.0,30.0,3140000.0,2180000.0,98386.0,11.0,10.0,0.0,1.0,1953339.0,1.0,0.0
1269000.0,2.0,28.0,4000000.0,2000000.0,500431.0,17.0,10.0,1.0,1.0,1140000.0,0.0,1.0
1200000.0,12.0,39.0,4000000.0,500000.0,94160.0,3.0,2.0,0.0,0.0,2919804.0,1.0,0.0
2064484.7999999998,10.0,41.0,4600000.0,2800000.0,179094.0,5.0,4.0,0.0,0.0,1210000.0,1.0,0.0
1469328.0,18.0,43.0,2020000.0,261000.0,83116.0,4.0,2.0,0.0,1.0,1175475.0,1.0,0.0
1781880.0,6.0,26.0,1300000.0,500000.0,264199.0,4.0,1.0,1.0,0.0,1257721.0,1.0,0.0
719880.0,6.0,33.0,3800000.0,680000.0,106989.0,3.0,0.0,0.0,1.0,1620072.0,1.0,0.0
1652160.0,6.0,43.0,3000000.0,1500000.0,245558.0,2.0,0.0,0.0,0.0,958333.0,0.0,1.0
1287000.0,12.0,31.0,5200000.0,2000000.0,100861.0,9.0,4.0,0.0,2.0,6937591.0,1.0,0.0
1022400.0,6.0,23.0,5000000.0,1000000.0,151473.0,3.0,1.0,0.0,2.0,1210000.0,1.0,0.0
581280.0,6.0,49.0,3500000.0,2000000.0,86414.0,11.0,5.0,0.0,5.0,3794030.0,1.0,0.0
1333797.5999999999,10.0,49.0,3800000.0,2500000.0,113126.0,2.0,0.0,0.0,2.0,908526.0,0.0,1.0
1308000.0,12.0,29.0,2800000.0,1300000.0,102754.0,9.0,4.0,0.0,3.0,1300123.0,0.0,1.0
2135580.0,6.0,66.0,1000000.0,1066000.0,319861.0,10.0,9.0,0.0,0.0,969508.0,1.0,0.0
4200000.0,12.0,64.0,2000000.0,600000.0,330349.0,3.0,2.0,1.0,0.0,931394.0,1.0,0.0
2976000.0,12.0,26.0,2100000.0,750000.0,232783.0,1.0,0.0,0.0,0.0,1096735.0,1.0,0.0
3600000.0,18.0,48.0,2000000.0,300000.0,199755.0,5.0,1.0,0.0,2.0,1210000.0,1.0,0.0
1065480.0,12.0,52.0,2000000.0,450000.0,83605.0,4.0,1.0,0.0,1.0,908526.0,0.0,1.0
2938960.8,11.0,32.0,3100000.0,1500000.0,228920.0,2.0,1.0,0.0,1.0,923771.0,1.0,0.0
1722960.0,6.0,38.0,2700000.0,500000.0,255907.0,5.0,4.0,0.0,1.0,2460960.0,1.0,0.0
2946660.0,12.0,27.0,4000000.0,860000.0,230772.0,5.0,2.0,0.0,0.0,908526.0,1.0,0.0
3547200.0,12.0,40.0,2500000.0,980000.0,277804.0,9.0,4.0,0.0,3.0,39948.0,1.0,0.0
1269000.0,2.0,51.0,5000000.0,2000000.0,500578.0,10.0,1.0,1.0,5.0,1210000.0,0.0,1.0
2917122.0,9.0,45.0,0.0,0.0,272434.0,11.0,9.0,0.0,1.0,7065477.0,1.0,0.0
1806945.5999999999,10.0,43.0,3800000.0,1800000.0,153257.0,5.0,4.0,1.0,0.0,2528216.0,1.0,0.0
1630978.8,12.0,40.0,2500000.0,700000.0,127969.0,2.0,1.0,0.0,0.0,916841.0,0.0,1.0
1269000.0,2.0,38.0,5000000.0,2000000.0,500578.0,8.0,2.0,0.0,2.0,1210000.0,0.0,1.0
5229240.0,36.0,40.0,2600000.0,1000000.0,169632.0,9.0,5.0,0.0,0.0,1210000.0,1.0,0.0
7776000.0,6.0,42.0,4000000.0,3000000.0,1158872.0,7.0,2.0,0.0,3.0,960796.0,0.0,1.0
1032960.0,8.0,33.0,4000000.0,1500000.0,118006.0,7.0,6.0,0.0,0.0,981904.0,0.0,1.0
1077278.4,24.0,46.0,1900000.0,500000.0,47131.0,2.0,2.0,0.0,0.0,806661.0,0.0,1.0
7056000.0,6.0,38.0,3000000.0,950000.0,1045376.0,5.0,4.0,0.0,1.0,1210000.0,0.0,1.0
1058400.0,6.0,22.0,1200000.0,500000.0,157201.0,2.0,1.0,0.0,1.0,762660.0,0.0,1.0
3542040.0,6.0,26.0,4000000.0,1500000.0,491950.0,6.0,3.0,0.0,0.0,2500000.0,1.0,0.0
8400000.0,12.0,49.0,9000000.0,3000000.0,669965.0,8.0,6.0,0.0,1.0,1508114.0,0.0,1.0
2241120.0,24.0,40.0,1879000.0,0.0,107706.0,1.0,1.0,0.0,0.0,1113000.0,1.0,0.0
529200.0,6.0,31.0,2436000.0,353000.0,80738.0,3.0,0.0,1.0,0.0,3500473.0,1.0,0.0
600000.0,6.0,45.0,2800000.0,1200000.0,89116.0,3.0,0.0,0.0,3.0,2425606.0,1.0,0.0
3149936.4,12.0,43.0,7000000.0,3500000.0,248189.0,13.0,5.0,1.0,0.0,1508711.0,0.0,1.0
3240000.0,6.0,44.0,2000000.0,1000000.0,481044.0,2.0,1.0,1.0,0.0,908526.0,1.0,0.0
2611857.6,11.0,30.0,1580000.0,1600000.0,210821.0,7.0,1.0,1.0,4.0,1095317.0,1.0,0.0
2369138.4,10.0,40.0,4000000.0,1000000.0,201678.0,4.0,1.0,1.0,0.0,4187500.0,1.0,0.0
5015280.0,36.0,32.0,3000000.0,0.0,165289.0,8.0,4.0,2.0,0.0,2890000.0,1.0,0.0
2600850.0,24.0,35.0,4200000.0,1500000.0,113786.0,6.0,5.0,0.0,0.0,3309524.0,1.0,0.0
3515930.4,9.0,24.0,5000000.0,3000000.0,330246.0,3.0,1.0,1.0,1.0,931394.0,1.0,0.0
2006280.0,12.0,29.0,2000000.0,600000.0,139325.0,4.0,2.0,0.0,0.0,1384229.0,1.0,0.0
816387.6,10.0,40.0,5000000.0,1200000.0,69351.0,5.0,1.0,1.0,2.0,837278.0,0.0,1.0
5090430.0,10.0,45.0,5000000.0,3000000.0,433561.0,9.0,8.0,0.0,0.0,6466069.0,1.0,0.0
3288000.0,6.0,32.0,8000000.0,4000000.0,487131.0,11.0,7.0,0.0,0.0,908526.0,0.0,1.0
1363200.0,8.0,50.0,3800000.0,0.0,154941.0,2.0,0.0,1.0,0.0,916841.0,0.0,1.0
1446387.5999999999,6.0,122.0,72807059.0,21823470.0,197166.0,0.0,0.0,0.0,0.0,1210000.0,1.0,0.0
2453880.0,12.0,27.0,3500000.0,1000000.0,192772.0,3.0,2.0,0.0,1.0,3322333.0,1.0,0.0
1749600.0,6.0,50.0,4000000.0,1500000.0,260027.0,4.0,2.0,0.0,0.0,1210000.0,0.0,1.0
8640000.0,6.0,64.0,4964000.0,1190000.0,1318169.0,6.0,5.0,0.0,0.0,2834060.0,1.0,0.0
1272364.8,8.0,29.0,2500000.0,400000.0,144186.0,2.0,1.0,0.0,1.0,1849968.0,1.0,0.0
3375000.0,12.0,36.0,3000000.0,500000.0,265155.0,5.0,4.0,0.0,0.0,3755959.0,1.0,0.0
1200000.0,6.0,30.0,2000000.0,500000.0,178354.0,1.0,1.0,0.0,0.0,912544.0,1.0,0.0
754996.7999999999,10.0,36.0,2000000.0,815000.0,64035.0,3.0,0.0,0.0,2.0,1210000.0,1.0,0.0
1032000.0,12.0,48.0,1200000.0,600000.0,80823.0,4.0,0.0,0.0,4.0,1210000.0,1.0,0.0
1604400.0,5.0,56.0,5000000.0,2000000.0,260433.0,14.0,10.0,0.0,2.0,1000000.0,0.0,1.0
2928000.0,12.0,37.0,2000000.0,600000.0,229735.0,11.0,5.0,0.0,4.0,30285.0,1.0,0.0
2150112.0,3.0,122.0,3446800.0,0.0,573268.0,0.0,0.0,0.0,0.0,1210000.0,1.0,0.0
929389.2,3.0,38.0,6000000.0,2000000.0,246833.0,8.0,5.0,0.0,1.0,8127953.0,0.0,1.0
3560907.6,12.0,56.0,3000000.0,500000.0,280598.0,2.0,1.0,1.0,0.0,1416684.0,0.0,1.0
1746774.0,6.0,37.0,6000000.0,2500000.0,260734.0,14.0,5.0,0.0,4.0,1210000.0,0.0,1.0
1436280.0,12.0,29.0,1500000.0,900000.0,112840.0,1.0,0.0,0.0,1.0,1219446.0,1.0,0.0
1674801.5999999999,10.0,59.0,8000000.0,3500000.0,142646.0,6.0,6.0,0.0,0.0,4239337.0,0.0,1.0
1648197.5999999999,8.0,20.0,2500000.0,1600000.0,172496.0,2.0,0.0,0.0,1.0,1210000.0,0.0,1.0
1257600.0,12.0,21.0,1000000.0,200000.0,98680.0,1.0,1.0,0.0,0.0,1492516.0,1.0,0.0
6622500.0,6.0,32.0,7000000.0,4000000.0,984293.0,4.0,2.0,0.0,0.0,1210000.0,1.0,0.0
3744000.0,6.0,51.0,4500000.0,976000.0,560716.0,5.0,4.0,0.0,1.0,1210000.0,0.0,1.0
4125000.0,6.0,48.0,8000000.0,4000000.0,617776.0,9.0,4.0,0.0,2.0,954405.0,0.0,1.0
2364600.0,6.0,55.0,3000000.0,1000000.0,350968.0,4.0,3.0,0.0,0.0,1210000.0,1.0,0.0
1089840.0,12.0,66.0,4500000.0,1200000.0,85623.0,7.0,2.0,0.0,2.0,1210000.0,1.0,0.0
2747880.0,12.0,30.0,4500000.0,1800000.0,215885.0,6.0,2.0,0.0,0.0,2506667.0,1.0,0.0
2393638.8,6.0,56.0,2100000.0,350000.0,355264.0,2.0,1.0,0.0,0.0,1210000.0,0.0,1.0
489456.0,6.0,38.0,1600000.0,800000.0,73059.0,5.0,1.0,0.0,1.0,1215716.0,1.0,0.0
624000.0,6.0,60.0,2668000.0,1083000.0,94728.0,6.0,1.0,2.0,0.0,977131.0,0.0,1.0
780000.0,10.0,22.0,1100000.0,150000.0,72741.0,2.0,0.0,0.0,1.0,1158993.0,1.0,0.0
2484966.0,10.0,33.0,11000000.0,1000000.0,210763.0,10.0,3.0,1.0,3.0,1210000.0,0.0,1.0
1910197.2,6.0,29.0,3000000.0,1500000.0,284680.0,8.0,3.0,0.0,3.0,1210000.0,1.0,0.0
2016000.0,12.0,48.0,5400000.0,400000.0,159822.0,6.0,3.0,0.0,0.0,1210000.0,1.0,0.0
1360440.0,12.0,46.0,3000000.0,1600000.0,107544.0,8.0,1.0,0.0,4.0,941789.0,0.0,1.0
2801515.1999999997,9.0,34.0,1700000.0,700000.0,262013.0,9.0,2.0,2.0,4.0,1505127.0,1.0,0.0
983404.7999999999,6.0,64.0,1200000.0,350000.0,146062.0,5.0,2.0,0.0,3.0,923771.0,1.0,0.0
1900525.2,10.0,54.0,2300000.0,1000000.0,161363.0,0.0,0.0,0.0,0.0,470185.0,0.0,1.0
2212800.0,6.0,53.0,3000000.0,500000.0,328511.0,1.0,0.0,0.0,1.0,1210000.0,0.0,1.0
2942160.0,36.0,31.0,2000000.0,100000.0,101016.0,3.0,2.0,0.0,1.0,1337110.0,1.0,0.0
1343878.8,6.0,34.0,2500000.0,1000000.0,199739.0,8.0,6.0,0.0,1.0,1210000.0,1.0,0.0
2159844.0,12.0,69.0,2500000.0,500000.0,169687.0,10.0,4.0,0.0,6.0,1210000.0,1.0,0.0
2892000.0,12.0,32.0,6000000.0,3000000.0,226642.0,12.0,7.0,0.0,2.0,5607933.0,1.0,0.0
4454400.0,36.0,64.0,2100000.0,600000.0,143712.0,9.0,6.0,2.0,1.0,908526.0,1.0,0.0
1554871.2,6.0,52.0,2930000.0,563000.0,237998.0,8.0,3.0,0.0,2.0,1210000.0,0.0,1.0
656040.0,12.0,32.0,2500000.0,100000.0,52679.0,8.0,2.0,1.0,3.0,2229229.0,1.0,0.0
3120000.0,6.0,67.0,3779000.0,1383000.0,475220.0,7.0,4.0,0.0,1.0,984754.0,1.0,0.0
3609024.0,36.0,44.0,2900000.0,1200000.0,117582.0,5.0,2.0,0.0,0.0,1210000.0,1.0,0.0
7605769.199999999,10.0,27.0,8000000.0,4700000.0,647458.0,10.0,9.0,0.0,1.0,1000000.0,0.0,1.0
3720000.0,6.0,47.0,4350000.0,106000.0,572280.0,5.0,4.0,0.0,0.0,838889.0,1.0,0.0
6647880.0,36.0,45.0,4030000.0,1286000.0,234814.0,8.0,7.0,0.0,1.0,8257853.0,1.0,0.0
6000000.0,24.0,57.0,4000000.0,1000000.0,263504.0,1.0,1.0,0.0,0.0,4005022.0,1.0,0.0
398400.0,6.0,48.0,1500000.0,300000.0,59065.0,7.0,0.0,0.0,6.0,1210000.0,0.0,1.0
549120.0,12.0,45.0,1800000.0,500000.0,43034.0,5.0,5.0,0.0,0.0,1642073.0,1.0,0.0
2537442.0,10.0,122.0,200000000.0,40000000.0,215214.0,0.0,0.0,0.0,0.0,1210000.0,1.0,0.0
4740361.2,12.0,40.0,7000000.0,3000000.0,329192.0,3.0,3.0,0.0,0.0,6922222.0,1.0,0.0
2252610.0,10.0,43.0,2800000.0,800000.0,208742.0,6.0,3.0,0.0,0.0,946640.0,1.0,0.0
2954880.0,12.0,49.0,3897500.0,2500000.0,231859.0,9.0,6.0,0.0,0.0,7383976.0,1.0,0.0
839880.0,12.0,33.0,4000000.0,1000000.0,65930.0,10.0,9.0,0.0,0.0,6844162.0,1.0,0.0
3396890.4,10.0,35.0,3650000.0,2750000.0,288108.0,5.0,2.0,0.0,3.0,1210000.0,0.0,1.0
1751400.0,12.0,45.0,2000000.0,600000.0,137996.0,2.0,0.0,1.0,0.0,1964800.0,1.0,0.0
2669880.0,12.0,51.0,2500000.0,1300000.0,209496.0,9.0,3.0,2.0,4.0,3096410.0,1.0,0.0
3587628.0,6.0,56.0,10000000.0,2000000.0,533345.0,6.0,4.0,1.0,0.0,908526.0,0.0,1.0
2268000.0,24.0,42.0,1500000.0,500000.0,99248.0,2.0,1.0,0.0,0.0,1210000.0,0.0,1.0
1100520.0,6.0,29.0,3010000.0,1747000.0,166433.0,5.0,1.0,0.0,1.0,985576.0,1.0,0.0
3780000.0,12.0,53.0,5000000.0,1500000.0,298778.0,9.0,5.0,0.0,1.0,1210000.0,1.0,0.0
1056000.0,6.0,48.0,2343000.0,0.0,162338.0,1.0,0.0,0.0,0.0,33334.0,0.0,1.0
2831401.1999999997,12.0,40.0,3000000.0,1000000.0,196625.0,6.0,4.0,0.0,1.0,908526.0,1.0,0.0
862680.0,6.0,41.0,5000000.0,2000000.0,128132.0,5.0,1.0,0.0,1.0,863306.0,0.0,1.0
6030336.0,18.0,27.0,2000000.0,500000.0,332257.0,1.0,1.0,0.0,0.0,1120000.0,1.0,0.0
1864176.0,11.0,40.0,3000000.0,1500000.0,145286.0,7.0,5.0,0.0,0.0,200000.0,0.0,1.0
2253090.0,11.0,33.0,1500000.0,700000.0,175296.0,7.0,2.0,1.0,2.0,908526.0,1.0,0.0
1383644.4,10.0,55.0,2500000.0,1500000.0,117847.0,6.0,5.0,0.0,1.0,1210000.0,1.0,0.0
4410000.0,12.0,31.0,2700000.0,500000.0,344885.0,5.0,2.0,0.0,2.0,824403.0,1.0,0.0
1410000.0,12.0,50.0,1400000.0,300000.0,110684.0,4.0,0.0,1.0,3.0,857799.0,0.0,1.0
2513700.0,6.0,60.0,2300000.0,300000.0,373353.0,3.0,1.0,1.0,1.0,2434027.0,1.0,0.0
2426781.6,9.0,63.0,1730000.0,1200000.0,226966.0,4.0,2.0,0.0,1.0,1474000.0,1.0,0.0
1677541.2,9.0,28.0,2000000.0,1000000.0,157268.0,1.0,0.0,0.0,0.0,2085333.0,1.0,0.0
3690180.0,12.0,39.0,3500000.0,1500000.0,289536.0,5.0,1.0,0.0,1.0,1210000.0,1.0,0.0
2503240.8,10.0,45.0,3500000.0,1255550.0,212871.0,3.0,1.0,0.0,1.0,939017.0,0.0,1.0
4864800.0,6.0,42.0,8500000.0,4000000.0,723255.0,4.0,3.0,0.0,0.0,4638090.0,1.0,0.0
2054037.5999999999,12.0,31.0,1700000.0,700000.0,161374.0,3.0,1.0,0.0,0.0,445252.0,1.0,0.0
1086420.0,12.0,36.0,3500000.0,1500000.0,85248.0,11.0,4.0,1.0,4.0,1420217.0,1.0,0.0
1620060.0,10.0,32.0,1500000.0,500000.0,149914.0,4.0,1.0,1.0,0.0,810943.0,1.0,0.0
2988190.8,6.0,44.0,1510000.0,3000000.0,449069.0,3.0,1.0,0.0,0.0,2863636.0,1.0,0.0
1763760.0,24.0,28.0,1600000.0,600000.0,77105.0,8.0,2.0,3.0,1.0,1285995.0,1.0,0.0
1080000.0,12.0,26.0,1300000.0,150000.0,85365.0,4.0,1.0,0.0,3.0,300000.0,1.0,0.0
3015000.0,18.0,34.0,3500000.0,2512500.0,166873.0,7.0,5.0,0.0,0.0,3600303.0,1.0,0.0
1816092.0,10.0,65.0,1500000.0,500000.0,154194.0,3.0,1.0,0.0,1.0,923771.0,1.0,0.0
4532400.0,36.0,28.0,2563000.0,933000.0,171015.0,4.0,4.0,0.0,0.0,1034771.0,1.0,0.0
2054623.2,5.0,41.0,7000000.0,3200000.0,340964.0,5.0,3.0,1.0,0.0,1092083.0,1.0,0.0
1308000.0,12.0,45.0,1000000.0,350000.0,102762.0,5.0,0.0,2.0,2.0,1107720.0,1.0,0.0
1697880.0,12.0,51.0,1500000.0,500000.0,117908.0,4.0,2.0,1.0,0.0,753948.0,1.0,0.0
1319880.0,12.0,39.0,1800000.0,400000.0,103432.0,7.0,2.0,0.0,5.0,1284518.0,0.0,1.0
8462096.4,10.0,55.0,2343000.0,52000.0,833021.0,3.0,1.0,0.0,0.0,1210000.0,0.0,1.0
1173600.0,6.0,39.0,6000000.0,3000000.0,174073.0,7.0,1.0,0.0,2.0,7596566.0,1.0,0.0
3190860.0,12.0,31.0,2100000.0,100000.0,252985.0,1.0,0.0,0.0,0.0,2291779.0,1.0,0.0
824400.0,8.0,63.0,1200000.0,300000.0,95321.0,4.0,2.0,1.0,1.0,1210000.0,0.0,1.0
4139266.8,10.0,33.0,4800000.0,2500000.0,351995.0,2.0,1.0,0.0,0.0,2782008.0,1.0,0.0
583801.2,6.0,29.0,2000000.0,600000.0,86560.0,3.0,1.0,0.0,1.0,958421.0,1.0,0.0
6011040.0,12.0,63.0,1500000.0,100000.0,471666.0,3.0,1.0,2.0,0.0,908526.0,1.0,0.0
1398000.0,6.0,49.0,1600000.0,500000.0,207120.0,3.0,0.0,0.0,0.0,908526.0,1.0,0.0
1933681.2,10.0,68.0,3600000.0,2000000.0,164006.0,9.0,6.0,2.0,0.0,4332529.0,1.0,0.0
1652821.2,3.0,51.0,3364000.0,99000.0,447550.0,4.0,1.0,0.0,2.0,3316385.0,1.0,0.0
889440.0,6.0,38.0,3000000.0,300000.0,132763.0,2.0,1.0,0.0,0.0,2950831.0,1.0,0.0
1200000.0,6.0,51.0,2500000.0,600000.0,177907.0,7.0,5.0,0.0,2.0,1210000.0,0.0,1.0
1800000.0,12.0,35.0,2500000.0,400000.0,141404.0,4.0,2.0,1.0,0.0,1210000.0,1.0,0.0
2330368.8,9.0,55.0,3000000.0,1500000.0,218470.0,7.0,2.0,0.0,4.0,1210000.0,0.0,1.0
2642400.0,12.0,40.0,2000000.0,560000.0,183500.0,1.0,1.0,0.0,0.0,890311.0,0.0,1.0
3042780.0,6.0,40.0,6000000.0,2000000.0,451936.0,6.0,5.0,1.0,0.0,1637966.0,1.0,0.0
1691520.0,12.0,53.0,3800000.0,2000000.0,132728.0,10.0,5.0,2.0,1.0,4606840.0,1.0,0.0
1200000.0,10.0,48.0,2400000.0,6500000.0,110926.0,10.0,1.0,3.0,4.0,908526.0,1.0,0.0
5914800.0,36.0,37.0,5000000.0,300000.0,191871.0,4.0,2.0,0.0,2.0,5000000.0,1.0,0.0
1409632.8,12.0,26.0,2500000.0,750000.0,110930.0,2.0,2.0,0.0,0.0,722494.0,1.0,0.0
2577120.0,36.0,36.0,1550000.0,800000.0,82909.0,5.0,0.0,3.0,1.0,1269288.0,1.0,0.0
4094400.0,6.0,45.0,3500000.0,950000.0,607076.0,4.0,1.0,0.0,0.0,7059391.0,1.0,0.0
4018800.0,12.0,54.0,908526.0,1633000.0,325492.0,9.0,6.0,0.0,2.0,961885.0,0.0,1.0
3165480.0,12.0,38.0,6000000.0,1500000.0,219825.0,6.0,4.0,0.0,1.0,3664302.0,1.0,0.0
799680.0,11.0,59.0,3500000.0,1300000.0,62217.0,7.0,5.0,0.0,1.0,999435.0,0.0,1.0
988800.0,10.0,41.0,2500000.0,0.0,91637.0,7.0,6.0,0.0,1.0,1210000.0,0.0,1.0
518408.39999999997,6.0,21.0,4080000.0,630000.0,78956.0,3.0,2.0,0.0,1.0,891731.0,1.0,0.0
1237076.4,10.0,39.0,3000000.0,2300000.0,105309.0,1.0,1.0,0.0,0.0,1210000.0,0.0,1.0
1611759.5999999999,12.0,57.0,2280000.0,259000.0,131732.0,2.0,0.0,1.0,1.0,2320708.0,1.0,0.0
2134827.6,10.0,31.0,14500000.0,8000000.0,181732.0,0.0,0.0,0.0,0.0,14007850.0,1.0,0.0
1319880.0,12.0,54.0,5000000.0,1750000.0,103623.0,2.0,1.0,0.0,0.0,1786116.0,0.0,1.0
3217500.0,12.0,38.0,15000000.0,10000000.0,253095.0,11.0,4.0,0.0,2.0,1062857.0,0.0,1.0
7828020.0,11.0,29.0,4500000.0,2000000.0,663891.0,4.0,3.0,0.0,0.0,2740957.0,1.0,0.0
8710981.2,36.0,39.0,3760000.0,1411000.0,327483.0,13.0,5.0,0.0,4.0,3191958.0,1.0,0.0
4353712.8,10.0,57.0,2500000.0,1000000.0,370619.0,1.0,0.0,0.0,0.0,1556083.0,1.0,0.0
1082556.0,9.0,35.0,1000000.0,700000.0,101683.0,9.0,4.0,0.0,2.0,7106275.0,1.0,0.0
737642.4,9.0,61.0,1100000.0,700000.0,68889.0,3.0,1.0,0.0,1.0,908526.0,1.0,0.0
1145880.0,12.0,29.0,2633000.0,1300000.0,79575.0,14.0,3.0,0.0,6.0,1210000.0,1.0,0.0
1185660.0,2.0,41.0,5000000.0,2000000.0,467566.0,14.0,8.0,0.0,2.0,1089727.0,0.0,1.0
866280.0,6.0,40.0,6000000.0,1800000.0,120317.0,11.0,5.0,0.0,2.0,1210000.0,1.0,0.0
4146000.0,6.0,48.0,3370000.0,172000.0,628333.0,3.0,1.0,0.0,2.0,1210000.0,0.0,1.0
2375520.0,10.0,23.0,1200000.0,300000.0,220054.0,0.0,0.0,0.0,0.0,1210000.0,1.0,0.0
3307068.0,6.0,53.0,12000000.0,8000000.0,490338.0,14.0,10.0,0.0,0.0,966736.0,1.0,0.0
1665741.5999999999,10.0,55.0,3598844.0,1545888.0,142172.0,13.0,3.0,0.0,7.0,1210000.0,0.0,1.0
947880.0,6.0,38.0,1100000.0,300000.0,140914.0,0.0,0.0,0.0,0.0,841763.0,1.0,0.0
1440000.0,6.0,50.0,2860000.0,1693000.0,219332.0,3.0,1.0,2.0,0.0,963410.0,0.0,1.0
840000.0,6.0,48.0,5000000.0,1300000.0,124678.0,6.0,5.0,1.0,0.0,5831779.0,1.0,0.0
3357248.4,6.0,39.0,4040000.0,1452000.0,505379.0,4.0,4.0,0.0,0.0,4060121.0,1.0,0.0
2119942.8,10.0,40.0,2112500.0,975000.0,179992.0,5.0,1.0,0.0,0.0,2298719.0,1.0,0.0
1150440.0,8.0,48.0,2000000.0,400000.0,130477.0,13.0,6.0,0.0,5.0,817674.0,1.0,0.0
905593.2,6.0,48.0,3650000.0,399000.0,136779.0,4.0,0.0,0.0,2.0,1210000.0,1.0,0.0
601951.2,6.0,62.0,243798.0,0.0,90703.0,0.0,0.0,0.0,0.0,243798.0,0.0,1.0
5846400.0,6.0,55.0,10000000.0,3500000.0,872715.0,10.0,8.0,0.0,1.0,954263.0,0.0,1.0
4330920.0,24.0,64.0,2570000.0,894000.0,199794.0,4.0,2.0,0.0,0.0,1210000.0,0.0,1.0
2777760.0,12.0,39.0,2600000.0,900000.0,192900.0,7.0,4.0,0.0,1.0,1119308.0,1.0,0.0
2330474.4,10.0,63.0,3500000.0,3000000.0,198179.0,5.0,5.0,0.0,0.0,939017.0,1.0,0.0
7658955.6,10.0,32.0,3500000.0,1600000.0,653694.0,0.0,0.0,0.0,0.0,2116639.0,1.0,0.0
2216280.0,12.0,29.0,3000000.0,900000.0,153908.0,4.0,1.0,0.0,1.0,3266760.0,1.0,0.0
5044800.0,24.0,55.0,2500000.0,1100000.0,220511.0,1.0,1.0,0.0,0.0,1004818.0,1.0,0.0
2566560.0,12.0,47.0,13000000.0,5000000.0,178233.0,6.0,6.0,0.0,0.0,10074360.0,1.0,0.0
4705081.2,10.0,46.0,1000000.0,1412000.0,439933.0,2.0,1.0,0.0,0.0,893333.0,1.0,0.0
2101682.4,10.0,53.0,7000000.0,2000000.0,179004.0,4.0,2.0,0.0,1.0,9681330.0,1.0,0.0
4044000.0,36.0,32.0,2000000.0,219000.0,146447.0,2.0,1.0,0.0,0.0,1210000.0,0.0,1.0
3090600.0,6.0,37.0,4000000.0,1000000.0,459456.0,15.0,8.0,0.0,7.0,1210000.0,0.0,1.0
670200.0,9.0,55.0,5000000.0,2000000.0,62801.0,11.0,7.0,0.0,2.0,848061.0,0.0,1.0
2426880.0,12.0,57.0,4398643.0,1950000.0,190065.0,7.0,5.0,1.0,0.0,1210000.0,1.0,0.0
1952278.7999999998,10.0,37.0,5000000.0,2300000.0,166018.0,6.0,1.0,0.0,3.0,1210000.0,0.0,1.0
5709530.399999999,10.0,60.0,5000000.0,3000000.0,486291.0,4.0,2.0,0.0,1.0,1300000.0,0.0,1.0
1848000.0,6.0,50.0,1530000.0,135000.0,280523.0,4.0,0.0,0.0,2.0,1039546.0,1.0,0.0
670200.0,10.0,29.0,2000000.0,700000.0,57052.0,12.0,9.0,1.0,2.0,3095115.0,1.0,0.0
4200000.0,6.0,47.0,8000000.0,1800000.0,625934.0,1.0,0.0,0.0,0.0,1210000.0,1.0,0.0
1185660.0,3.0,38.0,5000000.0,2000000.0,314957.0,9.0,4.0,0.0,3.0,863099.0,0.0,1.0
592920.0,9.0,59.0,4500000.0,3000000.0,55294.0,1.0,0.0,1.0,0.0,1210000.0,0.0,1.0
956280.0,6.0,39.0,1000000.0,150000.0,142027.0,5.0,0.0,0.0,3.0,923771.0,1.0,0.0
4627576.8,10.0,33.0,2000000.0,800000.0,392490.0,0.0,0.0,0.0,0.0,1210000.0,0.0,1.0
5973254.399999999,24.0,29.0,1900000.0,300000.0,264725.0,4.0,2.0,0.0,1.0,1065938.0,1.0,0.0
360000.0,6.0,62.0,2100000.0,600000.0,53558.0,7.0,2.0,2.0,2.0,1870080.0,1.0,0.0
4700088.0,10.0,57.0,18000000.0,12500000.0,400105.0,9.0,6.0,0.0,1.0,1856666.0,0.0,1.0
777840.0,6.0,29.0,5000000.0,2500000.0,115530.0,11.0,11.0,0.0,0.0,931394.0,1.0,0.0
1337220.0,6.0,51.0,3000000.0,200000.0,198794.0,2.0,0.0,0.0,1.0,946640.0,0.0,1.0
1744680.0,24.0,36.0,3400000.0,800000.0,76782.0,7.0,3.0,0.0,1.0,1210000.0,1.0,0.0
5359221.6,9.0,44.0,4000000.0,2800000.0,500505.0,4.0,1.0,0.0,2.0,1210000.0,0.0,1.0
4190554.8,9.0,33.0,37121583.0,32016666.0,392674.0,6.0,5.0,0.0,0.0,1123607.0,1.0,0.0
8400000.0,10.0,48.0,10000000.0,4000000.0,781401.0,8.0,3.0,1.0,3.0,946640.0,0.0,1.0
2482446.0,10.0,55.0,1117000.0,700000.0,210550.0,3.0,0.0,0.0,3.0,1210000.0,1.0,0.0
5090234.399999999,9.0,57.0,8000000.0,3500000.0,476978.0,10.0,8.0,0.0,1.0,1210000.0,0.0,1.0
723600.0,10.0,34.0,1600000.0,500000.0,66698.0,7.0,4.0,0.0,1.0,1248891.0,1.0,0.0
3105240.0,6.0,43.0,10000000.0,5000000.0,460102.0,10.0,4.0,0.0,1.0,1516832.0,0.0,1.0
5016960.0,24.0,34.0,4610000.0,1876000.0,228670.0,10.0,7.0,0.0,0.0,33334.0,0.0,1.0
904800.0,6.0,69.0,7000000.0,3000000.0,134571.0,9.0,7.0,0.0,1.0,1210000.0,1.0,0.0
863880.0,6.0,43.0,2018000.0,196000.0,132898.0,6.0,2.0,0.0,3.0,800000.0,1.0,0.0
839880.0,12.0,44.0,1800000.0,350000.0,58325.0,1.0,0.0,0.0,0.0,1007507.0,1.0,0.0
3703680.0,12.0,32.0,3000000.0,700000.0,290059.0,2.0,1.0,0.0,0.0,1330000.0,1.0,0.0
2541840.0,6.0,43.0,4480000.0,217000.0,376878.0,4.0,2.0,0.0,1.0,1210000.0,0.0,1.0
1414458.0,9.0,32.0,6000000.0,3000000.0,131909.0,5.0,4.0,0.0,0.0,5577584.0,0.0,1.0
547200.0,6.0,46.0,2480000.0,1256000.0,82648.0,3.0,0.0,0.0,3.0,1210000.0,0.0,1.0
2803200.0,6.0,27.0,8000000.0,3000000.0,416919.0,4.0,2.0,0.0,1.0,931394.0,0.0,1.0
4380840.0,6.0,32.0,4400000.0,1000000.0,653910.0,2.0,1.0,0.0,0.0,1632720.0,1.0,0.0
924000.0,6.0,48.0,3000000.0,1000000.0,137457.0,4.0,2.0,2.0,0.0,1638864.0,1.0,0.0
4149488.4,11.0,54.0,8217625.0,4110000.0,350914.0,9.0,5.0,1.0,0.0,3367625.0,1.0,0.0
7500008.399999999,10.0,39.0,10463000.0,3352000.0,668241.0,7.0,4.0,0.0,0.0,1210000.0,0.0,1.0
2015760.0,24.0,37.0,1400000.0,0.0,88594.0,3.0,3.0,0.0,0.0,1429552.0,1.0,0.0
514080.0,6.0,32.0,1845379.0,1902000.0,77546.0,12.0,4.0,0.0,1.0,1734735.0,0.0,1.0
6000000.0,6.0,50.0,5500000.0,2500000.0,889920.0,3.0,1.0,0.0,1.0,5914692.0,1.0,0.0
1348800.0,8.0,53.0,3800000.0,400000.0,152974.0,3.0,1.0,1.0,0.0,988113.0,0.0,1.0
2280516.0,9.0,54.0,5000000.0,2000000.0,214206.0,12.0,6.0,3.0,2.0,2941470.0,0.0,1.0
585079.2,6.0,47.0,1500000.0,6000000.0,87195.0,7.0,2.0,0.0,3.0,1434778.0,1.0,0.0
2487499.1999999997,6.0,53.0,4570000.0,2958000.0,376967.0,5.0,1.0,0.0,1.0,33334.0,0.0,1.0
2419200.0,12.0,42.0,1500000.0,400000.0,191786.0,3.0,2.0,0.0,0.0,1236336.0,1.0,0.0
4473000.0,12.0,42.0,1900000.0,600000.0,350310.0,11.0,5.0,0.0,4.0,1272497.0,1.0,0.0
3073152.0,24.0,34.0,5200000.0,422000.0,133830.0,5.0,3.0,0.0,1.0,1639828.0,1.0,0.0
2589963.6,10.0,36.0,2500000.0,1800000.0,219323.0,3.0,1.0,0.0,2.0,1210000.0,1.0,0.0
1294766.4,8.0,40.0,1300000.0,350000.0,146973.0,5.0,2.0,0.0,2.0,1125966.0,1.0,0.0
2616000.0,6.0,59.0,15000000.0,8000000.0,390480.0,21.0,17.0,1.0,1.0,6645593.0,1.0,0.0
960000.0,6.0,35.0,5110000.0,3149000.0,144498.0,7.0,5.0,0.0,1.0,1416228.0,0.0,1.0
3432180.0,6.0,39.0,7500000.0,2000000.0,508889.0,11.0,7.0,0.0,1.0,2850000.0,1.0,0.0
1359638.4,8.0,29.0,2000000.0,600000.0,157208.0,3.0,1.0,0.0,1.0,1512500.0,1.0,0.0
2330616.0,5.0,65.0,2500000.0,1500000.0,378646.0,2.0,1.0,0.0,0.0,1210000.0,1.0,0.0
453600.0,12.0,69.0,1000000.0,200000.0,31500.0,15.0,1.0,0.0,14.0,968609.0,1.0,0.0
7059804.0,24.0,49.0,10000000.0,4000000.0,310284.0,3.0,1.0,0.0,0.0,15277075.0,1.0,0.0
1606152.0,10.0,37.0,1800000.0,500000.0,136226.0,4.0,1.0,0.0,3.0,1210000.0,1.0,0.0
2279641.1999999997,6.0,37.0,6000000.0,3000000.0,338589.0,4.0,2.0,0.0,2.0,783063.0,0.0,1.0
2407208.4,10.0,47.0,3000000.0,1500000.0,204704.0,3.0,0.0,0.0,0.0,939017.0,0.0,1.0
2674800.0,12.0,42.0,13200000.0,4000000.0,209883.0,9.0,3.0,0.0,3.0,6365333.0,1.0,0.0
1319821.2,6.0,48.0,2000000.0,800000.0,196297.0,7.0,0.0,1.0,4.0,1210000.0,1.0,0.0
5139122.399999999,12.0,32.0,4500000.0,1200000.0,356884.0,6.0,3.0,0.0,1.0,1307889.0,1.0,0.0
1440584.4,10.0,38.0,2500000.0,1400000.0,122376.0,2.0,1.0,0.0,1.0,925157.0,1.0,0.0
2461545.6,9.0,64.0,1500000.0,600000.0,229887.0,1.0,0.0,0.0,1.0,1210000.0,1.0,0.0
3289464.0,24.0,42.0,6000000.0,1900000.0,143250.0,8.0,5.0,0.0,1.0,963410.0,1.0,0.0
1425537.5999999999,6.0,36.0,2041000.0,169000.0,219127.0,2.0,0.0,0.0,2.0,1982927.0,1.0,0.0
2992200.0,6.0,31.0,6218681.0,2871000.0,443653.0,4.0,2.0,0.0,0.0,6400000.0,1.0,0.0
1374897.5999999999,10.0,31.0,1500000.0,800000.0,117041.0,4.0,2.0,0.0,0.0,1230571.0,1.0,0.0
1638000.0,12.0,53.0,3000000.0,800000.0,128361.0,4.0,4.0,0.0,0.0,1160000.0,1.0,0.0
1167042.0,12.0,43.0,900000.0,300000.0,91840.0,1.0,0.0,0.0,0.0,1210000.0,1.0,0.0
1586400.0,12.0,49.0,1300000.0,420000.0,125392.0,5.0,1.0,0.0,4.0,1210000.0,0.0,1.0
1991880.0,6.0,27.0,1840000.0,154000.0,301873.0,2.0,1.0,0.0,0.0,683333.0,1.0,0.0
1883760.0,12.0,42.0,2500000.0,0.0,148241.0,4.0,2.0,0.0,2.0,2758190.0,1.0,0.0
3204284.4,10.0,63.0,7000000.0,1000000.0,271345.0,7.0,5.0,0.0,1.0,1210000.0,1.0,0.0
1729200.0,12.0,33.0,1000000.0,600000.0,135258.0,2.0,2.0,0.0,0.0,1210000.0,0.0,1.0
1296513.5999999999,6.0,39.0,1569750.0,817000.0,195824.0,8.0,2.0,2.0,0.0,1578761.0,1.0,0.0
1308747.5999999999,10.0,43.0,2300000.0,1300000.0,111002.0,4.0,0.0,0.0,3.0,1210000.0,0.0,1.0
1878979.2,11.0,68.0,3400000.0,1300000.0,146440.0,3.0,2.0,0.0,1.0,1210000.0,0.0,1.0
4949838.0,11.0,45.0,4000000.0,2000000.0,389741.0,7.0,3.0,2.0,0.0,923771.0,0.0,1.0
2588607.6,9.0,56.0,3742000.0,3742000.0,242680.0,7.0,4.0,1.0,2.0,954263.0,0.0,1.0
4093081.1999999997,36.0,34.0,2100000.0,78000.0,140389.0,4.0,3.0,0.0,1.0,1043234.0,1.0,0.0
1741080.0,12.0,48.0,4000000.0,1450000.0,136607.0,7.0,6.0,0.0,0.0,908526.0,0.0,1.0
4284000.0,5.0,122.0,451263842.0,151735135.0,694792.0,0.0,0.0,0.0,0.0,1210000.0,1.0,0.0
600000.0,12.0,41.0,2400000.0,400000.0,47135.0,5.0,2.0,0.0,2.0,916667.0,1.0,0.0
1680000.0,6.0,36.0,4000000.0,1200000.0,250767.0,14.0,1.0,3.0,6.0,1210000.0,0.0,1.0
1540800.0,12.0,34.0,2500000.0,1200000.0,120522.0,2.0,1.0,0.0,0.0,2296397.0,1.0,0.0
1419600.0,6.0,26.0,1508000.0,346000.0,216225.0,3.0,2.0,0.0,0.0,1078879.0,1.0,0.0
2222160.0,6.0,49.0,2500000.0,700000.0,330351.0,1.0,1.0,0.0,0.0,1210000.0,0.0,1.0
3857954.4,9.0,122.0,4879616.0,1895642.0,362372.0,0.0,0.0,0.0,0.0,1210000.0,1.0,0.0
3720000.0,6.0,54.0,5680000.0,2500000.0,553024.0,10.0,8.0,0.0,2.0,5918470.0,1.0,0.0
1618440.0,10.0,64.0,2000000.0,200000.0,150933.0,8.0,4.0,2.0,1.0,2640473.0,1.0,0.0
972000.0,6.0,29.0,2300000.0,900000.0,144270.0,7.0,4.0,0.0,2.0,2339583.0,1.0,0.0
7540800.0,6.0,44.0,22000000.0,0.0,1121033.0,20.0,2.0,3.0,10.0,1000000.0,0.0,1.0
3699600.0,12.0,35.0,15000000.0,8000000.0,289383.0,4.0,1.0,0.0,0.0,908526.0,0.0,1.0
1704000.0,6.0,40.0,2760000.0,701000.0,257370.0,4.0,1.0,0.0,1.0,1000000.0,0.0,1.0
878880.0,5.0,59.0,5000000.0,2000000.0,142581.0,6.0,1.0,0.0,3.0,999482.0,0.0,1.0
4372800.0,6.0,53.0,5000000.0,1500000.0,649451.0,0.0,0.0,0.0,0.0,1210000.0,0.0,1.0
4276800.0,18.0,51.0,5000000.0,2500000.0,236289.0,9.0,7.0,0.0,0.0,913677.0,0.0,1.0
1419600.0,10.0,64.0,6470000.0,2232000.0,136581.0,12.0,11.0,0.0,0.0,1379000.0,0.0,1.0
1193640.0,12.0,34.0,1360000.0,151000.0,96092.0,2.0,2.0,0.0,0.0,798647.0,1.0,0.0
11808000.0,12.0,52.0,18000000.0,9000000.0,927688.0,8.0,6.0,0.0,1.0,923771.0,0.0,1.0
2046230.4,10.0,68.0,3589000.0,1255550.0,173825.0,4.0,3.0,0.0,0.0,1480340.0,0.0,1.0
1668000.0,12.0,48.0,1500000.0,350000.0,131425.0,5.0,0.0,0.0,1.0,1210000.0,0.0,1.0
2781080.4,10.0,58.0,4000000.0,1700000.0,236870.0,3.0,2.0,0.0,0.0,1210000.0,1.0,0.0
2375456.4,10.0,43.0,3800000.0,907000.0,209486.0,2.0,2.0,0.0,0.0,6024020.0,1.0,0.0
1415343.5999999999,10.0,38.0,3000000.0,2000000.0,120358.0,4.0,3.0,1.0,0.0,1622627.0,1.0,0.0
2443544.4,10.0,28.0,3000000.0,600000.0,207576.0,5.0,2.0,2.0,0.0,1138473.0,1.0,0.0
924480.0,6.0,50.0,3800000.0,500000.0,137060.0,4.0,2.0,0.0,2.0,1210000.0,0.0,1.0
399600.0,6.0,48.0,2000000.0,1000000.0,59405.0,3.0,2.0,0.0,0.0,1210000.0,0.0,1.0
1311600.0,12.0,49.0,3800000.0,400000.0,102910.0,10.0,6.0,0.0,3.0,903405.0,1.0,0.0
1269000.0,5.0,47.0,5000000.0,2000000.0,205691.0,7.0,4.0,0.0,2.0,1210000.0,0.0,1.0
1197600.0,6.0,23.0,1100000.0,48000.0,178049.0,1.0,0.0,0.0,1.0,1101452.0,1.0,0.0
636000.0,6.0,37.0,2800000.0,1000000.0,94784.0,3.0,1.0,0.0,0.0,600000.0,0.0,1.0
1583340.0,11.0,38.0,3000000.0,2000000.0,123329.0,2.0,2.0,0.0,0.0,1210000.0,0.0,1.0
668640.0,12.0,36.0,5000000.0,2000000.0,52462.0,6.0,4.0,0.0,1.0,3724582.0,1.0,0.0
4023600.0,12.0,51.0,6000000.0,2500000.0,316112.0,13.0,9.0,0.0,4.0,2400000.0,0.0,1.0
2888496.0,9.0,33.0,4975833.0,2000000.0,270407.0,9.0,2.0,0.0,4.0,1210000.0,1.0,0.0
1507080.0,12.0,61.0,3200000.0,180000.0,104658.0,5.0,5.0,0.0,0.0,1210000.0,0.0,1.0
815098.7999999999,10.0,46.0,3500000.0,1000000.0,75532.0,7.0,6.0,0.0,0.0,908526.0,0.0,1.0
1084186.8,2.0,61.0,5000000.0,2000000.0,427173.0,4.0,1.0,0.0,3.0,1210000.0,0.0,1.0
3139860.0,12.0,44.0,1930000.0,483000.0,257432.0,7.0,2.0,2.0,0.0,1251775.0,1.0,0.0
1595101.2,11.0,61.0,5200000.0,1400000.0,124245.0,11.0,2.0,0.0,7.0,1210000.0,1.0,0.0
3118587.6,9.0,65.0,3000000.0,1500000.0,291249.0,4.0,2.0,0.0,1.0,858052.0,0.0,1.0
2907157.1999999997,10.0,51.0,4560000.0,793000.0,256376.0,5.0,2.0,0.0,3.0,1210000.0,0.0,1.0
1113153.5999999999,10.0,23.0,1500000.0,800000.0,94413.0,4.0,0.0,0.0,1.0,736832.0,1.0,0.0
4131360.0,12.0,37.0,4000000.0,1000000.0,326587.0,2.0,1.0,0.0,1.0,1210000.0,1.0,0.0
1375587.5999999999,10.0,20.0,1500000.0,800000.0,116855.0,2.0,0.0,0.0,2.0,1210000.0,1.0,0.0
2183640.0,12.0,35.0,3500000.0,1500000.0,151642.0,5.0,1.0,0.0,0.0,3286125.0,1.0,0.0
3360000.0,6.0,50.0,3580000.0,1155000.0,505742.0,5.0,4.0,1.0,0.0,969508.0,0.0,1.0
2349958.8,5.0,65.0,4000000.0,2000000.0,380570.0,6.0,6.0,0.0,0.0,1284518.0,0.0,1.0
1733880.0,10.0,37.0,2880000.0,500000.0,160276.0,3.0,1.0,0.0,1.0,1120000.0,1.0,0.0
7824000.0,6.0,52.0,12000000.0,5000000.0,1171752.0,6.0,3.0,0.0,1.0,961885.0,0.0,1.0
1547248.8,12.0,50.0,1500000.0,250000.0,122661.0,1.0,0.0,0.0,1.0,939017.0,1.0,0.0
798000.0,12.0,39.0,3500000.0,800000.0,62694.0,6.0,3.0,1.0,2.0,7216603.0,1.0,0.0
717820.7999999999,9.0,35.0,2200000.0,1300000.0,67424.0,6.0,4.0,0.0,1.0,1210000.0,1.0,0.0
2244840.0,12.0,31.0,1600000.0,300000.0,176133.0,5.0,3.0,0.0,0.0,1210000.0,1.0,0.0
2090875.2,10.0,39.0,3000000.0,1500000.0,177804.0,11.0,3.0,1.0,6.0,933473.0,0.0,1.0
2669160.0,18.0,33.0,2200000.0,200000.0,147468.0,9.0,3.0,0.0,3.0,1950751.0,1.0,0.0
3144000.0,12.0,28.0,3000000.0,800000.0,247415.0,2.0,2.0,0.0,0.0,3468510.0,1.0,0.0
3834037.1999999997,10.0,31.0,2407000.0,1942000.0,336376.0,9.0,4.0,0.0,2.0,885038.0,0.0,1.0
4090692.0,24.0,29.0,1900000.0,350000.0,179214.0,3.0,2.0,0.0,0.0,1039833.0,1.0,0.0
3143880.0,12.0,40.0,1200000.0,400000.0,218325.0,9.0,5.0,0.0,2.0,1136072.0,1.0,0.0
1542840.0,6.0,41.0,2000000.0,700000.0,228997.0,9.0,6.0,0.0,2.0,1599000.0,0.0,1.0
1058400.0,6.0,52.0,1667258.0,432000.0,159859.0,3.0,2.0,0.0,1.0,1572378.0,1.0,0.0
1200000.0,6.0,46.0,3000000.0,1000000.0,177924.0,5.0,1.0,1.0,2.0,4839231.0,1.0,0.0
1392000.0,6.0,68.0,15000000.0,3000000.0,207452.0,5.0,3.0,0.0,1.0,925157.0,0.0,1.0
1951428.0,3.0,68.0,2000000.0,1000000.0,517869.0,4.0,2.0,0.0,0.0,931394.0,1.0,0.0
5381640.0,6.0,61.0,5400000.0,400000.0,798744.0,4.0,1.0,1.0,1.0,6080101.0,1.0,0.0
2056558.7999999998,6.0,57.0,1000000.0,240000.0,305648.0,5.0,3.0,0.0,0.0,925157.0,1.0,0.0
1090800.0,12.0,27.0,2000000.0,1000000.0,85591.0,4.0,1.0,0.0,3.0,1210000.0,1.0,0.0
2192640.0,12.0,46.0,4000000.0,2300000.0,172263.0,7.0,3.0,0.0,0.0,4274527.0,1.0,0.0
1879200.0,6.0,56.0,2000000.0,500000.0,278911.0,5.0,1.0,0.0,2.0,1210000.0,0.0,1.0
1736228.4,10.0,55.0,1500000.0,600000.0,147259.0,8.0,5.0,0.0,2.0,1210000.0,1.0,0.0
878880.0,5.0,34.0,5000000.0,2000000.0,142788.0,4.0,1.0,0.0,2.0,944655.0,0.0,1.0
1296000.0,6.0,63.0,2000000.0,500000.0,192666.0,4.0,2.0,0.0,1.0,2057364.0,1.0,0.0
720000.0,6.0,36.0,908526.0,2723000.0,108373.0,22.0,3.0,13.0,1.0,959344.0,0.0,1.0
1217426.4,11.0,62.0,3000000.0,2000000.0,103073.0,3.0,2.0,0.0,0.0,2666666.0,1.0,0.0
2418300.0,12.0,27.0,3600000.0,1800000.0,189756.0,12.0,7.0,0.0,3.0,3609518.0,1.0,0.0
508800.0,6.0,35.0,2000000.0,0.0,75467.0,3.0,1.0,0.0,1.0,736915.0,1.0,0.0
860479.2,6.0,60.0,1580000.0,140000.0,127805.0,2.0,0.0,0.0,2.0,1210000.0,0.0,1.0
4148544.0,10.0,35.0,3132000.0,533000.0,400154.0,5.0,3.0,0.0,0.0,1000000.0,1.0,0.0
4639200.0,36.0,65.0,2401000.0,738000.0,173449.0,4.0,3.0,1.0,0.0,1004619.0,1.0,0.0
3000000.0,24.0,54.0,2000000.0,400000.0,133656.0,4.0,1.0,0.0,2.0,1210000.0,0.0,1.0
1200000.0,6.0,67.0,8000000.0,3200000.0,178838.0,17.0,6.0,8.0,0.0,8732184.0,1.0,0.0
943720.7999999999,6.0,60.0,1710000.0,203000.0,142537.0,2.0,1.0,0.0,1.0,969508.0,1.0,0.0
2842767.6,10.0,30.0,2800000.0,900000.0,241743.0,6.0,1.0,1.0,2.0,1295000.0,1.0,0.0
3272640.0,12.0,28.0,2086637.0,230000.0,261018.0,3.0,3.0,0.0,0.0,1865394.0,1.0,0.0
1961626.7999999998,10.0,60.0,3000000.0,1500000.0,166551.0,9.0,5.0,2.0,0.0,9134873.0,0.0,1.0
1220400.0,18.0,61.0,3190000.0,1007000.0,75522.0,8.0,3.0,1.0,3.0,1210000.0,1.0,0.0
2170480.8,10.0,58.0,9020000.0,351000.0,192397.0,5.0,3.0,1.0,1.0,1210000.0,1.0,0.0
4862866.8,10.0,41.0,4772583.0,3969833.0,412879.0,8.0,2.0,2.0,2.0,1210000.0,0.0,1.0
2417160.0,12.0,52.0,13000000.0,0.0,167858.0,10.0,6.0,0.0,2.0,2766666.0,0.0,1.0
4512000.0,36.0,38.0,2600000.0,430000.0,156667.0,3.0,3.0,0.0,0.0,1696166.0,1.0,0.0
8400000.0,6.0,53.0,2090000.0,1014000.0,1166667.0,7.0,5.0,0.0,2.0,1210000.0,1.0,0.0
1900440.0,12.0,45.0,5000000.0,2000000.0,149121.0,7.0,2.0,0.0,3.0,919960.0,0.0,1.0
1632120.0,12.0,30.0,2000000.0,200000.0,127901.0,5.0,3.0,0.0,1.0,1210000.0,0.0,1.0
1548681.5999999999,8.0,51.0,1500000.0,450000.0,175796.0,4.0,2.0,0.0,0.0,1210000.0,0.0,1.0
726000.0,6.0,23.0,1200000.0,200000.0,109134.0,1.0,0.0,0.0,0.0,927357.0,1.0,0.0
713880.0,6.0,38.0,4000000.0,1000000.0,105958.0,10.0,5.0,0.0,2.0,3845731.0,1.0,0.0
6025243.2,11.0,37.0,14000000.0,5000000.0,470923.0,12.0,7.0,0.0,1.0,15023590.0,1.0,0.0
1546132.8,10.0,51.0,4000000.0,2000000.0,131136.0,8.0,3.0,0.0,3.0,1210000.0,0.0,1.0
1391853.5999999999,2.0,43.0,1000000.0,600000.0,549603.0,4.0,2.0,0.0,2.0,1210000.0,1.0,0.0
1438140.0,6.0,26.0,3919669.0,1212000.0,213213.0,4.0,0.0,0.0,3.0,0.0,1.0,0.0
1559880.0,12.0,41.0,7000000.0,2000000.0,122449.0,4.0,1.0,1.0,2.0,727539.0,1.0,0.0
3018555.6,12.0,24.0,3000000.0,850000.0,237445.0,7.0,5.0,0.0,1.0,931394.0,1.0,0.0
2648520.0,8.0,55.0,7200000.0,3000000.0,300397.0,3.0,2.0,0.0,1.0,7245404.0,1.0,0.0
876000.0,6.0,33.0,1300000.0,200000.0,131683.0,2.0,1.0,0.0,0.0,1143610.0,1.0,0.0
1549390.8,6.0,24.0,3300000.0,2000000.0,232909.0,2.0,1.0,0.0,0.0,1100000.0,1.0,0.0
1896430.7999999998,9.0,62.0,14050000.0,3238000.0,179406.0,5.0,2.0,0.0,2.0,2593373.0,1.0,0.0
840000.0,6.0,27.0,2500000.0,800000.0,125802.0,9.0,2.0,0.0,6.0,1805000.0,1.0,0.0
1036332.0,11.0,59.0,2500000.0,1300000.0,80721.0,0.0,0.0,0.0,0.0,1210000.0,1.0,0.0
2491200.0,36.0,44.0,2700000.0,595000.0,87445.0,4.0,2.0,0.0,1.0,499689.0,1.0,0.0
3038880.0,12.0,37.0,3000000.0,500000.0,239316.0,6.0,2.0,0.0,0.0,1210000.0,1.0,0.0
6976512.0,3.0,45.0,4720000.0,3780000.0,1873852.0,4.0,4.0,0.0,0.0,1502672.0,1.0,0.0
2795460.0,24.0,44.0,2000000.0,500000.0,121775.0,13.0,7.0,0.0,4.0,2479778.0,1.0,0.0
2000400.0,6.0,66.0,1400000.0,240000.0,296708.0,3.0,2.0,0.0,0.0,916148.0,1.0,0.0
1617600.0,6.0,54.0,3000000.0,1000000.0,240247.0,15.0,4.0,0.0,7.0,1210000.0,1.0,0.0
2004962.4,12.0,53.0,2000000.0,1000000.0,157323.0,1.0,0.0,0.0,0.0,1210000.0,0.0,1.0
2165407.1999999997,9.0,29.0,3000000.0,1000000.0,202424.0,3.0,1.0,0.0,2.0,2900000.0,1.0,0.0
1963080.0,12.0,30.0,1800000.0,710000.0,154026.0,7.0,0.0,0.0,3.0,800110.0,1.0,0.0
2476449.6,9.0,47.0,9000000.0,6000000.0,231500.0,19.0,13.0,0.0,5.0,9515207.0,1.0,0.0
2180160.0,12.0,24.0,1800000.0,450000.0,151400.0,3.0,1.0,0.0,1.0,1210000.0,1.0,0.0
3612000.0,6.0,28.0,6340000.0,3200000.0,540947.0,2.0,1.0,0.0,0.0,6874522.0,1.0,0.0
1962586.7999999998,18.0,57.0,5000000.0,300000.0,108899.0,14.0,9.0,0.0,1.0,4224637.0,1.0,0.0
4532400.0,36.0,38.0,6577000.0,2426000.0,171015.0,9.0,6.0,0.0,2.0,3208485.0,1.0,0.0
1709880.0,12.0,42.0,4000000.0,500000.0,118742.0,2.0,0.0,0.0,0.0,908526.0,1.0,0.0
1244160.0,6.0,61.0,3800000.0,1000000.0,184659.0,4.0,1.0,0.0,1.0,1210000.0,0.0,1.0
2699880.0,6.0,50.0,5000000.0,3000000.0,401279.0,11.0,9.0,0.0,0.0,931394.0,0.0,1.0
3600000.0,6.0,39.0,21000000.0,5000000.0,534313.0,3.0,2.0,0.0,0.0,908526.0,1.0,0.0
2832000.0,12.0,33.0,4025000.0,1641000.0,233585.0,8.0,3.0,0.0,0.0,3534310.0,1.0,0.0
2100000.0,8.0,26.0,1200000.0,300000.0,237864.0,0.0,0.0,0.0,0.0,1193037.0,1.0,0.0
2157960.0,10.0,58.0,7600000.0,3000000.0,183316.0,16.0,12.0,0.0,1.0,1210000.0,1.0,0.0
4590687.6,10.0,48.0,8000000.0,2500000.0,390792.0,2.0,1.0,0.0,1.0,941789.0,0.0,1.0
902400.0,6.0,46.0,3200000.0,1200000.0,133799.0,4.0,1.0,0.0,2.0,908526.0,1.0,0.0
2239390.8,10.0,55.0,5000000.0,1500000.0,207210.0,5.0,2.0,0.0,1.0,923771.0,0.0,1.0
1358160.0,6.0,40.0,1910000.0,0.0,204449.0,1.0,0.0,0.0,0.0,1210000.0,0.0,1.0
2127480.0,12.0,39.0,3500000.0,800000.0,168160.0,4.0,2.0,1.0,0.0,1210000.0,0.0,1.0
1772041.2,12.0,32.0,1800000.0,500000.0,123058.0,1.0,0.0,1.0,0.0,1845000.0,1.0,0.0
3692160.0,10.0,42.0,8000000.0,2500000.0,341296.0,10.0,5.0,0.0,0.0,908526.0,0.0,1.0
2382166.8,10.0,54.0,1450000.0,450000.0,202575.0,4.0,2.0,0.0,1.0,908526.0,1.0,0.0
549120.0,6.0,59.0,2500000.0,600000.0,81335.0,10.0,1.0,0.0,5.0,905965.0,1.0,0.0
3602400.0,6.0,64.0,14000000.0,3700000.0,537745.0,3.0,1.0,0.0,1.0,11970556.0,1.0,0.0
670200.0,5.0,28.0,5000000.0,2000000.0,108695.0,7.0,6.0,0.0,1.0,810943.0,0.0,1.0
1291800.0,6.0,68.0,3130000.0,1483000.0,195774.0,8.0,4.0,0.0,3.0,1050000.0,1.0,0.0
3272814.0,12.0,26.0,4500000.0,700000.0,227279.0,8.0,4.0,1.0,3.0,4254007.0,1.0,0.0
661080.0,12.0,52.0,1300000.0,500000.0,51873.0,7.0,0.0,0.0,7.0,1275750.0,1.0,0.0
2160000.0,6.0,27.0,5000000.0,2500000.0,321256.0,4.0,2.0,0.0,1.0,954263.0,1.0,0.0
2808000.0,12.0,48.0,2500000.0,1000000.0,220974.0,5.0,3.0,0.0,2.0,1210000.0,1.0,0.0
1731174.0,9.0,51.0,2000000.0,1000000.0,161677.0,8.0,7.0,0.0,1.0,2172132.0,1.0,0.0
636000.0,8.0,40.0,3000000.0,120000.0,71967.0,12.0,1.0,0.0,9.0,762152.0,1.0,0.0
635880.0,6.0,34.0,5000000.0,1000000.0,94381.0,5.0,5.0,0.0,0.0,1671835.0,0.0,1.0
4836240.0,6.0,35.0,4000000.0,500000.0,717069.0,5.0,4.0,0.0,0.0,3644444.0,1.0,0.0
2311200.0,6.0,26.0,893164.0,2284000.0,346134.0,8.0,3.0,0.0,2.0,1660746.0,1.0,0.0
803880.0,12.0,33.0,3500000.0,1000000.0,63261.0,2.0,1.0,1.0,0.0,2043879.0,1.0,0.0
5379120.0,24.0,54.0,7600000.0,2000000.0,238344.0,7.0,1.0,0.0,6.0,1210000.0,0.0,1.0
1637880.0,12.0,61.0,1200000.0,500000.0,113742.0,1.0,0.0,0.0,1.0,927865.0,1.0,0.0
1526400.0,12.0,43.0,1300000.0,300000.0,119175.0,0.0,0.0,0.0,0.0,1453360.0,1.0,0.0
2266957.1999999997,11.0,45.0,2516000.0,1643000.0,182982.0,8.0,4.0,0.0,2.0,984754.0,0.0,1.0
5096528.399999999,10.0,122.0,3278000.0,3200000.0,467390.0,0.0,0.0,0.0,0.0,1210000.0,1.0,0.0
746307.6,10.0,44.0,1500000.0,600000.0,69231.0,7.0,3.0,0.0,3.0,1661894.0,0.0,1.0
2048400.0,12.0,27.0,3000000.0,1000000.0,160731.0,2.0,1.0,0.0,0.0,2605574.0,1.0,0.0
1307520.0,6.0,42.0,10000000.0,4000000.0,193866.0,7.0,2.0,0.0,2.0,946333.0,0.0,1.0
7026804.0,6.0,51.0,5000000.0,2200000.0,1041159.0,10.0,7.0,0.0,2.0,852686.0,0.0,1.0
953760.0,6.0,29.0,2600000.0,600000.0,142364.0,7.0,2.0,0.0,2.0,3100551.0,1.0,0.0
719785.2,2.0,47.0,5000000.0,2000000.0,283931.0,9.0,5.0,0.0,2.0,941789.0,0.0,1.0
1008000.0,12.0,61.0,2200000.0,1000000.0,79094.0,5.0,2.0,3.0,0.0,2336626.0,1.0,0.0
2502840.0,18.0,41.0,3100000.0,2000000.0,138279.0,5.0,3.0,0.0,1.0,825244.0,1.0,0.0
1323600.0,12.0,25.0,1900000.0,300000.0,103858.0,5.0,3.0,0.0,1.0,1280666.0,1.0,0.0
2784000.0,6.0,42.0,4000000.0,1500000.0,413876.0,8.0,7.0,0.0,0.0,3266666.0,1.0,0.0
839698.7999999999,10.0,36.0,1500000.0,500000.0,77620.0,2.0,2.0,0.0,0.0,844250.0,1.0,0.0
794424.0,6.0,43.0,1800000.0,600000.0,118101.0,6.0,3.0,0.0,3.0,1210000.0,1.0,0.0
2138400.0,12.0,43.0,1500000.0,300000.0,167584.0,7.0,1.0,0.0,4.0,1165228.0,1.0,0.0
2987569.1999999997,6.0,41.0,10000000.0,5000000.0,444315.0,21.0,17.0,0.0,2.0,950105.0,1.0,0.0
1825081.2,12.0,33.0,3000000.0,1500000.0,126742.0,2.0,2.0,0.0,0.0,1210000.0,0.0,1.0
1182204.0,12.0,41.0,1400000.0,600000.0,93148.0,4.0,1.0,0.0,3.0,1838262.0,1.0,0.0
1176000.0,12.0,56.0,1200000.0,200000.0,92270.0,6.0,0.0,3.0,3.0,920986.0,1.0,0.0
3600000.0,6.0,44.0,2500000.0,500000.0,533355.0,4.0,4.0,0.0,0.0,1459364.0,1.0,0.0
1489773.5999999999,9.0,63.0,3300000.0,1000000.0,139265.0,3.0,2.0,0.0,0.0,923771.0,1.0,0.0
1200000.0,12.0,59.0,2500000.0,500000.0,94394.0,3.0,1.0,0.0,0.0,3068079.0,1.0,0.0
3267840.0,6.0,44.0,4770000.0,2282000.0,493567.0,5.0,4.0,0.0,1.0,6240000.0,1.0,0.0
3600000.0,18.0,69.0,6000000.0,1600000.0,199251.0,8.0,5.0,0.0,1.0,1210000.0,1.0,0.0
1644000.0,6.0,64.0,2000000.0,1000000.0,243565.0,4.0,2.0,0.0,1.0,1210000.0,0.0,1.0
1389960.0,12.0,55.0,1800000.0,300000.0,108857.0,9.0,5.0,2.0,0.0,1254856.0,1.0,0.0
5349240.0,12.0,60.0,4000000.0,1900000.0,371475.0,3.0,2.0,0.0,1.0,6758333.0,1.0,0.0
2657719.1999999997,10.0,52.0,7000000.0,2000000.0,225652.0,8.0,6.0,0.0,0.0,1210000.0,1.0,0.0
1483200.0,6.0,62.0,1860000.0,300000.0,220296.0,11.0,2.0,2.0,7.0,939017.0,1.0,0.0
4284000.0,6.0,48.0,15000005.0,7000000.0,636291.0,10.0,7.0,0.0,0.0,916148.0,0.0,1.0
1571640.0,6.0,42.0,1600000.0,400000.0,233750.0,6.0,3.0,0.0,0.0,958861.0,1.0,0.0
3936000.0,6.0,51.0,10000000.0,7000000.0,587510.0,3.0,1.0,0.0,1.0,954263.0,0.0,1.0
514080.0,6.0,36.0,2342280.0,1070000.0,77546.0,5.0,2.0,0.0,1.0,2900625.0,1.0,0.0
3056040.0,12.0,28.0,1290000.0,0.0,253278.0,6.0,5.0,1.0,0.0,1000000.0,1.0,0.0
1598208.0,9.0,61.0,1750000.0,550000.0,149473.0,3.0,2.0,0.0,0.0,931394.0,0.0,1.0
3091080.0,12.0,44.0,1524300.0,500000.0,242547.0,8.0,5.0,0.0,2.0,1655559.0,1.0,0.0
1946280.0,12.0,47.0,1600000.0,500000.0,152908.0,4.0,2.0,0.0,2.0,923771.0,1.0,0.0
2118763.1999999997,12.0,30.0,4600000.0,200000.0,167471.0,3.0,2.0,0.0,0.0,1778733.0,0.0,1.0
1025400.0,12.0,41.0,2000000.0,1000000.0,80793.0,9.0,2.0,1.0,6.0,1210000.0,0.0,1.0
28779582.0,11.0,122.0,90107306.0,68835601.0,2439394.0,0.0,0.0,0.0,0.0,1210000.0,1.0,0.0
3600000.0,36.0,32.0,1396232.0,959000.0,121461.0,6.0,3.0,0.0,2.0,1521478.0,1.0,0.0
2985535.1999999997,11.0,32.0,1299000.0,256000.0,235876.0,4.0,1.0,0.0,2.0,1210000.0,1.0,0.0
15600000.0,12.0,34.0,20000000.0,10000000.0,1227126.0,9.0,7.0,0.0,1.0,925157.0,0.0,1.0
1784280.0,12.0,31.0,2000000.0,500000.0,123908.0,4.0,3.0,0.0,0.0,1210000.0,0.0,1.0
4351200.0,36.0,41.0,4200000.0,2500000.0,140689.0,7.0,6.0,0.0,1.0,4456864.0,1.0,0.0
2277600.0,12.0,56.0,3700000.0,800000.0,178790.0,3.0,1.0,0.0,1.0,1210000.0,1.0,0.0
1643880.0,12.0,30.0,4000000.0,1500000.0,114158.0,3.0,2.0,0.0,0.0,3100423.0,1.0,0.0
599640.0,6.0,44.0,1600000.0,400000.0,89144.0,7.0,7.0,0.0,0.0,1494258.0,1.0,0.0
2400000.0,8.0,39.0,1600000.0,600000.0,274198.0,3.0,1.0,1.0,1.0,1200661.0,1.0,0.0
1989999.5999999999,6.0,45.0,5000000.0,3000000.0,297039.0,3.0,1.0,0.0,1.0,908526.0,1.0,0.0
3744000.0,6.0,51.0,5000000.0,3800000.0,557976.0,7.0,5.0,0.0,1.0,946640.0,1.0,0.0
894540.0,6.0,31.0,1800000.0,1000000.0,133045.0,2.0,0.0,0.0,2.0,1210000.0,0.0,1.0
1530643.2,12.0,61.0,6500000.0,2000000.0,121344.0,8.0,5.0,0.0,0.0,931394.0,1.0,0.0
3120000.0,24.0,39.0,4000000.0,1500000.0,137440.0,8.0,6.0,0.0,1.0,5145593.0,1.0,0.0
3159480.0,12.0,35.0,4800000.0,2000000.0,219408.0,5.0,1.0,0.0,1.0,3266945.0,1.0,0.0
2781000.0,12.0,62.0,3500000.0,250000.0,218470.0,15.0,11.0,0.0,1.0,1210000.0,0.0,1.0
4890360.0,6.0,39.0,4800000.0,420000.0,725828.0,4.0,2.0,0.0,0.0,4800755.0,1.0,0.0
1783081.2,12.0,47.0,2000000.0,600000.0,123825.0,7.0,5.0,1.0,0.0,1604166.0,1.0,0.0
719880.0,6.0,49.0,1600000.0,500000.0,99983.0,5.0,3.0,0.0,1.0,913209.0,1.0,0.0
1960681.2,18.0,29.0,4200000.0,1350000.0,108712.0,4.0,3.0,0.0,1.0,2543873.0,1.0,0.0
6135997.2,36.0,55.0,3400000.0,1200000.0,199967.0,8.0,3.0,0.0,1.0,1724375.0,1.0,0.0
1125360.0,6.0,32.0,1500000.0,800000.0,167032.0,2.0,0.0,0.0,0.0,716726.0,1.0,0.0
1798440.0,10.0,36.0,2700000.0,500000.0,166244.0,6.0,3.0,2.0,0.0,1350000.0,1.0,0.0
2488800.0,24.0,45.0,5600000.0,1000000.0,112121.0,13.0,8.0,0.0,3.0,1210000.0,1.0,0.0
8414161.2,12.0,41.0,20000000.0,5000000.0,584317.0,10.0,8.0,0.0,0.0,8267587.0,0.0,1.0
2783400.0,12.0,43.0,2000000.0,350000.0,193292.0,4.0,3.0,0.0,0.0,1210000.0,0.0,1.0
1323660.0,10.0,28.0,4000000.0,1000000.0,112385.0,5.0,2.0,0.0,2.0,1210000.0,0.0,1.0
1634280.0,12.0,47.0,1500000.0,400000.0,113492.0,4.0,2.0,0.0,0.0,923771.0,1.0,0.0
2340096.0,12.0,55.0,3500000.0,2000000.0,183237.0,8.0,4.0,3.0,1.0,1210000.0,1.0,0.0
1555128.0,8.0,55.0,1500000.0,400000.0,176691.0,6.0,1.0,0.0,1.0,931394.0,1.0,0.0
1269000.0,8.0,34.0,5000000.0,2000000.0,132296.0,24.0,5.0,1.0,14.0,925545.0,0.0,1.0
1463880.0,12.0,27.0,2000000.0,300000.0,101658.0,3.0,1.0,0.0,2.0,1240068.0,1.0,0.0
3243168.0,12.0,55.0,2000000.0,300000.0,253994.0,4.0,4.0,0.0,0.0,908526.0,0.0,1.0
2182345.1999999997,10.0,45.0,908526.0,0.0,187729.0,1.0,0.0,0.0,1.0,969508.0,1.0,0.0
3090158.4,36.0,30.0,1100000.0,200000.0,101873.0,3.0,2.0,0.0,0.0,1210000.0,0.0,1.0
2342040.0,12.0,63.0,3500000.0,1000000.0,162642.0,4.0,4.0,0.0,0.0,1210000.0,1.0,0.0
1260000.0,6.0,44.0,2520000.0,409000.0,191277.0,6.0,4.0,0.0,1.0,151421.0,1.0,0.0
2160000.0,12.0,43.0,1914000.0,1000000.0,169476.0,3.0,2.0,1.0,0.0,2589476.0,1.0,0.0
2886769.1999999997,9.0,34.0,4000000.0,1000000.0,269987.0,2.0,1.0,0.0,0.0,1304555.0,0.0,1.0
1800000.0,6.0,53.0,4000000.0,1000000.0,267531.0,4.0,0.0,0.0,1.0,908526.0,0.0,1.0
608062.7999999999,10.0,29.0,2500000.0,1100000.0,51492.0,2.0,0.0,0.0,0.0,514832.0,0.0,1.0
1020000.0,12.0,37.0,4683000.0,2500000.0,80870.0,13.0,8.0,1.0,3.0,5141826.0,1.0,0.0
11640000.0,6.0,57.0,1556000.0,2706000.0,1752211.0,13.0,8.0,0.0,1.0,1789333.0,0.0,1.0
4454400.0,36.0,46.0,5500000.0,500000.0,147943.0,4.0,2.0,1.0,0.0,3845237.0,1.0,0.0
1817880.0,12.0,39.0,1000000.0,400000.0,126242.0,2.0,0.0,0.0,0.0,1059999.0,1.0,0.0
1445880.0,12.0,23.0,1900000.0,420000.0,114624.0,3.0,0.0,0.0,2.0,906667.0,1.0,0.0
3123840.0,12.0,48.0,1800000.0,700000.0,244811.0,0.0,0.0,0.0,0.0,1142507.0,1.0,0.0
2737800.0,12.0,37.0,1900000.0,400000.0,217065.0,3.0,1.0,0.0,1.0,1378464.0,1.0,0.0
3600000.0,36.0,31.0,3468000.0,419000.0,137441.0,8.0,3.0,2.0,1.0,1283073.0,0.0,1.0
3024000.0,6.0,48.0,35000000.0,10000000.0,452886.0,7.0,5.0,0.0,0.0,6478082.0,1.0,0.0
2160000.0,12.0,41.0,5400000.0,1500000.0,170750.0,5.0,4.0,0.0,0.0,6701602.0,1.0,0.0
2614800.0,24.0,31.0,3960000.0,2000000.0,115884.0,10.0,7.0,0.0,1.0,3940432.0,1.0,0.0
1508760.0,6.0,42.0,1500000.0,0.0,224092.0,6.0,4.0,0.0,0.0,1242083.0,1.0,0.0
7250364.0,10.0,58.0,3061000.0,161000.0,623688.0,4.0,1.0,1.0,1.0,975052.0,0.0,1.0
1814400.0,10.0,28.0,1200000.0,180000.0,169193.0,1.0,0.0,0.0,1.0,890541.0,1.0,0.0
2437200.0,24.0,36.0,2000000.0,0.0,84625.0,2.0,0.0,0.0,0.0,1246874.0,1.0,0.0
3597120.0,6.0,39.0,3000000.0,180000.0,533344.0,3.0,2.0,0.0,0.0,1210000.0,0.0,1.0
2064000.0,6.0,31.0,5120000.0,6786000.0,310670.0,6.0,2.0,1.0,1.0,1210000.0,0.0,1.0
480000.0,6.0,22.0,1500000.0,600000.0,66667.0,4.0,0.0,0.0,2.0,1210000.0,1.0,0.0
3645529.1999999997,2.0,63.0,3500000.0,1500000.0,1437616.0,1.0,1.0,0.0,0.0,1000000.0,1.0,0.0
2702400.0,12.0,48.0,1800000.0,600000.0,212664.0,1.0,1.0,0.0,0.0,1466586.0,1.0,0.0
1330560.0,12.0,48.0,1500000.0,900000.0,92400.0,3.0,1.0,1.0,1.0,1210000.0,1.0,0.0
520008.0,4.0,38.0,1500000.0,600000.0,113502.0,5.0,4.0,0.0,0.0,1173827.0,1.0,0.0
2961738.0,12.0,48.0,1800000.0,300000.0,236222.0,3.0,0.0,1.0,1.0,953633.0,1.0,0.0
1173600.0,6.0,40.0,2200000.0,400000.0,174009.0,4.0,3.0,0.0,0.0,1210000.0,1.0,0.0
541200.0,6.0,29.0,1200000.0,300000.0,80346.0,5.0,0.0,0.0,3.0,454263.0,1.0,0.0
2922302.4,10.0,33.0,4500000.0,2000000.0,248116.0,9.0,2.0,0.0,2.0,916148.0,0.0,1.0
2301030.0,10.0,42.0,10600000.0,0.0,213136.0,8.0,3.0,0.0,4.0,1210000.0,0.0,1.0
1492800.0,18.0,60.0,1800000.0,500000.0,83697.0,7.0,4.0,0.0,3.0,775000.0,0.0,1.0
2157600.0,24.0,55.0,5500000.0,3200000.0,94322.0,14.0,9.0,0.0,3.0,6292299.0,1.0,0.0
636000.0,6.0,50.0,2400000.0,656000.0,97508.0,7.0,3.0,0.0,3.0,1210000.0,0.0,1.0
3200160.0,6.0,36.0,1000000.0,582000.0,481683.0,4.0,1.0,0.0,0.0,969508.0,1.0,0.0
1435200.0,6.0,58.0,1500000.0,932000.0,216024.0,12.0,7.0,0.0,0.0,1445454.0,1.0,0.0
2040960.0,6.0,36.0,1800000.0,1200000.0,304149.0,0.0,0.0,0.0,0.0,762152.0,0.0,1.0
3996958.8,12.0,54.0,1400000.0,600000.0,313607.0,2.0,1.0,0.0,1.0,1654545.0,1.0,0.0
1627822.8,8.0,67.0,6000000.0,40000000.0,170070.0,2.0,1.0,0.0,0.0,954263.0,1.0,0.0
3841405.1999999997,10.0,44.0,4000000.0,2000000.0,326152.0,4.0,2.0,0.0,1.0,923771.0,0.0,1.0
4044000.0,6.0,47.0,4000000.0,1500000.0,607905.0,10.0,6.0,0.0,2.0,1210000.0,0.0,1.0
868800.0,10.0,61.0,1000000.0,300000.0,80509.0,2.0,1.0,0.0,1.0,1210000.0,0.0,1.0
1158000.0,6.0,23.0,1680000.0,80000.0,176087.0,5.0,2.0,0.0,1.0,1097250.0,1.0,0.0
2778360.0,6.0,26.0,1200000.0,230000.0,412662.0,3.0,2.0,0.0,0.0,1094039.0,1.0,0.0
3623280.0,6.0,45.0,1920000.0,6102000.0,542636.0,15.0,8.0,0.0,0.0,1920000.0,0.0,1.0
5918055.6,10.0,122.0,17294657.0,4765888.0,546735.0,0.0,0.0,0.0,0.0,1210000.0,1.0,0.0
973200.0,12.0,59.0,1200000.0,200000.0,76364.0,5.0,1.0,1.0,3.0,908526.0,0.0,1.0
798000.0,12.0,29.0,1500000.0,400000.0,62689.0,7.0,2.0,0.0,3.0,1218352.0,1.0,0.0
1557120.0,6.0,25.0,1700000.0,1000000.0,216267.0,2.0,2.0,0.0,0.0,1824818.0,1.0,0.0
1237112.4,6.0,58.0,3279000.0,1329000.0,186852.0,6.0,3.0,1.0,0.0,1883581.0,1.0,0.0
4215840.0,6.0,46.0,6000000.0,200000.0,633736.0,13.0,8.0,0.0,3.0,3221083.0,1.0,0.0
2324160.0,12.0,57.0,2000000.0,500000.0,182596.0,2.0,2.0,0.0,0.0,908526.0,1.0,0.0
1680000.0,6.0,28.0,2500000.0,400000.0,249093.0,5.0,3.0,0.0,0.0,1697435.0,1.0,0.0
5854800.0,24.0,38.0,6000000.0,3500000.0,260842.0,3.0,2.0,0.0,1.0,1562215.0,0.0,1.0
2971200.0,6.0,36.0,3000000.0,1200000.0,443499.0,2.0,1.0,0.0,0.0,918755.0,1.0,0.0
1824999.5999999999,12.0,24.0,5000000.0,2000000.0,143558.0,7.0,4.0,0.0,1.0,1374025.0,0.0,1.0
1131519.5999999999,12.0,47.0,1400000.0,600000.0,89448.0,3.0,1.0,1.0,1.0,1270093.0,1.0,0.0
2895900.0,12.0,37.0,4500000.0,2000000.0,228173.0,4.0,2.0,0.0,1.0,4218295.0,1.0,0.0
2233080.0,6.0,64.0,1800000.0,400000.0,331447.0,1.0,0.0,0.0,0.0,908526.0,1.0,0.0
1189080.0,12.0,48.0,1400000.0,400000.0,93125.0,5.0,3.0,0.0,1.0,919604.0,1.0,0.0
4584000.0,12.0,31.0,4200000.0,1600000.0,359691.0,4.0,2.0,1.0,0.0,1131219.0,1.0,0.0
1200000.0,6.0,58.0,3410000.0,100000.0,182777.0,1.0,1.0,0.0,0.0,770077.0,0.0,1.0
1550280.0,6.0,41.0,1200000.0,200000.0,215317.0,1.0,1.0,0.0,0.0,908526.0,1.0,0.0
1612800.0,10.0,57.0,908526.0,12000.0,151193.0,3.0,1.0,0.0,1.0,673167.0,0.0,1.0
510000.0,6.0,55.0,1744000.0,179000.0,78395.0,5.0,0.0,0.0,5.0,2055050.0,1.0,0.0
2323080.0,8.0,37.0,2500000.0,500000.0,263485.0,6.0,3.0,0.0,1.0,842873.0,0.0,1.0
1163760.0,6.0,41.0,4000000.0,1100000.0,161633.0,13.0,10.0,0.0,0.0,1990909.0,0.0,1.0
3768000.0,12.0,51.0,2940000.0,941000.0,308896.0,3.0,0.0,0.0,1.0,1210000.0,1.0,0.0
3842400.0,12.0,38.0,18000000.0,4000000.0,300496.0,5.0,4.0,0.0,0.0,916148.0,0.0,1.0
3454560.0,6.0,43.0,2000000.0,500000.0,479800.0,9.0,2.0,0.0,3.0,946800.0,1.0,0.0
1498992.0,3.0,52.0,4000000.0,2000000.0,397569.0,7.0,2.0,0.0,2.0,1210000.0,0.0,1.0
4973194.8,6.0,55.0,8000000.0,1500000.0,736876.0,4.0,1.0,0.0,1.0,60569.0,0.0,1.0
1836900.0,18.0,47.0,2300000.0,500000.0,102030.0,2.0,1.0,1.0,0.0,1390963.0,1.0,0.0
1250280.0,6.0,25.0,1400000.0,600000.0,173650.0,4.0,4.0,0.0,0.0,1207968.0,1.0,0.0
6000661.2,9.0,41.0,3500000.0,2000000.0,561752.0,13.0,10.0,0.0,0.0,500000.0,1.0,0.0
2281048.8,10.0,35.0,3200000.0,1258888.0,193163.0,4.0,1.0,0.0,1.0,1210000.0,0.0,1.0
4128000.0,6.0,35.0,6270000.0,2282000.0,625577.0,6.0,3.0,0.0,1.0,984754.0,0.0,1.0
1200000.0,6.0,34.0,1771437.0,229000.0,180622.0,1.0,1.0,0.0,0.0,1560000.0,1.0,0.0
3469494.0,10.0,55.0,13224000.0,4050000.0,307545.0,19.0,16.0,0.0,0.0,1706934.0,1.0,0.0
2228880.0,12.0,39.0,2000000.0,127000.0,179432.0,3.0,1.0,0.0,0.0,2000000.0,1.0,0.0
699300.0,6.0,59.0,2500000.0,1000000.0,103790.0,7.0,5.0,0.0,1.0,923771.0,1.0,0.0
2276613.6,10.0,44.0,2899000.0,1516000.0,201805.0,7.0,5.0,1.0,0.0,7093333.0,1.0,0.0
4769280.0,24.0,39.0,3500000.0,400000.0,208974.0,5.0,2.0,0.0,1.0,566667.0,1.0,0.0
1852560.0,12.0,32.0,3500000.0,1000000.0,128650.0,0.0,0.0,0.0,0.0,916148.0,1.0,0.0
1440000.0,6.0,59.0,12000000.0,3000000.0,215660.0,9.0,4.0,0.0,3.0,16811288.0,1.0,0.0
2012889.5999999999,10.0,42.0,4000000.0,2000000.0,170993.0,9.0,4.0,2.0,2.0,4675315.0,1.0,0.0
600000.0,6.0,66.0,500000.0,854000.0,90623.0,2.0,0.0,1.0,0.0,484754.0,0.0,1.0
6066043.2,10.0,122.0,10000000.0,1600000.0,560407.0,0.0,0.0,0.0,0.0,1210000.0,1.0,0.0
3017880.0,12.0,30.0,2800000.0,600000.0,236787.0,6.0,1.0,1.0,0.0,1430344.0,1.0,0.0
839880.0,6.0,48.0,1170000.0,600000.0,116650.0,2.0,0.0,0.0,2.0,1210000.0,1.0,0.0
6652080.0,6.0,43.0,18000000.0,3000000.0,986212.0,8.0,6.0,0.0,0.0,1000000.0,0.0,1.0
2294409.6,9.0,54.0,5600000.0,2500000.0,214483.0,5.0,4.0,0.0,0.0,5540050.0,1.0,0.0
3323724.0,9.0,39.0,4700000.0,2500000.0,311150.0,5.0,2.0,0.0,2.0,1210000.0,0.0,1.0
740456.4,12.0,39.0,3400000.0,1000000.0,58701.0,8.0,4.0,2.0,1.0,939017.0,0.0,1.0
2220000.0,10.0,29.0,4000000.0,1200000.0,204849.0,6.0,3.0,0.0,2.0,5110741.0,1.0,0.0
1680000.0,24.0,51.0,2000000.0,500000.0,74847.0,3.0,2.0,0.0,0.0,1210000.0,0.0,1.0
1200000.0,6.0,40.0,5600000.0,1800000.0,177924.0,2.0,2.0,0.0,0.0,1098465.0,1.0,0.0
2513176.8,4.0,20.0,1500000.0,95000.0,507859.0,3.0,1.0,0.0,2.0,969508.0,1.0,0.0
764718.0,4.0,58.0,3000000.0,2000000.0,153524.0,6.0,5.0,0.0,0.0,916148.0,0.0,1.0
1512000.0,6.0,33.0,4000000.0,2000000.0,224777.0,5.0,4.0,0.0,0.0,706631.0,0.0,1.0
2234281.1999999997,12.0,24.0,1500000.0,0.0,175535.0,3.0,2.0,0.0,0.0,1251577.0,1.0,0.0
1080000.0,6.0,33.0,2030000.0,615000.0,162911.0,1.0,0.0,0.0,1.0,1210000.0,0.0,1.0
2661640.8,10.0,44.0,2500000.0,1200000.0,225393.0,15.0,3.0,0.0,9.0,905965.0,0.0,1.0
4169760.0,36.0,41.0,3180000.0,2456000.0,143165.0,9.0,4.0,0.0,1.0,3065000.0,1.0,0.0
5628480.0,12.0,61.0,7000000.0,1500000.0,390867.0,3.0,2.0,0.0,0.0,1210000.0,0.0,1.0
5780436.0,6.0,29.0,3259000.0,1623000.0,887654.0,10.0,5.0,0.0,4.0,2408168.0,1.0,0.0
5068053.6,9.0,41.0,3000000.0,1800000.0,475126.0,4.0,2.0,0.0,1.0,2944192.0,1.0,0.0
1348800.0,12.0,58.0,3800000.0,2136000.0,105829.0,8.0,5.0,0.0,2.0,908526.0,0.0,1.0
2211553.1999999997,10.0,37.0,3000000.0,1500000.0,188757.0,3.0,0.0,0.0,0.0,961885.0,0.0,1.0
3901237.1999999997,11.0,36.0,7000000.0,2000000.0,303527.0,7.0,5.0,0.0,0.0,2000000.0,1.0,0.0
2915880.0,6.0,51.0,2872000.0,6076000.0,438894.0,8.0,7.0,0.0,0.0,2624666.0,1.0,0.0
1151880.0,12.0,24.0,1480000.0,0.0,94725.0,1.0,0.0,0.0,0.0,1483635.0,1.0,0.0
475543.19999999995,6.0,33.0,1500000.0,600000.0,70982.0,4.0,1.0,0.0,2.0,130000.0,0.0,1.0
530880.0,6.0,69.0,1500000.0,500000.0,78740.0,2.0,2.0,0.0,0.0,916148.0,1.0,0.0
5335927.2,10.0,46.0,8000000.0,1000000.0,453757.0,13.0,5.0,0.0,2.0,939017.0,0.0,1.0
1223144.4,10.0,40.0,6000000.0,2300000.0,103741.0,10.0,10.0,0.0,0.0,908526.0,0.0,1.0
1200000.0,12.0,46.0,3000000.0,380000.0,83333.0,5.0,4.0,0.0,1.0,2505053.0,1.0,0.0
3926040.0,24.0,35.0,3000000.0,1200000.0,171236.0,4.0,4.0,0.0,0.0,3756037.0,1.0,0.0
3800143.1999999997,9.0,44.0,7860000.0,2505000.0,359502.0,7.0,6.0,0.0,0.0,1052842.0,0.0,1.0
1973880.0,12.0,42.0,2900000.0,1400000.0,154884.0,3.0,2.0,0.0,0.0,2550000.0,1.0,0.0
876927.6,10.0,43.0,1500000.0,800000.0,74846.0,7.0,3.0,0.0,4.0,1210000.0,1.0,0.0
1591680.0,12.0,24.0,1600000.0,700000.0,124426.0,6.0,1.0,0.0,3.0,1147409.0,1.0,0.0
5400000.0,12.0,50.0,2500000.0,1000000.0,422308.0,4.0,3.0,0.0,0.0,1210000.0,0.0,1.0
1491480.0,12.0,40.0,4000000.0,2000000.0,103575.0,10.0,4.0,0.0,0.0,940444.0,0.0,1.0
531369.6,6.0,39.0,1500000.0,600000.0,78813.0,4.0,2.0,0.0,1.0,1375584.0,1.0,0.0
2457108.0,10.0,32.0,2700000.0,1080000.0,209276.0,7.0,2.0,0.0,3.0,950105.0,0.0,1.0
5566256.399999999,9.0,122.0,3425600.0,5802621.0,522830.0,0.0,0.0,0.0,0.0,1210000.0,1.0,0.0
1324999.2,12.0,47.0,4000000.0,2000000.0,103622.0,10.0,6.0,0.0,1.0,3729079.0,0.0,1.0
540000.0,6.0,30.0,1500000.0,700000.0,80095.0,4.0,4.0,0.0,0.0,1500822.0,1.0,0.0
628800.0,6.0,37.0,2500000.0,300000.0,93479.0,5.0,4.0,0.0,1.0,1700000.0,1.0,0.0
576000.0,6.0,31.0,4930000.0,3246000.0,88607.0,6.0,3.0,0.0,2.0,1210000.0,1.0,0.0
1638000.0,10.0,34.0,3178000.0,1404000.0,158246.0,10.0,6.0,0.0,0.0,1753925.0,1.0,0.0
622200.0,6.0,38.0,1500000.0,600000.0,92253.0,26.0,6.0,2.0,12.0,1660862.0,1.0,0.0
1295582.4,10.0,27.0,2000000.0,800000.0,110174.0,4.0,2.0,0.0,1.0,1020488.0,1.0,0.0
2361546.0,11.0,43.0,3600000.0,2500000.0,200282.0,3.0,1.0,0.0,0.0,1205800.0,0.0,1.0
2242039.1999999997,5.0,27.0,2500000.0,1000000.0,363409.0,1.0,1.0,0.0,0.0,3936363.0,1.0,0.0
1269000.0,3.0,46.0,5000000.0,2000000.0,337095.0,5.0,1.0,0.0,2.0,32826.0,1.0,0.0
2778360.0,8.0,30.0,2000000.0,400000.0,315399.0,3.0,2.0,0.0,0.0,1278046.0,1.0,0.0
1103880.0,6.0,49.0,2170000.0,0.0,167295.0,0.0,0.0,0.0,0.0,1210000.0,0.0,1.0
2706000.0,12.0,53.0,1500000.0,500000.0,212859.0,6.0,2.0,0.0,0.0,2027245.0,1.0,0.0
1080000.0,8.0,42.0,1600000.0,200000.0,123906.0,0.0,0.0,0.0,0.0,1560507.0,1.0,0.0
2569200.0,12.0,46.0,1300000.0,700000.0,201831.0,6.0,4.0,0.0,1.0,1083908.0,1.0,0.0
1214400.0,6.0,24.0,3500000.0,2100000.0,180120.0,2.0,0.0,0.0,1.0,1652703.0,1.0,0.0
1866638.4,24.0,24.0,3320000.0,658000.0,87938.0,8.0,4.0,1.0,0.0,1582836.0,1.0,0.0
1186392.0,10.0,52.0,1000000.0,300000.0,110363.0,13.0,4.0,0.0,7.0,925157.0,1.0,0.0
1198800.0,6.0,58.0,1500000.0,300000.0,180637.0,3.0,1.0,1.0,0.0,1210000.0,0.0,1.0
1708800.0,12.0,42.0,2000000.0,500000.0,134084.0,4.0,0.0,1.0,1.0,128206.0,1.0,0.0
1269000.0,2.0,40.0,5000000.0,2000000.0,500357.0,14.0,9.0,0.0,3.0,1210000.0,0.0,1.0
1779480.0,12.0,56.0,2500000.0,650000.0,140035.0,6.0,2.0,0.0,4.0,939017.0,1.0,0.0
2901345.6,9.0,44.0,1362000.0,972000.0,282098.0,5.0,1.0,0.0,2.0,1210000.0,0.0,1.0
1649209.2,9.0,23.0,3000000.0,500000.0,154538.0,7.0,5.0,0.0,2.0,2596666.0,1.0,0.0
3073137.6,10.0,20.0,2000000.0,600000.0,260239.0,3.0,0.0,0.0,1.0,1210000.0,1.0,0.0
3600000.0,18.0,37.0,8000000.0,1500000.0,198541.0,7.0,4.0,0.0,1.0,4206922.0,1.0,0.0
3012478.8,12.0,29.0,2200000.0,300000.0,236654.0,15.0,0.0,0.0,15.0,1300608.0,1.0,0.0
3395342.4,10.0,29.0,3700000.0,1700000.0,289036.0,5.0,3.0,1.0,1.0,2824822.0,1.0,0.0
2677200.0,36.0,21.0,2500000.0,900000.0,87528.0,4.0,2.0,0.0,2.0,981750.0,1.0,0.0
2184060.0,6.0,45.0,2500000.0,1000000.0,324378.0,5.0,2.0,0.0,2.0,1210000.0,1.0,0.0
719785.2,5.0,48.0,5000000.0,2000000.0,116839.0,6.0,1.0,1.0,1.0,31809.0,0.0,1.0
1396562.4,9.0,37.0,4000000.0,1000000.0,130864.0,0.0,0.0,0.0,0.0,946640.0,0.0,1.0
3336000.0,12.0,52.0,12000000.0,4000000.0,261765.0,14.0,11.0,0.0,2.0,1795346.0,0.0,1.0
1436400.0,24.0,51.0,3000000.0,2000000.0,63275.0,6.0,3.0,1.0,2.0,5668028.0,1.0,0.0
2052007.2,9.0,49.0,2500000.0,1000000.0,192374.0,7.0,0.0,0.0,7.0,1210000.0,1.0,0.0
1446235.2,10.0,42.0,5500000.0,3000000.0,122470.0,7.0,4.0,0.0,0.0,1210000.0,1.0,0.0
692782.7999999999,6.0,69.0,2000000.0,1000000.0,102639.0,10.0,6.0,0.0,3.0,1210000.0,1.0,0.0
878880.0,6.0,27.0,1000000.0,2218000.0,120902.0,8.0,5.0,1.0,2.0,939333.0,1.0,0.0
3726000.0,6.0,63.0,1000000.0,0.0,562766.0,2.0,1.0,0.0,1.0,969508.0,1.0,0.0
1451640.0,8.0,34.0,1500000.0,350000.0,164790.0,2.0,1.0,0.0,0.0,837826.0,0.0,1.0
3060000.0,6.0,59.0,3306000.0,603000.0,470370.0,4.0,1.0,0.0,3.0,4280771.0,1.0,0.0
1200000.0,12.0,36.0,2500000.0,500000.0,83333.0,2.0,1.0,0.0,0.0,1000000.0,1.0,0.0
3191430.0,10.0,37.0,5000000.0,1300000.0,270966.0,6.0,5.0,0.0,1.0,1412494.0,1.0,0.0
6480000.0,6.0,29.0,40000000.0,15000000.0,962457.0,15.0,13.0,1.0,0.0,1703699.0,0.0,1.0
2394384.0,9.0,32.0,6000000.0,3000000.0,223615.0,6.0,2.0,0.0,2.0,1817052.0,1.0,0.0
1908000.0,10.0,53.0,2000000.0,800000.0,176546.0,5.0,4.0,0.0,0.0,954263.0,0.0,1.0
799200.0,6.0,54.0,3000000.0,1000000.0,118778.0,16.0,7.0,2.0,7.0,2330675.0,1.0,0.0
1836840.0,12.0,60.0,3000000.0,450000.0,127558.0,3.0,2.0,0.0,1.0,1210000.0,0.0,1.0
4731878.399999999,11.0,65.0,5500000.0,3000000.0,400851.0,1.0,0.0,0.0,0.0,727228.0,0.0,1.0
2038140.0,12.0,30.0,2000000.0,450000.0,160112.0,11.0,4.0,0.0,3.0,1517407.0,1.0,0.0
1084186.8,8.0,28.0,3000000.0,1000000.0,112736.0,2.0,1.0,0.0,0.0,1210000.0,0.0,1.0
738000.0,12.0,60.0,1100000.0,0.0,58861.0,0.0,0.0,0.0,0.0,1155435.0,1.0,0.0
4532400.0,36.0,28.0,2285000.0,302000.0,171015.0,3.0,1.0,0.0,1.0,1503119.0,1.0,0.0
1291987.2,8.0,39.0,10000000.0,4000000.0,135216.0,10.0,8.0,0.0,0.0,1210000.0,1.0,0.0
1950000.0,12.0,41.0,1840000.0,0.0,155528.0,1.0,1.0,0.0,0.0,1015000.0,0.0,1.0
1777560.0,12.0,28.0,4000000.0,2000000.0,139884.0,6.0,3.0,0.0,1.0,3916188.0,1.0,0.0
3564525.6,9.0,65.0,3000000.0,2000000.0,333693.0,2.0,1.0,1.0,0.0,991684.0,0.0,1.0
2411880.0,6.0,43.0,2900000.0,2000000.0,359447.0,0.0,0.0,0.0,0.0,1210000.0,0.0,1.0
2960280.0,12.0,35.0,3800000.0,1200000.0,205575.0,7.0,3.0,0.0,0.0,923979.0,1.0,0.0
1620000.0,8.0,43.0,2000000.0,500000.0,183891.0,4.0,2.0,0.0,1.0,287700.0,0.0,1.0
1392000.0,6.0,20.0,5000000.0,2000000.0,206891.0,2.0,1.0,0.0,0.0,1106666.0,0.0,1.0
2373600.0,12.0,54.0,1700000.0,350000.0,186480.0,4.0,1.0,0.0,1.0,908526.0,1.0,0.0
1660522.8,9.0,63.0,1600000.0,500000.0,155822.0,2.0,1.0,0.0,0.0,908526.0,1.0,0.0
2038140.0,12.0,59.0,3140000.0,1791000.0,162557.0,5.0,3.0,0.0,0.0,1210000.0,0.0,1.0
4341060.0,12.0,43.0,4100000.0,1000000.0,340628.0,2.0,1.0,0.0,1.0,998173.0,1.0,0.0
821208.0,5.0,49.0,5000000.0,2000000.0,133418.0,8.0,4.0,0.0,0.0,954263.0,1.0,0.0
1823400.0,12.0,46.0,3200000.0,600000.0,126625.0,10.0,5.0,0.0,3.0,828685.0,1.0,0.0
516600.0,6.0,37.0,1960000.0,276000.0,79206.0,7.0,0.0,1.0,3.0,950000.0,1.0,0.0
1392000.0,20.0,31.0,3000000.0,800000.0,70747.0,5.0,0.0,0.0,1.0,2305142.0,1.0,0.0
2424741.6,6.0,44.0,8000000.0,1000000.0,361951.0,9.0,4.0,2.0,2.0,954263.0,0.0,1.0
3252026.4,9.0,34.0,5289000.0,1466000.0,319915.0,7.0,4.0,0.0,0.0,1210000.0,0.0,1.0
1679880.0,12.0,31.0,3200000.0,1200000.0,131887.0,11.0,5.0,0.0,3.0,3062668.0,1.0,0.0
1954680.0,6.0,33.0,1363187.0,170000.0,292767.0,2.0,1.0,0.0,1.0,1340683.0,0.0,1.0
2219434.8,10.0,54.0,5000000.0,2300000.0,188934.0,13.0,4.0,0.0,7.0,4854642.0,1.0,0.0
3872868.0,9.0,57.0,2000000.0,600000.0,363079.0,4.0,3.0,0.0,0.0,1210000.0,0.0,1.0
803880.0,8.0,21.0,1300000.0,400000.0,91203.0,5.0,0.0,3.0,2.0,1126667.0,1.0,0.0
1790400.0,6.0,56.0,2840000.0,2488000.0,270420.0,10.0,0.0,0.0,9.0,969508.0,0.0,1.0
1128000.0,12.0,34.0,2000000.0,700000.0,88621.0,9.0,5.0,0.0,2.0,892122.0,0.0,1.0
1264800.0,6.0,45.0,6000000.0,2000000.0,189421.0,10.0,6.0,0.0,2.0,1022350.0,0.0,1.0
2736000.0,6.0,61.0,2000000.0,1509000.0,411819.0,6.0,4.0,0.0,0.0,2000000.0,0.0,1.0
4047480.0,6.0,44.0,3600000.0,400000.0,601743.0,4.0,3.0,0.0,0.0,1210000.0,1.0,0.0
878880.0,2.0,44.0,5000000.0,2000000.0,346790.0,9.0,2.0,0.0,4.0,1000000.0,0.0,1.0
1199760.0,12.0,37.0,2600000.0,1300000.0,83317.0,8.0,1.0,0.0,4.0,1210000.0,1.0,0.0
493506.0,6.0,37.0,1800000.0,300000.0,73548.0,3.0,0.0,0.0,3.0,1818281.0,1.0,0.0
2293712.4,10.0,43.0,4000000.0,2000000.0,195360.0,2.0,1.0,0.0,0.0,4061068.0,1.0,0.0
1804441.2,10.0,62.0,3500000.0,1890000.0,153044.0,6.0,1.0,0.0,2.0,1210000.0,0.0,1.0
917115.6,6.0,25.0,1400000.0,400000.0,136680.0,2.0,1.0,0.0,0.0,1155139.0,1.0,0.0
1269000.0,2.0,57.0,5000000.0,2000000.0,500431.0,2.0,0.0,0.0,1.0,942828.0,1.0,0.0
493414.8,10.0,46.0,1600000.0,150000.0,45626.0,3.0,1.0,0.0,0.0,1210000.0,1.0,0.0
3288271.1999999997,10.0,34.0,5640000.0,4798000.0,282862.0,8.0,4.0,1.0,2.0,1614612.0,1.0,0.0
1561800.0,12.0,40.0,3200000.0,1400000.0,122702.0,3.0,0.0,0.0,1.0,1210000.0,1.0,0.0
2061836.4,10.0,50.0,1000000.0,450000.0,175151.0,2.0,1.0,0.0,0.0,1091636.0,1.0,0.0
1977007.2,9.0,28.0,5000000.0,4000000.0,185078.0,4.0,2.0,0.0,0.0,6180017.0,1.0,0.0
2598043.1999999997,9.0,48.0,4600000.0,0.0,242635.0,7.0,5.0,0.0,0.0,1210000.0,1.0,0.0
6332928.0,24.0,28.0,3029000.0,0.0,219893.0,0.0,0.0,0.0,0.0,3029000.0,1.0,0.0
3000000.0,6.0,38.0,3000000.0,1200000.0,445411.0,10.0,8.0,1.0,0.0,930000.0,1.0,0.0
4918202.399999999,12.0,62.0,5800000.0,800000.0,341542.0,5.0,4.0,0.0,0.0,1210000.0,1.0,0.0
1997880.0,12.0,26.0,2500000.0,1000000.0,157239.0,4.0,2.0,0.0,1.0,964800.0,1.0,0.0
1269000.0,8.0,49.0,5000000.0,2000000.0,132239.0,10.0,7.0,0.0,1.0,917673.0,0.0,1.0
1560000.0,6.0,57.0,2800000.0,650000.0,216667.0,2.0,1.0,0.0,0.0,333127.0,0.0,1.0
3600000.0,8.0,55.0,3000000.0,2000000.0,413020.0,5.0,2.0,0.0,2.0,1210000.0,0.0,1.0
1063200.0,6.0,46.0,3500000.0,3000000.0,158441.0,6.0,4.0,0.0,0.0,1210000.0,0.0,1.0
1552680.0,6.0,46.0,1300000.0,700000.0,231762.0,14.0,3.0,0.0,9.0,1617480.0,1.0,0.0
719880.0,12.0,27.0,1400000.0,400000.0,56487.0,7.0,2.0,0.0,3.0,1211368.0,1.0,0.0
2839200.0,6.0,56.0,3500000.0,1000000.0,421699.0,11.0,9.0,0.0,1.0,1210000.0,0.0,1.0
2383620.0,24.0,51.0,900000.0,0.0,104682.0,8.0,4.0,0.0,1.0,950133.0,1.0,0.0
1665310.8,10.0,37.0,4250000.0,1700000.0,141392.0,10.0,6.0,0.0,1.0,4149036.0,1.0,0.0
2174280.0,12.0,28.0,2000000.0,800000.0,150992.0,3.0,2.0,0.0,0.0,1049262.0,1.0,0.0
5496000.0,6.0,40.0,4520000.0,1966000.0,830102.0,12.0,5.0,1.0,1.0,1175902.0,0.0,1.0
1543383.5999999999,9.0,49.0,2500000.0,1700000.0,144139.0,7.0,5.0,0.0,0.0,1738491.0,1.0,0.0
1308276.0,9.0,36.0,3500000.0,1200000.0,122006.0,9.0,5.0,0.0,2.0,3535714.0,1.0,0.0
1727880.0,12.0,28.0,2500000.0,1500000.0,119992.0,11.0,6.0,0.0,0.0,880817.0,1.0,0.0
7189615.2,11.0,122.0,466698841.0,334000137.0,559371.0,0.0,0.0,0.0,0.0,1210000.0,1.0,0.0
784264.7999999999,6.0,31.0,1300000.0,350000.0,116405.0,0.0,0.0,0.0,0.0,1210000.0,1.0,0.0
3864000.0,8.0,57.0,7000000.0,3500000.0,438615.0,9.0,4.0,0.0,3.0,1402083.0,0.0,1.0
494640.0,6.0,25.0,908526.0,743000.0,74086.0,5.0,4.0,0.0,1.0,851937.0,1.0,0.0
896280.0,6.0,43.0,3200000.0,1000000.0,133243.0,3.0,2.0,0.0,0.0,3334868.0,1.0,0.0
2564229.6,9.0,27.0,3200000.0,1800000.0,240395.0,4.0,2.0,1.0,1.0,1614306.0,1.0,0.0
756000.0,6.0,31.0,1650000.0,474000.0,114184.0,9.0,0.0,0.0,7.0,1210000.0,0.0,1.0
600000.0,6.0,50.0,2500000.0,300000.0,89116.0,3.0,1.0,0.0,0.0,944195.0,0.0,1.0
3600000.0,36.0,62.0,2430000.0,264000.0,135339.0,1.0,0.0,1.0,0.0,2514867.0,1.0,0.0
3052800.0,12.0,24.0,4000000.0,800000.0,238745.0,11.0,2.0,0.0,6.0,1500000.0,1.0,0.0
472800.0,6.0,45.0,800000.0,230000.0,70292.0,6.0,0.0,0.0,0.0,1210000.0,1.0,0.0
1866878.4,10.0,38.0,4350000.0,2500000.0,158091.0,7.0,5.0,0.0,2.0,1210000.0,1.0,0.0
1680000.0,8.0,49.0,2740000.0,1136000.0,193983.0,7.0,3.0,0.0,1.0,1210000.0,0.0,1.0
1657200.0,12.0,26.0,1800000.0,250000.0,130026.0,2.0,0.0,0.0,1.0,1041959.0,1.0,0.0
720000.0,6.0,43.0,2505000.0,412000.0,110685.0,5.0,1.0,1.0,2.0,1305005.0,1.0,0.0
2248560.0,6.0,58.0,2000000.0,50000.0,334276.0,3.0,0.0,0.0,1.0,3289565.0,1.0,0.0
2016000.0,12.0,58.0,1800000.0,178000.0,159837.0,8.0,1.0,0.0,6.0,1210000.0,0.0,1.0
3600000.0,12.0,57.0,5500000.0,800000.0,250000.0,9.0,6.0,0.0,2.0,1210000.0,1.0,0.0
2159716.8,10.0,26.0,1800000.0,600000.0,183658.0,1.0,0.0,0.0,0.0,1210000.0,1.0,0.0
3181080.0,6.0,34.0,5000000.0,2000000.0,441817.0,0.0,0.0,0.0,0.0,4473774.0,1.0,0.0
4977703.2,24.0,45.0,3550000.0,800000.0,220558.0,7.0,5.0,0.0,1.0,6245512.0,1.0,0.0
1670040.0,6.0,42.0,3000000.0,1000000.0,248272.0,4.0,3.0,0.0,0.0,1210000.0,0.0,1.0
9955407.6,36.0,39.0,10000000.0,2280000.0,320137.0,8.0,5.0,0.0,1.0,6617553.0,0.0,1.0
2040488.4,10.0,54.0,3500000.0,1500000.0,173701.0,7.0,3.0,0.0,0.0,939017.0,1.0,0.0
1200000.0,12.0,47.0,1400000.0,400000.0,94042.0,3.0,1.0,0.0,0.0,966599.0,1.0,0.0
4144380.0,6.0,34.0,10000000.0,3000000.0,615526.0,11.0,5.0,0.0,3.0,818087.0,0.0,1.0
3116400.0,12.0,44.0,2700000.0,300000.0,244216.0,7.0,1.0,3.0,1.0,2425000.0,1.0,0.0
2245200.0,8.0,66.0,3000000.0,700000.0,255318.0,12.0,9.0,0.0,0.0,954263.0,1.0,0.0
816000.0,6.0,32.0,2300000.0,1000000.0,122207.0,2.0,0.0,0.0,0.0,1514724.0,1.0,0.0
904680.0,6.0,36.0,1700000.0,550000.0,134370.0,8.0,4.0,1.0,1.0,403789.0,1.0,0.0
1655760.0,6.0,41.0,15000000.0,3000000.0,245757.0,10.0,7.0,0.0,1.0,1210000.0,0.0,1.0
1843218.0,12.0,67.0,0.0,337000.0,149806.0,3.0,1.0,0.0,1.0,1760890.0,1.0,0.0
3708720.0,6.0,30.0,9350000.0,5074000.0,558231.0,10.0,4.0,0.0,1.0,6947050.0,1.0,0.0
1832280.0,12.0,37.0,3500000.0,1400000.0,144131.0,6.0,6.0,0.0,0.0,990000.0,1.0,0.0
3487200.0,6.0,57.0,17000000.0,3000000.0,519704.0,13.0,8.0,0.0,3.0,4105546.0,1.0,0.0
750708.0,2.0,44.0,4000000.0,2000000.0,295782.0,4.0,2.0,0.0,1.0,1210000.0,0.0,1.0
3920040.0,12.0,43.0,2500000.0,1500000.0,272225.0,8.0,6.0,0.0,0.0,1811398.0,1.0,0.0
6214200.0,36.0,29.0,1500000.0,0.0,206391.0,6.0,1.0,0.0,0.0,908526.0,1.0,0.0
1993094.4,5.0,40.0,4000000.0,3000000.0,323810.0,4.0,4.0,0.0,0.0,5111158.0,1.0,0.0
1200000.0,6.0,63.0,10500000.0,4000000.0,179119.0,11.0,6.0,1.0,3.0,2892553.0,1.0,0.0
821208.0,9.0,51.0,1600000.0,1100000.0,76804.0,4.0,2.0,0.0,2.0,931394.0,1.0,0.0
2211614.4,9.0,51.0,4500000.0,1800000.0,211339.0,4.0,2.0,0.0,0.0,1210000.0,1.0,0.0
5766618.0,6.0,47.0,1700000.0,800000.0,857908.0,2.0,1.0,1.0,0.0,533334.0,0.0,1.0
2809465.1999999997,11.0,37.0,1730000.0,199000.0,221966.0,2.0,0.0,0.0,1.0,1210000.0,1.0,0.0
759547.2,9.0,65.0,1800000.0,800000.0,70935.0,1.0,0.0,0.0,0.0,469405.0,0.0,1.0
1578360.0,12.0,28.0,3500000.0,1100000.0,124298.0,9.0,4.0,2.0,2.0,1000000.0,1.0,0.0
2385120.0,24.0,55.0,2400000.0,650000.0,104508.0,3.0,3.0,0.0,0.0,917673.0,1.0,0.0
1174449.5999999999,10.0,60.0,1500000.0,800000.0,99611.0,7.0,5.0,0.0,0.0,2867867.0,1.0,0.0
2299200.0,12.0,35.0,1460000.0,188000.0,187938.0,3.0,0.0,2.0,1.0,1557763.0,1.0,0.0
1185660.0,2.0,35.0,5000000.0,2000000.0,467840.0,6.0,4.0,0.0,2.0,1210000.0,0.0,1.0
1458360.0,6.0,31.0,2270000.0,700000.0,216803.0,4.0,2.0,0.0,1.0,1210000.0,1.0,0.0
799680.0,11.0,27.0,3100000.0,1500000.0,62217.0,2.0,0.0,0.0,1.0,913677.0,1.0,0.0
1457880.0,18.0,57.0,1600000.0,600000.0,80823.0,9.0,2.0,0.0,3.0,1210000.0,0.0,1.0
1646280.0,6.0,48.0,3800000.0,500000.0,228650.0,3.0,2.0,0.0,0.0,1550000.0,0.0,1.0
778800.0,8.0,68.0,1050000.0,300000.0,88332.0,3.0,0.0,1.0,2.0,1015315.0,1.0,0.0
1468800.0,6.0,45.0,3000000.0,800000.0,218516.0,7.0,2.0,0.0,0.0,1000000.0,1.0,0.0
1838400.0,12.0,39.0,9000000.0,4000000.0,144687.0,9.0,1.0,4.0,2.0,1210000.0,0.0,1.0
3600000.0,24.0,26.0,3000000.0,600000.0,158254.0,4.0,4.0,0.0,0.0,2060000.0,1.0,0.0
4231200.0,12.0,43.0,12000000.0,5000000.0,337471.0,6.0,3.0,0.0,2.0,958420.0,0.0,1.0
2900016.0,11.0,41.0,3100000.0,1750000.0,227177.0,6.0,3.0,1.0,1.0,2263015.0,1.0,0.0
1474560.0,12.0,30.0,1700000.0,800000.0,115838.0,3.0,2.0,0.0,0.0,1439869.0,1.0,0.0
1030680.0,6.0,31.0,2500000.0,570000.0,153604.0,2.0,2.0,0.0,0.0,1210000.0,1.0,0.0
2222583.6,3.0,67.0,2000000.0,1500000.0,589828.0,5.0,3.0,0.0,0.0,2054343.0,1.0,0.0
440400.0,12.0,35.0,1000000.0,300000.0,34442.0,3.0,0.0,0.0,1.0,1210000.0,1.0,0.0
1749999.5999999999,12.0,28.0,4000000.0,1200000.0,136859.0,2.0,1.0,0.0,1.0,1210000.0,0.0,1.0
593280.0,8.0,30.0,1500000.0,400000.0,67432.0,2.0,2.0,0.0,0.0,1705444.0,1.0,0.0
2186041.1999999997,6.0,31.0,1590000.0,866000.0,329040.0,6.0,3.0,0.0,2.0,1210000.0,1.0,0.0
5563622.399999999,12.0,59.0,2000000.0,400000.0,437604.0,1.0,1.0,0.0,0.0,1809171.0,1.0,0.0
3420720.0,6.0,41.0,6000000.0,1000000.0,508070.0,4.0,2.0,0.0,0.0,1210000.0,1.0,0.0
1067880.0,6.0,38.0,2000000.0,1000000.0,148317.0,4.0,3.0,0.0,0.0,866885.0,0.0,1.0
1201081.2,6.0,25.0,2500000.0,550000.0,166817.0,2.0,0.0,0.0,2.0,908526.0,0.0,1.0
2701368.0,12.0,36.0,2165000.0,1050000.0,211703.0,5.0,2.0,0.0,1.0,1210000.0,1.0,0.0
6222129.6,10.0,50.0,3000000.0,0.0,577240.0,5.0,1.0,0.0,3.0,1210000.0,0.0,1.0
1152000.0,6.0,65.0,4610000.0,1580000.0,173772.0,6.0,4.0,1.0,1.0,969508.0,0.0,1.0
4267917.6,36.0,40.0,4500000.0,850000.0,139088.0,8.0,4.0,0.0,2.0,1204831.0,1.0,0.0
1492260.0,12.0,41.0,3000000.0,1000000.0,116869.0,6.0,0.0,0.0,6.0,908526.0,0.0,1.0
1437360.0,10.0,38.0,1200000.0,400000.0,134034.0,4.0,2.0,0.0,2.0,1208864.0,1.0,0.0
567600.0,6.0,40.0,1100000.0,250000.0,85006.0,4.0,0.0,0.0,4.0,1514278.0,1.0,0.0
2714160.0,12.0,63.0,5000000.0,2500000.0,213219.0,4.0,2.0,0.0,0.0,1210000.0,0.0,1.0
3600000.0,12.0,31.0,3500000.0,1200000.0,282808.0,8.0,7.0,0.0,0.0,1210000.0,1.0,0.0
3600000.0,36.0,59.0,2586000.0,555000.0,136947.0,2.0,1.0,0.0,0.0,1000000.0,0.0,1.0
1267478.4,10.0,39.0,1210000.0,459000.0,108180.0,8.0,5.0,0.0,0.0,1210000.0,1.0,0.0
1195129.2,12.0,44.0,1200000.0,600000.0,93895.0,0.0,0.0,0.0,0.0,1187912.0,1.0,0.0
1584000.0,6.0,60.0,2000000.0,280000.0,235641.0,2.0,1.0,1.0,0.0,1840276.0,1.0,0.0
1420560.0,6.0,68.0,10000000.0,6500000.0,210607.0,11.0,9.0,0.0,1.0,2706779.0,1.0,0.0
1847859.5999999999,10.0,60.0,3000000.0,1500000.0,157303.0,10.0,8.0,0.0,2.0,1210000.0,1.0,0.0
1675761.5999999999,9.0,55.0,2500000.0,1100000.0,156277.0,1.0,1.0,0.0,0.0,831399.0,0.0,1.0
4663495.2,12.0,33.0,16000000.0,6000000.0,323854.0,8.0,6.0,0.0,0.0,7600800.0,1.0,0.0
959880.0,6.0,44.0,1660000.0,0.0,144480.0,0.0,0.0,0.0,0.0,1210000.0,0.0,1.0
4454400.0,24.0,52.0,4000000.0,500000.0,194483.0,6.0,2.0,0.0,3.0,908526.0,0.0,1.0
3190813.1999999997,9.0,30.0,7000000.0,3000000.0,297567.0,7.0,5.0,0.0,1.0,1210000.0,0.0,1.0
3081692.4,3.0,41.0,2198000.0,457000.0,827725.0,6.0,2.0,0.0,4.0,984754.0,1.0,0.0
1498992.0,5.0,44.0,5000000.0,2000000.0,243323.0,17.0,8.0,3.0,5.0,931394.0,1.0,0.0
2893800.0,10.0,29.0,2000000.0,300000.0,267213.0,10.0,0.0,1.0,7.0,650891.0,1.0,0.0
2579640.0,8.0,53.0,1500000.0,700000.0,294088.0,3.0,1.0,0.0,2.0,1203764.0,1.0,0.0
3553440.0,36.0,34.0,3480000.0,68000.0,132855.0,5.0,5.0,0.0,0.0,1000000.0,0.0,1.0
1923600.0,12.0,39.0,2300000.0,500000.0,151114.0,0.0,0.0,0.0,0.0,923771.0,1.0,0.0
3549999.6,6.0,43.0,5000000.0,2000000.0,527272.0,10.0,3.0,3.0,1.0,751172.0,0.0,1.0
1187770.8,10.0,53.0,2000000.0,800000.0,101006.0,3.0,1.0,0.0,0.0,939017.0,1.0,0.0
1121760.0,6.0,45.0,4500000.0,300000.0,166323.0,5.0,0.0,0.0,3.0,1210000.0,0.0,1.0
2153760.0,12.0,32.0,1187000.0,200000.0,168987.0,5.0,4.0,0.0,0.0,30285.0,1.0,0.0
4748160.0,12.0,40.0,4000000.0,0.0,329733.0,8.0,4.0,0.0,3.0,3453219.0,1.0,0.0
1766041.2,10.0,32.0,3000000.0,1200000.0,163249.0,3.0,2.0,0.0,1.0,2465454.0,1.0,0.0
3510889.1999999997,10.0,38.0,4900000.0,3000000.0,298872.0,10.0,6.0,1.0,1.0,3676666.0,1.0,0.0
3801000.0,6.0,43.0,4200000.0,820000.0,563574.0,5.0,1.0,0.0,0.0,1210000.0,0.0,1.0
3283200.0,6.0,32.0,2500000.0,1200000.0,486420.0,2.0,1.0,0.0,0.0,4485768.0,1.0,0.0
1793880.0,6.0,40.0,4780000.0,1862000.0,272323.0,8.0,4.0,0.0,1.0,975052.0,1.0,0.0
2229480.0,12.0,45.0,5000000.0,2000000.0,154825.0,6.0,2.0,0.0,3.0,5150827.0,1.0,0.0
1965294.0,12.0,25.0,1000001.0,347000.0,158184.0,4.0,1.0,0.0,0.0,1008324.0,1.0,0.0
2137800.0,12.0,35.0,4100000.0,1500000.0,167397.0,7.0,2.0,3.0,1.0,2140000.0,1.0,0.0
1554961.2,12.0,35.0,2300000.0,1000000.0,122316.0,9.0,7.0,0.0,0.0,1561739.0,1.0,0.0
1101067.2,10.0,39.0,5000000.0,2538000.0,96601.0,5.0,3.0,0.0,2.0,1000000.0,0.0,1.0
3942000.0,36.0,22.0,1580000.0,180000.0,146432.0,3.0,0.0,2.0,0.0,1281187.0,1.0,0.0
824113.2,10.0,38.0,1500000.0,800000.0,70191.0,3.0,2.0,0.0,0.0,1389512.0,1.0,0.0
538560.0,6.0,32.0,908526.0,127000.0,80664.0,1.0,0.0,0.0,0.0,794106.0,0.0,1.0
2354059.1999999997,10.0,45.0,2000000.0,1300000.0,200185.0,4.0,2.0,0.0,2.0,939017.0,0.0,1.0
4640400.0,6.0,32.0,5324000.0,1263000.0,710530.0,1.0,1.0,0.0,0.0,4916411.0,1.0,0.0
842922.0,6.0,47.0,2500000.0,1000000.0,125396.0,9.0,6.0,0.0,1.0,2991604.0,1.0,0.0
1604400.0,3.0,32.0,5000000.0,2000000.0,426107.0,13.0,3.0,0.0,9.0,1817052.0,0.0,1.0
1134363.5999999999,9.0,36.0,2000000.0,800000.0,106295.0,9.0,2.0,1.0,5.0,816151.0,0.0,1.0
1397761.2,12.0,41.0,1600000.0,500000.0,97067.0,9.0,6.0,0.0,1.0,1210000.0,0.0,1.0
2921880.0,12.0,63.0,8000000.0,5000000.0,230977.0,5.0,3.0,0.0,0.0,1873425.0,0.0,1.0
1540664.4,10.0,68.0,3000000.0,1500000.0,131015.0,9.0,7.0,0.0,1.0,1210000.0,0.0,1.0
1132800.0,6.0,58.0,3120000.0,2310000.0,170524.0,7.0,1.0,1.0,3.0,1210000.0,0.0,1.0
1498992.0,5.0,44.0,10000000.0,5000000.0,243182.0,13.0,7.0,0.0,1.0,1347811.0,1.0,0.0
1200000.0,6.0,37.0,2500000.0,600000.0,178233.0,8.0,3.0,0.0,3.0,1245281.0,1.0,0.0
5297521.2,12.0,49.0,1900000.0,600000.0,367883.0,7.0,2.0,0.0,2.0,1800171.0,1.0,0.0
1809478.8,10.0,46.0,2900000.0,500000.0,168734.0,7.0,4.0,0.0,0.0,1282148.0,1.0,0.0
1829658.0,9.0,54.0,3200000.0,2000000.0,171120.0,4.0,3.0,0.0,0.0,954263.0,1.0,0.0
1680000.0,12.0,39.0,2800000.0,500000.0,132383.0,8.0,3.0,1.0,3.0,1311570.0,1.0,0.0
8274999.6,12.0,33.0,3500000.0,1200000.0,647149.0,3.0,0.0,1.0,1.0,2196945.0,0.0,1.0
2253120.0,12.0,67.0,1000000.0,600000.0,156467.0,6.0,2.0,0.0,3.0,908526.0,1.0,0.0
1176000.0,8.0,69.0,2000000.0,500000.0,133770.0,10.0,2.0,1.0,4.0,923771.0,1.0,0.0
876960.0,6.0,45.0,4630000.0,409000.0,131337.0,10.0,2.0,0.0,8.0,3789205.0,1.0,0.0
2249640.0,12.0,51.0,2100000.0,200000.0,176961.0,5.0,2.0,0.0,1.0,925157.0,1.0,0.0
3216000.0,36.0,26.0,2800000.0,1500000.0,104097.0,2.0,0.0,2.0,0.0,980657.0,0.0,1.0
1344000.0,12.0,26.0,4000000.0,1500000.0,105517.0,4.0,1.0,0.0,2.0,635969.0,0.0,1.0
712680.0,6.0,28.0,6000000.0,2500000.0,105780.0,17.0,10.0,2.0,2.0,3622577.0,1.0,0.0
1247460.0,6.0,66.0,3000000.0,1000000.0,184961.0,2.0,2.0,0.0,0.0,908526.0,0.0,1.0
2030527.2,20.0,33.0,3500000.0,0.0,101497.0,3.0,2.0,0.0,1.0,1210000.0,1.0,0.0
2509080.0,8.0,34.0,2500000.0,1000000.0,286067.0,3.0,1.0,0.0,1.0,100000.0,0.0,1.0
679200.0,6.0,30.0,2000000.0,1000000.0,100943.0,6.0,2.0,1.0,1.0,824929.0,0.0,1.0
1897920.0,6.0,68.0,10980000.0,2586000.0,285701.0,10.0,8.0,0.0,0.0,4321478.0,1.0,0.0
2383545.6,11.0,43.0,4500000.0,2300000.0,185658.0,6.0,2.0,0.0,2.0,925157.0,1.0,0.0
1121760.0,6.0,46.0,3900000.0,1000000.0,167440.0,5.0,2.0,0.0,1.0,1210000.0,0.0,1.0
1872480.0,12.0,37.0,7500000.0,0.0,130033.0,8.0,6.0,0.0,0.0,6958333.0,1.0,0.0
2473461.6,6.0,61.0,2000000.0,800000.0,366454.0,2.0,1.0,1.0,0.0,1210000.0,0.0,1.0
3069000.0,18.0,53.0,3600000.0,1000000.0,169054.0,8.0,6.0,0.0,1.0,1210000.0,1.0,0.0
1348560.0,6.0,35.0,1470000.0,300000.0,200435.0,0.0,0.0,0.0,0.0,1210000.0,0.0,1.0
4659840.0,24.0,33.0,5000000.0,2000000.0,202991.0,7.0,6.0,0.0,0.0,4635937.0,1.0,0.0
1269000.0,2.0,30.0,5000000.0,2000000.0,500578.0,8.0,1.0,1.0,2.0,1210000.0,0.0,1.0
490041.6,6.0,24.0,1860000.0,381000.0,75009.0,2.0,2.0,0.0,0.0,1081667.0,1.0,0.0
3925680.0,10.0,31.0,8000000.0,3500000.0,362496.0,9.0,6.0,0.0,0.0,4727904.0,1.0,0.0
2126478.0,6.0,65.0,2000000.0,200000.0,316146.0,8.0,5.0,0.0,0.0,1833333.0,1.0,0.0
1113360.0,6.0,42.0,4000000.0,1200000.0,154633.0,11.0,10.0,0.0,1.0,3428000.0,1.0,0.0
2191020.0,8.0,44.0,3900000.0,800000.0,248289.0,3.0,1.0,0.0,2.0,3937730.0,1.0,0.0
2870398.8,10.0,55.0,2026000.0,0.0,253134.0,0.0,0.0,0.0,0.0,1210000.0,0.0,1.0
3655920.0,6.0,43.0,17440000.0,2893000.0,556848.0,13.0,9.0,0.0,2.0,11238842.0,1.0,0.0
804000.0,6.0,36.0,4000000.0,2000000.0,119606.0,7.0,6.0,0.0,1.0,3466337.0,1.0,0.0
1492560.0,6.0,66.0,3050000.0,2912000.0,227338.0,6.0,0.0,2.0,1.0,1210000.0,1.0,0.0
1936800.0,6.0,38.0,2331000.0,0.0,299720.0,3.0,2.0,0.0,0.0,1210000.0,1.0,0.0
3005361.6,10.0,45.0,3000000.0,2000000.0,255570.0,6.0,2.0,2.0,2.0,1210000.0,1.0,0.0
2373600.0,18.0,37.0,1200000.0,500000.0,131126.0,5.0,1.0,0.0,4.0,1210000.0,0.0,1.0
1200000.0,12.0,40.0,4000000.0,2000000.0,93980.0,1.0,0.0,0.0,1.0,454263.0,1.0,0.0
2311080.0,6.0,41.0,1760000.0,140000.0,347860.0,5.0,3.0,0.0,1.0,1389186.0,1.0,0.0
2860207.1999999997,11.0,54.0,3100000.0,2000000.0,224058.0,2.0,1.0,0.0,1.0,1000000.0,1.0,0.0
1556280.0,12.0,40.0,17407000.0,9800000.0,122268.0,8.0,7.0,0.0,0.0,10067893.0,1.0,0.0
4639200.0,36.0,53.0,5150000.0,280000.0,173449.0,6.0,3.0,0.0,0.0,1210000.0,0.0,1.0
1919760.0,18.0,45.0,4000000.0,1000000.0,106065.0,7.0,5.0,0.0,0.0,1210000.0,1.0,0.0
1612800.0,6.0,57.0,3850000.0,394000.0,242388.0,6.0,2.0,0.0,1.0,1456672.0,1.0,0.0
1721160.0,18.0,36.0,1520000.0,0.0,79683.0,0.0,0.0,0.0,0.0,1000000.0,1.0,0.0
3825480.0,10.0,65.0,3500000.0,7000000.0,354369.0,8.0,5.0,1.0,0.0,3286300.0,1.0,0.0
1633200.0,6.0,49.0,3500000.0,1800000.0,244594.0,6.0,2.0,0.0,4.0,946640.0,1.0,0.0
1049242.8,9.0,21.0,1500000.0,600000.0,98319.0,5.0,2.0,0.0,1.0,656851.0,1.0,0.0
655200.0,8.0,36.0,3000000.0,800000.0,74342.0,6.0,2.0,0.0,1.0,2079000.0,1.0,0.0
560940.0,8.0,39.0,4000000.0,800000.0,63537.0,9.0,4.0,1.0,1.0,4995361.0,1.0,0.0
2200681.1999999997,8.0,52.0,2500000.0,350000.0,250038.0,5.0,2.0,0.0,2.0,1537570.0,1.0,0.0
1921482.0,10.0,48.0,2000000.0,1000000.0,163999.0,6.0,2.0,0.0,1.0,1210000.0,1.0,0.0
3305520.0,12.0,52.0,14000000.0,6000000.0,259373.0,12.0,10.0,0.0,0.0,14976995.0,1.0,0.0
2400000.0,6.0,30.0,2550000.0,400000.0,356709.0,3.0,2.0,1.0,0.0,728889.0,1.0,0.0
2120281.1999999997,12.0,32.0,3600000.0,1200000.0,147242.0,5.0,4.0,0.0,0.0,3748566.0,1.0,0.0
455290.8,6.0,34.0,900000.0,300000.0,67685.0,2.0,1.0,0.0,1.0,1210000.0,0.0,1.0
2015880.0,12.0,31.0,2500000.0,1200000.0,139992.0,7.0,4.0,0.0,1.0,954263.0,1.0,0.0
2388523.1999999997,11.0,51.0,5000000.0,2000000.0,185515.0,11.0,7.0,0.0,0.0,905965.0,0.0,1.0
3116400.0,12.0,22.0,1500000.0,200000.0,244025.0,6.0,1.0,0.0,3.0,908526.0,0.0,1.0
954000.0,6.0,27.0,1800000.0,400000.0,141928.0,4.0,0.0,0.0,4.0,916841.0,0.0,1.0
1173600.0,6.0,34.0,1200000.0,200000.0,174192.0,2.0,1.0,0.0,1.0,1463350.0,1.0,0.0
4020848.4,2.0,33.0,12000000.0,5000000.0,1585623.0,6.0,5.0,0.0,0.0,2181818.0,0.0,1.0
2580000.0,24.0,40.0,2562000.0,580000.0,122908.0,7.0,5.0,0.0,0.0,1875424.0,1.0,0.0
3276706.8,11.0,44.0,2205000.0,800000.0,255228.0,4.0,2.0,0.0,1.0,1008333.0,1.0,0.0
1653600.0,6.0,45.0,4500000.0,900000.0,247649.0,0.0,0.0,0.0,0.0,877778.0,0.0,1.0
1259974.8,12.0,50.0,3000000.0,1400000.0,99153.0,8.0,0.0,1.0,3.0,1210000.0,1.0,0.0
1207094.4,8.0,59.0,1400000.0,450000.0,137900.0,6.0,0.0,0.0,6.0,933473.0,1.0,0.0
2966400.0,12.0,52.0,3000000.0,1000000.0,232891.0,5.0,2.0,2.0,0.0,2688338.0,0.0,1.0
6333012.0,10.0,38.0,44707750.0,8000000.0,539112.0,24.0,16.0,0.0,0.0,28878675.0,1.0,0.0
1657200.0,6.0,31.0,2500000.0,1000000.0,245971.0,1.0,0.0,0.0,0.0,836601.0,0.0,1.0
1401600.0,12.0,27.0,2500000.0,100000.0,110024.0,3.0,0.0,0.0,3.0,1210000.0,0.0,1.0
2835600.0,12.0,32.0,1200000.0,500000.0,221391.0,3.0,0.0,1.0,1.0,1459560.0,1.0,0.0
7509038.399999999,10.0,27.0,4000000.0,1000000.0,637550.0,3.0,1.0,0.0,1.0,921593.0,0.0,1.0
3343200.0,12.0,51.0,3500000.0,1000000.0,262330.0,11.0,5.0,2.0,3.0,1210000.0,1.0,0.0
878880.0,3.0,46.0,5000000.0,2000000.0,233419.0,12.0,7.0,0.0,3.0,1000000.0,0.0,1.0
1235880.0,6.0,59.0,2500000.0,1000000.0,183436.0,5.0,3.0,0.0,0.0,908526.0,0.0,1.0
1269000.0,3.0,61.0,5000000.0,2000000.0,336766.0,11.0,5.0,2.0,3.0,1210000.0,0.0,1.0
4367400.0,12.0,27.0,1500000.0,600000.0,343122.0,4.0,1.0,2.0,1.0,971840.0,1.0,0.0
3600000.0,6.0,59.0,5000000.0,2000000.0,535184.0,8.0,6.0,0.0,2.0,1210000.0,1.0,0.0
1968000.0,6.0,37.0,3132000.0,690000.0,302740.0,4.0,0.0,1.0,1.0,1485497.0,1.0,0.0
4767078.0,11.0,53.0,3100000.0,1550000.0,373436.0,9.0,3.0,2.0,3.0,961885.0,1.0,0.0
878880.0,2.0,47.0,5000000.0,2000000.0,346536.0,7.0,2.0,1.0,2.0,923771.0,0.0,1.0
1701202.8,12.0,40.0,2100000.0,1000000.0,134481.0,3.0,1.0,1.0,1.0,2997521.0,1.0,0.0
970200.0,20.0,47.0,1000000.0,133000.0,49445.0,3.0,1.0,2.0,0.0,917787.0,1.0,0.0
1160115.5999999999,10.0,56.0,1600000.0,1000000.0,98396.0,1.0,0.0,0.0,0.0,1385606.0,1.0,0.0
1258800.0,12.0,28.0,1500000.0,600000.0,99193.0,3.0,1.0,0.0,1.0,1075000.0,1.0,0.0
3600000.0,24.0,44.0,4000000.0,1200000.0,157499.0,9.0,2.0,1.0,2.0,894760.0,0.0,1.0
6000000.0,36.0,37.0,4500000.0,250000.0,202520.0,8.0,2.0,1.0,3.0,1210000.0,0.0,1.0
2216280.0,10.0,50.0,11000000.0,6000000.0,206167.0,13.0,10.0,0.0,2.0,1656200.0,0.0,1.0
1742400.0,6.0,42.0,2040000.0,657000.0,264508.0,5.0,1.0,0.0,2.0,846666.0,1.0,0.0
1205568.0,24.0,40.0,3178000.0,475000.0,58675.0,7.0,2.0,3.0,2.0,1439733.0,1.0,0.0
1161660.0,6.0,35.0,2000000.0,200000.0,172530.0,6.0,3.0,0.0,0.0,594531.0,0.0,1.0
3035760.0,12.0,39.0,5000000.0,2000000.0,237750.0,3.0,2.0,0.0,0.0,1210000.0,0.0,1.0
1612800.0,6.0,43.0,2000000.0,800000.0,239763.0,3.0,2.0,0.0,1.0,1210000.0,0.0,1.0
1694845.2,6.0,43.0,15000000.0,1500000.0,252996.0,12.0,3.0,0.0,6.0,954263.0,1.0,0.0
827880.0,12.0,60.0,1200000.0,200000.0,64961.0,0.0,0.0,0.0,0.0,908526.0,1.0,0.0
2676000.0,24.0,34.0,2100000.0,286000.0,127457.0,8.0,4.0,0.0,4.0,800000.0,1.0,0.0
1610210.4,10.0,32.0,1800000.0,1000000.0,137432.0,3.0,2.0,0.0,0.0,2342014.0,0.0,1.0
3147751.1999999997,9.0,47.0,3500000.0,2500000.0,297168.0,3.0,1.0,0.0,0.0,3575000.0,0.0,1.0
4454400.0,24.0,26.0,1500000.0,700000.0,194430.0,3.0,0.0,1.0,1.0,605684.0,1.0,0.0
1895636.4,10.0,41.0,3000000.0,1500000.0,161201.0,9.0,7.0,0.0,2.0,881595.0,0.0,1.0
1709187.5999999999,4.0,122.0,95089176.0,1628602.0,348573.0,0.0,0.0,0.0,0.0,1210000.0,1.0,0.0
1845787.2,10.0,45.0,3000000.0,1400000.0,157209.0,6.0,3.0,0.0,3.0,6473478.0,1.0,0.0
1559760.0,6.0,62.0,3000000.0,1500000.0,232454.0,5.0,3.0,0.0,0.0,1210000.0,1.0,0.0
5351160.0,36.0,31.0,1600000.0,0.0,187842.0,6.0,3.0,0.0,1.0,963522.0,1.0,0.0
1518958.8,6.0,58.0,1763178.0,347000.0,228631.0,2.0,0.0,1.0,1.0,1210000.0,1.0,0.0
4940880.0,6.0,61.0,60000000.0,30000000.0,733822.0,16.0,9.0,1.0,1.0,1800710.0,0.0,1.0
2581592.4,9.0,35.0,4000000.0,2000000.0,241098.0,7.0,5.0,0.0,0.0,4834263.0,1.0,0.0
3781080.0,6.0,38.0,8000000.0,1500000.0,561210.0,15.0,5.0,0.0,3.0,1000000.0,0.0,1.0
3428887.1999999997,10.0,60.0,3022200.0,1522000.0,290822.0,11.0,10.0,0.0,1.0,4980000.0,0.0,1.0
1680000.0,18.0,35.0,1500000.0,500000.0,93809.0,6.0,0.0,1.0,5.0,1210000.0,1.0,0.0
1389240.0,6.0,29.0,2850000.0,1200000.0,206199.0,5.0,1.0,0.0,2.0,1143564.0,1.0,0.0
1631880.0,12.0,23.0,4500000.0,1000000.0,113325.0,9.0,5.0,0.0,1.0,1210000.0,0.0,1.0
1311600.0,6.0,61.0,3800000.0,1200000.0,197163.0,4.0,1.0,0.0,3.0,954263.0,0.0,1.0
1203000.0,6.0,25.0,2100000.0,614000.0,180182.0,4.0,3.0,0.0,1.0,908526.0,0.0,1.0
989318.3999999999,6.0,34.0,4000000.0,1500000.0,147679.0,4.0,4.0,0.0,0.0,3027893.0,1.0,0.0
7200000.0,12.0,49.0,5441600.0,3312000.0,500000.0,8.0,0.0,0.0,5.0,1210000.0,1.0,0.0
1777766.4,12.0,24.0,1900000.0,700000.0,141791.0,4.0,1.0,1.0,0.0,941789.0,1.0,0.0
2301525.6,9.0,34.0,1500000.0,900000.0,215663.0,1.0,0.0,0.0,0.0,908526.0,1.0,0.0
2665297.1999999997,11.0,31.0,3600000.0,2000000.0,207722.0,7.0,0.0,0.0,7.0,917304.0,1.0,0.0
1213532.4,11.0,62.0,5300000.0,3000000.0,103037.0,4.0,3.0,0.0,0.0,6812246.0,1.0,0.0
3600000.0,8.0,38.0,3900000.0,1000000.0,408671.0,1.0,1.0,0.0,0.0,3473666.0,1.0,0.0
627190.7999999999,6.0,34.0,1000000.0,530000.0,94730.0,9.0,1.0,3.0,2.0,1127272.0,1.0,0.0
2024713.2,10.0,27.0,5230000.0,2042000.0,180399.0,12.0,4.0,3.0,5.0,2776220.0,1.0,0.0
4200000.0,12.0,26.0,2400000.0,500000.0,332994.0,5.0,1.0,0.0,2.0,2438706.0,1.0,0.0
3378909.6,11.0,35.0,3000000.0,1200000.0,263188.0,6.0,1.0,1.0,2.0,923771.0,1.0,0.0
719880.0,6.0,38.0,1000000.0,250000.0,106845.0,5.0,0.0,0.0,4.0,908526.0,1.0,0.0
3477756.0,12.0,63.0,9000000.0,4000000.0,273228.0,11.0,7.0,0.0,2.0,14129345.0,1.0,0.0
3066860.4,10.0,44.0,5000000.0,3000000.0,261758.0,16.0,11.0,0.0,1.0,4512879.0,1.0,0.0
2454360.0,36.0,27.0,1500000.0,800000.0,79088.0,1.0,0.0,0.0,1.0,1223341.0,1.0,0.0
2390280.0,12.0,57.0,2200000.0,300000.0,165992.0,4.0,1.0,0.0,1.0,917673.0,0.0,1.0
597600.0,8.0,68.0,1000000.0,200000.0,67780.0,9.0,3.0,0.0,6.0,908526.0,1.0,0.0
1040378.3999999999,6.0,37.0,1600000.0,625000.0,157937.0,8.0,1.0,2.0,3.0,867167.0,1.0,0.0
4569600.0,6.0,47.0,1700000.0,10411000.0,687810.0,11.0,8.0,0.0,1.0,1700000.0,0.0,1.0
841800.0,3.0,36.0,5000000.0,2000000.0,223353.0,5.0,3.0,0.0,1.0,923771.0,0.0,1.0
1711081.2,12.0,39.0,7000000.0,4000000.0,118825.0,12.0,4.0,3.0,1.0,1200000.0,0.0,1.0
971881.2,12.0,35.0,2000000.0,700000.0,67492.0,9.0,4.0,0.0,3.0,1393167.0,1.0,0.0
1183200.0,6.0,56.0,1300000.0,400000.0,175737.0,8.0,3.0,0.0,0.0,1641225.0,1.0,0.0
1494840.0,12.0,29.0,2860000.0,1401000.0,121071.0,8.0,4.0,0.0,2.0,3819172.0,1.0,0.0
1367880.0,12.0,55.0,2800000.0,1300000.0,94992.0,10.0,5.0,0.0,1.0,1565501.0,0.0,1.0
3042000.0,6.0,36.0,3000000.0,800000.0,452563.0,11.0,7.0,1.0,1.0,884361.0,1.0,0.0
1080000.0,6.0,56.0,5000000.0,3000000.0,160409.0,3.0,2.0,0.0,0.0,45427.0,1.0,0.0
821208.0,2.0,39.0,4000000.0,1000000.0,323939.0,8.0,4.0,0.0,2.0,939017.0,1.0,0.0
1783080.0,12.0,25.0,1900000.0,800000.0,140318.0,2.0,0.0,0.0,1.0,829784.0,0.0,1.0
4282321.2,12.0,45.0,2500000.0,900000.0,336438.0,4.0,1.0,0.0,1.0,1210000.0,0.0,1.0
1382756.4,7.0,62.0,4500000.0,3000000.0,163360.0,6.0,3.0,1.0,0.0,1210000.0,1.0,0.0
3095041.1999999997,10.0,55.0,4500000.0,2000000.0,286403.0,8.0,1.0,3.0,3.0,4967422.0,1.0,0.0
1106829.5999999999,10.0,39.0,1500000.0,800000.0,94123.0,16.0,9.0,0.0,4.0,2874792.0,1.0,0.0
8400000.0,36.0,53.0,4000000.0,1000000.0,272430.0,7.0,7.0,0.0,0.0,781581.0,0.0,1.0
1342186.8,9.0,28.0,2000000.0,1000000.0,125529.0,8.0,4.0,1.0,1.0,1518688.0,1.0,0.0
624000.0,6.0,44.0,1200000.0,500000.0,92996.0,6.0,4.0,0.0,1.0,800000.0,1.0,0.0
527400.0,6.0,29.0,2000000.0,700000.0,78277.0,5.0,2.0,0.0,2.0,1181715.0,1.0,0.0
1724580.0,8.0,42.0,2500000.0,900000.0,195340.0,10.0,4.0,0.0,1.0,1210000.0,1.0,0.0
2027918.4,9.0,30.0,5000000.0,1000000.0,189571.0,5.0,4.0,0.0,0.0,4250000.0,1.0,0.0
1620060.0,12.0,35.0,7500000.0,5000000.0,127279.0,4.0,3.0,0.0,0.0,1177805.0,0.0,1.0
3071880.0,12.0,32.0,4200000.0,1500000.0,243528.0,6.0,3.0,0.0,0.0,4420479.0,1.0,0.0
4022458.8,6.0,36.0,3970000.0,560000.0,608320.0,4.0,2.0,0.0,0.0,1000000.0,0.0,1.0
2697600.0,6.0,29.0,2100000.0,703000.0,405422.0,4.0,1.0,0.0,1.0,975000.0,1.0,0.0
692760.0,6.0,61.0,1000000.0,400000.0,102894.0,7.0,0.0,1.0,5.0,939017.0,1.0,0.0
3600000.0,6.0,37.0,10000000.0,2000000.0,537357.0,5.0,1.0,0.0,1.0,1210000.0,0.0,1.0
4594344.0,6.0,43.0,1000000.0,94000.0,681203.0,11.0,4.0,0.0,0.0,961885.0,1.0,0.0
674160.0,6.0,63.0,4600000.0,888000.0,101823.0,9.0,3.0,2.0,4.0,1210000.0,0.0,1.0
2305440.0,12.0,50.0,3000000.0,1000000.0,180900.0,7.0,3.0,2.0,1.0,4938479.0,1.0,0.0
8989300.799999999,9.0,122.0,582737000.0,383415000.0,842338.0,0.0,0.0,0.0,0.0,1210000.0,1.0,0.0
4728000.0,6.0,37.0,20000000.0,15000000.0,704623.0,7.0,4.0,0.0,1.0,762152.0,0.0,1.0
2639880.0,12.0,54.0,6000000.0,0.0,207744.0,8.0,2.0,0.0,0.0,1123000.0,1.0,0.0
1882717.2,10.0,27.0,1500000.0,800000.0,159683.0,6.0,2.0,0.0,0.0,921562.0,1.0,0.0
3173160.0,18.0,28.0,1000000.0,350000.0,177910.0,1.0,0.0,0.0,1.0,1382528.0,0.0,1.0
4200000.0,12.0,39.0,7342000.0,3119000.0,351617.0,7.0,5.0,0.0,2.0,9020878.0,1.0,0.0
3291000.0,6.0,37.0,13000000.0,6000000.0,489277.0,4.0,4.0,0.0,0.0,6249692.0,1.0,0.0
1950015.5999999999,24.0,43.0,3640000.0,937000.0,92896.0,7.0,3.0,0.0,3.0,1316725.0,1.0,0.0
1284000.0,10.0,42.0,2400000.0,1700000.0,119109.0,5.0,4.0,0.0,1.0,2765326.0,1.0,0.0
2518278.0,10.0,27.0,4500000.0,2000000.0,213813.0,3.0,2.0,0.0,0.0,916841.0,0.0,1.0
3734400.0,36.0,42.0,2100000.0,500000.0,122093.0,4.0,0.0,2.0,0.0,1728615.0,1.0,0.0
3535200.0,6.0,41.0,5000000.0,2000000.0,524115.0,6.0,4.0,0.0,0.0,1014545.0,0.0,1.0
4203478.8,10.0,55.0,4530000.0,2011000.0,361590.0,5.0,2.0,0.0,0.0,1210000.0,1.0,0.0
1200000.0,12.0,39.0,4200000.0,500000.0,94199.0,3.0,0.0,0.0,0.0,908526.0,1.0,0.0
538680.0,8.0,62.0,3500000.0,1200000.0,56086.0,11.0,3.0,0.0,7.0,916148.0,0.0,1.0
1498992.0,5.0,37.0,2800000.0,1000000.0,243464.0,25.0,10.0,3.0,7.0,1260000.0,0.0,1.0
3492840.0,6.0,30.0,9000000.0,2000000.0,518428.0,3.0,2.0,0.0,0.0,908526.0,0.0,1.0
964018.7999999999,8.0,30.0,2000000.0,700000.0,100675.0,3.0,1.0,0.0,2.0,941789.0,0.0,1.0
3130318.8,9.0,46.0,5000000.0,3000000.0,292345.0,9.0,4.0,1.0,3.0,30285.0,0.0,1.0
1029600.0,12.0,36.0,1700000.0,700000.0,80784.0,1.0,0.0,0.0,1.0,1269115.0,1.0,0.0
1235564.4,10.0,38.0,1700000.0,1300000.0,105070.0,4.0,3.0,0.0,1.0,1210000.0,1.0,0.0
1734000.0,6.0,28.0,2010000.0,0.0,260999.0,0.0,0.0,0.0,0.0,1210000.0,0.0,1.0
1835040.0,6.0,58.0,3390000.0,1395000.0,277515.0,7.0,5.0,1.0,0.0,2675488.0,1.0,0.0
9093808.799999999,9.0,122.0,12407808.0,52595970.0,880048.0,0.0,0.0,0.0,0.0,1210000.0,1.0,0.0
2040000.0,6.0,55.0,4000000.0,1500000.0,303391.0,3.0,2.0,0.0,0.0,1800000.0,1.0,0.0
753120.0,7.0,42.0,4000000.0,2000000.0,88871.0,5.0,1.0,0.0,2.0,817880.0,0.0,1.0
3010562.4,24.0,51.0,3700000.0,2000000.0,132316.0,7.0,3.0,0.0,1.0,1700000.0,1.0,0.0
1560000.0,6.0,43.0,1700000.0,300000.0,232475.0,4.0,0.0,0.0,4.0,916148.0,1.0,0.0
4660396.8,10.0,53.0,5000000.0,3000000.0,396311.0,6.0,4.0,0.0,0.0,933473.0,0.0,1.0
5685241.2,12.0,36.0,3000000.0,1000000.0,394808.0,5.0,3.0,0.0,0.0,1210000.0,0.0,1.0
3849600.0,6.0,59.0,50000000.0,45000000.0,574645.0,38.0,29.0,0.0,2.0,4654251.0,1.0,0.0
2068564.7999999998,10.0,26.0,2500000.0,1500000.0,175630.0,1.0,0.0,1.0,0.0,1034092.0,1.0,0.0
3048962.4,12.0,38.0,7000000.0,1500000.0,239962.0,8.0,4.0,1.0,0.0,6874777.0,1.0,0.0
3489120.0,6.0,40.0,4100000.0,212000.0,525177.0,5.0,4.0,0.0,0.0,1520269.0,0.0,1.0
3088912.8,5.0,59.0,2170000.0,0.0,504616.0,1.0,0.0,0.0,1.0,1210000.0,1.0,0.0
2095550.4,10.0,39.0,6000000.0,3000000.0,177921.0,8.0,8.0,0.0,0.0,5791666.0,1.0,0.0
5256960.0,24.0,41.0,2500000.0,700000.0,229002.0,10.0,4.0,0.0,2.0,706483.0,1.0,0.0
1119537.5999999999,8.0,45.0,4000000.0,2000000.0,117168.0,5.0,4.0,0.0,0.0,3440441.0,1.0,0.0
2160000.0,10.0,40.0,2000000.0,800000.0,199737.0,2.0,1.0,0.0,1.0,1210000.0,0.0,1.0
2652960.0,12.0,25.0,2000000.0,500000.0,208773.0,3.0,2.0,0.0,0.0,1241121.0,1.0,0.0
3016320.0,36.0,24.0,2250000.0,809000.0,112773.0,15.0,1.0,0.0,12.0,1002250.0,1.0,0.0
1890746.4,10.0,46.0,5500000.0,2800000.0,160617.0,9.0,7.0,1.0,0.0,5800575.0,1.0,0.0
2195880.0,12.0,49.0,1400000.0,500000.0,152492.0,1.0,1.0,0.0,0.0,1273094.0,1.0,0.0
1878000.0,6.0,40.0,2600000.0,350000.0,279204.0,15.0,7.0,1.0,4.0,3025421.0,1.0,0.0
4073940.0,6.0,42.0,2940000.0,1102000.0,612237.0,6.0,2.0,0.0,1.0,1800000.0,0.0,1.0
895752.0,6.0,67.0,1500000.0,250000.0,133044.0,7.0,5.0,0.0,0.0,1134999.0,1.0,0.0
2062680.0,6.0,32.0,4000000.0,1000000.0,307888.0,4.0,3.0,0.0,1.0,1315663.0,0.0,1.0
623880.0,10.0,34.0,1200000.0,400000.0,57731.0,8.0,8.0,0.0,0.0,923771.0,1.0,0.0
2578440.0,12.0,42.0,3500000.0,1590000.0,202308.0,11.0,7.0,1.0,1.0,908526.0,0.0,1.0
3600000.0,6.0,37.0,7000000.0,500000.0,535184.0,2.0,1.0,0.0,0.0,4140760.0,1.0,0.0
4102195.1999999997,10.0,45.0,5000000.0,2000000.0,348843.0,7.0,4.0,0.0,0.0,1210000.0,0.0,1.0
2696640.0,12.0,37.0,2400000.0,980000.0,211191.0,11.0,2.0,0.0,7.0,908526.0,1.0,0.0
2715120.0,6.0,30.0,6300000.0,3000000.0,377100.0,6.0,4.0,0.0,1.0,6906666.0,1.0,0.0
2129833.1999999997,11.0,35.0,7000000.0,5000000.0,166464.0,5.0,5.0,0.0,0.0,7891709.0,1.0,0.0
2239966.8,10.0,46.0,1200000.0,400000.0,208878.0,7.0,1.0,4.0,1.0,1275889.0,1.0,0.0
2674560.0,12.0,42.0,3500000.0,1000000.0,185733.0,5.0,2.0,0.0,1.0,1210000.0,1.0,0.0
5011135.2,9.0,54.0,4000000.0,3000000.0,469790.0,12.0,9.0,0.0,1.0,1300000.0,0.0,1.0
9600000.0,6.0,49.0,10000000.0,2000000.0,1426834.0,8.0,6.0,0.0,1.0,1210000.0,0.0,1.0
1380000.0,12.0,47.0,1300000.0,100000.0,108343.0,4.0,0.0,0.0,1.0,1333013.0,1.0,0.0
996000.0,12.0,35.0,2500000.0,800000.0,79439.0,5.0,4.0,0.0,1.0,1210000.0,0.0,1.0
1248000.0,24.0,25.0,1500000.0,600000.0,55309.0,1.0,0.0,1.0,0.0,941789.0,1.0,0.0
4387178.399999999,10.0,54.0,9140000.0,1990000.0,388891.0,8.0,6.0,0.0,1.0,1083333.0,1.0,0.0
3194160.0,36.0,35.0,10250000.0,6000000.0,104095.0,5.0,3.0,0.0,0.0,5812092.0,1.0,0.0
2138400.0,12.0,31.0,4000000.0,1900000.0,168002.0,9.0,4.0,0.0,3.0,1290796.0,0.0,1.0
1095360.0,6.0,46.0,4000000.0,1000000.0,164045.0,4.0,2.0,0.0,1.0,1210000.0,1.0,0.0
2183760.0,6.0,38.0,3000000.0,1250000.0,303300.0,4.0,1.0,0.0,1.0,908526.0,1.0,0.0
1183718.4,10.0,42.0,5000000.0,3000000.0,100503.0,15.0,9.0,0.0,2.0,1500000.0,0.0,1.0
1200000.0,6.0,50.0,3500000.0,900000.0,179717.0,4.0,1.0,0.0,2.0,1210000.0,0.0,1.0
